{"type":"FeatureCollection","features":[{"type":"Feature","properties":{"scalerank":4,"name":"Aldan"},"geometry":{"type":"LineString","coordinates":[[123.5662,56.5277],[123.5307,56.5243],[123.5136,56.5253],[123.4963,56.5306],[123.4629,56.5452],[123.4456,56.5499],[123.2291,56.5555],[123.2047,56.561],[123.1757,56.5643],[123.0918,56.5535],[123.0669,56.5574],[123.0571,56.5702],[123.0572,56.5893],[123.062,56.6122],[123.062,56.6477],[123.0657,56.6586],[123.0757,56.6695],[123.0876,56.6795],[123.0977,56.6907],[123.1021,56.7054],[123.1148,56.7248],[123.1401,56.7525],[123.1584,56.7781],[123.1504,56.7914],[123.1621,56.8041],[123.1703,56.8157],[123.1738,56.8288],[123.1677,56.9083],[123.1709,56.9207],[123.1796,56.9271],[123.1899,56.9324],[123.1977,56.9419],[123.199,56.9508],[123.1963,56.9588],[123.1926,56.966],[123.1909,56.973],[123.1944,56.9983],[123.204,57.0117],[123.2354,57.0347],[123.2636,57.0684],[123.2796,57.0814],[123.3214,57.0931],[123.3471,57.1094],[123.3662,57.1301],[123.3676,57.1497],[123.3609,57.1551],[123.353,57.1581],[123.3461,57.1621],[123.3433,57.171],[123.3501,57.1872],[123.3671,57.1937],[123.3872,57.1942],[123.4041,57.1927],[123.4286,57.1949],[123.4519,57.2045],[123.4932,57.2344],[123.5278,57.2661],[123.5416,57.2838],[123.5645,57.3274],[123.567,57.335],[123.568,57.3432],[123.5662,57.3469],[123.5611,57.3481],[123.5532,57.3491],[123.5401,57.3526],[123.5307,57.3591],[123.5264,57.3691],[123.5283,57.3831],[123.5344,57.3928],[123.5444,57.4011],[123.5768,57.4215],[123.5847,57.4298],[123.5991,57.4503],[123.6163,57.4678],[123.6215,57.4779],[123.6171,57.4897],[123.6012,57.4993],[123.5793,57.5021],[123.5226,57.4985],[123.5074,57.5001],[123.4973,57.5069],[123.4985,57.5218],[123.5068,57.5333],[123.5299,57.5508],[123.5387,57.5616],[123.5413,57.5697],[123.5401,57.577],[123.5283,57.6022],[123.5256,57.6129],[123.5256,57.6237],[123.5291,57.635],[123.5327,57.6409],[123.5475,57.6561],[123.562,57.6751],[123.5675,57.6763],[123.5698,57.6835],[123.5752,57.689],[123.5821,57.6931],[123.5891,57.696],[123.5968,57.6981],[123.6026,57.6981],[123.6079,57.6962],[123.7009,57.6459],[123.7139,57.6426],[123.7223,57.6428],[123.7307,57.6443],[123.7467,57.65],[123.7517,57.6531],[123.7639,57.6652],[123.7675,57.6674],[123.7748,57.6706],[123.7783,57.6726],[123.7866,57.6802],[123.8054,57.7088],[123.8303,57.7331],[123.8364,57.7426],[123.8394,57.7531],[123.8383,57.7623],[123.8338,57.7706],[123.8209,57.788],[123.8108,57.8077],[123.8045,57.8159],[123.797,57.8209],[123.7793,57.8299],[123.7703,57.8363],[123.7598,57.8491],[123.7544,57.8637],[123.754,57.8791],[123.7594,57.8946],[123.734,57.9023],[123.7202,57.9082],[123.7117,57.9151],[123.706,57.9284],[123.7097,57.9344],[123.7178,57.9393],[123.7254,57.9493],[123.7307,57.9636],[123.7288,57.9659],[123.7254,57.9766],[123.7147,57.9913],[123.7117,57.9977],[123.7104,58.0135],[123.7136,58.0269],[123.7455,58.1006],[123.7588,58.1232],[123.776,58.1425],[123.7931,58.1544],[123.8119,58.1627],[123.8517,58.1741],[123.916,58.181],[123.9299,58.1854],[123.9378,58.1947],[123.9503,58.2191],[123.9654,58.2315],[123.9834,58.2363],[124.0025,58.239],[124.0208,58.2447],[123.9859,58.2664],[123.973,58.2794],[124.0009,58.2916],[124.0216,58.3204],[124.037,58.3267],[124.0439,58.3253],[124.0636,58.3157],[124.0699,58.3142],[124.0757,58.3138],[124.0878,58.3146],[124.1043,58.3138],[124.1362,58.3065],[124.1524,58.3048],[124.167,58.3063],[124.1943,58.3131],[124.2568,58.3176],[124.2719,58.3222],[124.2927,58.3335],[124.3115,58.349],[124.3245,58.3685],[124.3291,58.392],[124.3276,58.4051],[124.3259,58.4114],[124.3237,58.4175],[124.3132,58.4331],[124.3115,58.4388],[124.3151,58.4615],[124.3297,58.4764],[124.3692,58.4986],[124.3793,58.5079],[124.3831,58.5168],[124.3829,58.5399],[124.3852,58.5513],[124.3901,58.5615],[124.437,58.6144],[124.4446,58.6283],[124.4719,58.6472],[124.4835,58.6573],[124.4932,58.6693],[124.4998,58.6929],[124.5068,58.705],[124.521,58.7102],[124.5576,58.718],[124.6231,58.7512],[124.6575,58.7574],[124.676,58.7537],[124.7095,58.7404],[124.7293,58.7376],[124.747,58.7418],[124.7568,58.7521],[124.7673,58.7791],[124.7734,58.8028],[124.7792,58.812],[124.794,58.8201],[124.8145,58.8225],[124.8767,58.8065],[124.9083,58.8087],[124.9543,58.8192],[124.9959,58.836],[125.0138,58.8574],[125.0226,58.8878],[125.0449,58.9007],[125.11,58.9157],[125.1261,58.923],[125.1397,58.9316],[125.1487,58.9425],[125.151,58.9567],[125.1451,58.9681],[125.1362,58.9747],[125.1321,58.9818],[125.1409,58.9948],[125.1558,59.0065],[125.2056,59.0289],[125.2211,59.0329],[125.2364,59.031],[125.2778,59.0167],[125.2891,59.016],[125.3002,59.0175],[125.312,59.0209],[125.3307,59.0295],[125.353,59.0446],[125.3674,59.0633],[125.3622,59.0825],[125.357,59.0867],[125.3139,59.1099],[125.3028,59.1182],[125.2963,59.128],[125.2964,59.1418],[125.3047,59.1523],[125.3169,59.1601],[125.3293,59.1658],[125.3408,59.1734],[125.3491,59.1845],[125.3512,59.197],[125.3452,59.2091],[125.3397,59.2134],[125.3269,59.2207],[125.3213,59.2257],[125.3163,59.2322],[125.3124,59.2394],[125.3071,59.255],[125.3037,59.2711],[125.3037,59.2867],[125.3079,59.3013],[125.3174,59.3146],[125.3456,59.3307],[125.3753,59.3292],[125.4038,59.316],[125.4535,59.2819],[125.479,59.2766],[125.5524,59.2742],[125.5703,59.2705],[125.5869,59.2639],[125.6017,59.2534],[125.6265,59.2217],[125.6349,59.2143],[125.6445,59.2083],[125.6873,59.1874],[125.7056,59.1743],[125.7602,59.1214],[125.7837,59.1115],[125.8801,59.0904],[125.9751,59.0533],[126.0039,59.0479],[126.0959,59.0513],[126.1267,59.0454],[126.157,59.0338],[126.2329,58.9912],[126.2433,58.9835],[126.2522,58.9738],[126.2659,58.9527],[126.2744,58.943],[126.3015,58.9284],[126.3317,58.9244],[126.3633,58.9242],[126.3936,58.9205],[126.4662,58.897],[126.4793,58.8903],[126.5094,58.8693],[126.5284,58.8601],[126.5693,58.8474],[126.5888,58.8448],[126.6109,58.8453],[126.6327,58.8485],[126.6837,58.8638],[126.6958,58.8641],[126.718,58.8578],[126.7573,58.835],[126.7793,58.8276],[126.8489,58.8267],[126.8718,58.8237],[126.8825,58.8187],[126.8984,58.8043],[126.9101,58.7994],[126.9209,58.7985],[126.9547,58.8013],[126.9783,58.7993],[127.0322,58.7818],[127.041,58.7772],[127.0503,58.7689],[127.074,58.7376],[127.0986,58.7236],[127.1272,58.7216],[127.1565,58.7276],[127.1944,58.742],[127.219,58.7552],[127.2276,58.7634],[127.2333,58.7757],[127.2412,58.802],[127.2501,58.8129],[127.2625,58.8186],[127.2772,58.821],[127.3373,58.8211],[127.3531,58.8187],[127.3673,58.8142],[127.4037,58.7881],[127.4182,58.7825],[127.4334,58.7811],[127.4937,58.7865],[127.5073,58.7893],[127.5205,58.7939],[127.5332,58.8012],[127.5457,58.8124],[127.5776,58.8507],[127.6045,58.8623],[127.6335,58.859],[127.6878,58.8341],[127.7122,58.8193],[127.7247,58.8135],[127.739,58.8107],[127.7526,58.8126],[127.7772,58.8232],[127.7901,58.8254],[127.8136,58.8132],[127.8186,58.7862],[127.8165,58.7547],[127.8193,58.7288],[127.8608,58.7416],[127.8748,58.7402],[127.8888,58.7337],[127.9015,58.7244],[127.9122,58.7127],[127.9189,58.6993],[127.9367,58.6768],[127.9644,58.6758],[128.0215,58.6979],[128.0318,58.7046],[128.0381,58.7132],[128.0534,58.7574],[128.0631,58.7776],[128.0763,58.7954],[128.0945,58.8101],[128.1209,58.8201],[128.1513,58.8233],[128.2389,58.8184],[128.2656,58.8106],[128.2778,58.8028],[128.2834,58.7932],[128.2901,58.7683],[128.3054,58.7459],[128.3274,58.7337],[128.3502,58.7354],[128.3686,58.7552],[128.3782,58.7763],[128.3849,58.7845],[128.3955,58.7909],[128.4076,58.7961],[128.4137,58.8009],[128.4155,58.8082],[128.4145,58.8211],[128.4194,58.8434],[128.4363,58.8548],[128.4592,58.8567],[128.4813,58.8501],[128.4946,58.8378],[128.5007,58.822],[128.5046,58.8048],[128.5108,58.7881],[128.5312,58.7543],[128.54,58.7342],[128.5392,58.7202],[128.5338,58.6993],[128.5547,58.6917],[128.6441,58.6895],[128.6621,58.6854],[128.6759,58.6784],[128.6806,58.6734],[128.6889,58.6612],[128.7035,58.6446],[128.7073,58.6386],[128.7104,58.6312],[128.7133,58.6155],[128.7136,58.5836],[128.7162,58.5685],[128.7239,58.5585],[128.7356,58.5551],[128.8585,58.5498],[128.9135,58.5371],[128.9671,58.5398],[128.9915,58.5377],[129.0152,58.531],[129.0625,58.5091],[129.0913,58.5047],[129.148,58.5065],[129.1777,58.5124],[129.2932,58.5513],[129.3547,58.5594],[129.4046,58.5579],[129.473,58.5432],[129.4932,58.5412],[129.512,58.5372],[129.5418,58.5196],[129.5636,58.5142],[129.6266,58.5078],[129.687,58.4837],[129.7426,58.4803],[129.793,58.4963],[129.8918,58.5419],[130.0073,58.5748],[130.022,58.5814],[130.0371,58.5929],[130.0702,58.6337],[130.0851,58.6447],[130.1211,58.6558],[130.1637,58.658],[130.2064,58.6528],[130.242,58.6413],[130.2862,58.6186],[130.304,58.614],[130.3862,58.614],[130.5034,58.598],[130.5442,58.6004],[130.5742,58.611],[130.5982,58.6291],[130.6142,58.6524],[130.6199,58.6792],[130.6177,58.691],[130.6079,58.7106],[130.6045,58.7262],[130.6021,58.7293],[130.5999,58.7313],[130.5987,58.7342],[130.5993,58.7525],[130.5987,58.7574],[130.5769,58.8032],[130.5776,58.8201],[130.5987,58.8365],[130.6294,58.85],[130.6431,58.858],[130.6572,58.8707],[130.6738,58.8806],[130.6943,58.8826],[130.7359,58.8815],[130.8472,58.9049],[131.0061,58.9179],[131.0439,58.9287],[131.0876,58.9529],[131.106,58.9567],[131.1267,58.9558],[131.1754,58.9466],[131.1949,58.9396],[131.2024,58.933],[131.2115,58.9213],[131.2192,58.9085],[131.2295,58.8809],[131.2452,58.8798],[131.2634,58.8874],[131.3059,58.9117],[131.3169,58.9219],[131.3251,58.9361],[131.3225,58.9632],[131.3276,58.9757],[131.3455,58.974],[131.4243,58.9435],[131.4653,58.935],[131.5032,58.9361],[131.5318,58.9504],[131.5503,58.9712],[131.571,58.9901],[131.6063,58.9982],[131.627,58.9949],[131.6668,58.9804],[131.6881,58.9771],[131.709,58.9812],[131.7212,58.9908],[131.7309,59.0021],[131.7433,59.0113],[131.7689,59.0159],[131.7947,59.0147],[131.8196,59.0169],[131.8417,59.0319],[131.8638,59.0585],[131.8765,59.0687],[131.8933,59.0758],[131.9216,59.0817],[131.9355,59.0867],[131.9465,59.0952],[131.9519,59.1087],[131.949,59.1229],[131.9431,59.1373],[131.9395,59.1517],[131.9516,59.1771],[131.9822,59.1865],[132.0801,59.182],[132.0953,59.1791],[132.1109,59.1724],[132.1265,59.163],[132.1416,59.156],[132.157,59.1551],[132.1734,59.1638],[132.2057,59.1993],[132.2198,59.2084],[132.2363,59.2139],[132.2396,59.2143]]}},{"type":"Feature","properties":{"scalerank":9,"name":"Fen"},"geometry":{"type":"LineString","coordinates":[[112.0756,38.8613],[112.0772,38.8516],[112.0893,38.8228],[112.0967,38.7893],[112.1004,38.7833],[112.1047,38.7786],[112.1088,38.7717],[112.1104,38.7589],[112.1199,38.7384],[112.124,38.7263],[112.1204,38.721],[112.1153,38.7155],[112.1063,38.689],[112.1016,38.6688],[112.1004,38.6527],[112.0967,38.6452],[112.0893,38.6389],[112.0686,38.6281],[112.0127,38.5792],[112.0005,38.5633],[111.9982,38.559],[111.9947,38.5471],[111.9833,38.4603],[111.9631,38.4155],[111.8671,38.2849],[111.8496,38.2412],[111.8375,38.1859],[111.8374,38.1392],[111.8569,38.0972],[111.9043,38.0562],[111.9408,38.0377],[111.9526,38.0289],[111.9799,38.0028],[111.9956,37.9959],[112.0142,38.001],[112.0235,37.9832],[112.0405,37.9654],[112.0606,37.9518],[112.0996,37.9396],[112.148,37.9112],[112.1724,37.906],[112.2126,37.9252],[112.2341,37.9307],[112.2773,37.9344],[112.2965,37.9395],[112.3164,37.9479],[112.3369,37.96],[112.3508,37.9741],[112.3787,38.0084],[112.3942,38.0152],[112.4055,38.0139],[112.4155,38.0096],[112.4224,38.0021],[112.4251,37.991],[112.4298,37.9839],[112.4412,37.9804],[112.4548,37.9779],[112.4661,37.9737],[112.4924,37.9449],[112.5118,37.9051],[112.5235,37.8601],[112.5281,37.816],[112.5268,37.805],[112.5211,37.7862],[112.5206,37.7744],[112.5234,37.7642],[112.533,37.7429],[112.5349,37.7303],[112.5281,37.7103],[112.5115,37.6992],[112.473,37.6863],[112.4084,37.6462],[112.3976,37.6345],[112.3956,37.6253],[112.3901,37.6196],[112.3735,37.6074],[112.3706,37.5991],[112.3704,37.5628],[112.3609,37.5455],[112.3347,37.5189],[112.3225,37.4783],[112.3059,37.4606],[112.2681,37.4317],[112.2402,37.4022],[112.2263,37.3826],[112.2202,37.3673],[112.2183,37.3592],[112.213,37.3509],[112.2053,37.343],[112.1959,37.3353],[112.1587,37.3095],[112.1311,37.2751],[112.0862,37.2014],[112.0625,37.1724],[112.0478,37.1636],[112.0007,37.1473],[111.9647,37.1397],[111.919,37.1147],[111.9043,37.1035],[111.8572,37.0498],[111.8496,37.0386],[111.8425,37.0188],[111.8262,37.0035],[111.8079,36.9913],[111.795,36.9805],[111.7907,36.972],[111.7855,36.9529],[111.7813,36.9458],[111.7748,36.9409],[111.7585,36.9344],[111.7506,36.929],[111.7402,36.9097],[111.7462,36.8916],[111.7551,36.8723],[111.754,36.8496],[111.74,36.8382],[111.6953,36.8233],[111.6858,36.8123],[111.6825,36.8039],[111.6669,36.7801],[111.6565,36.7692],[111.6582,36.7558],[111.6653,36.7335],[111.6718,36.6148],[111.6749,36.61],[111.6866,36.6069],[111.6965,36.5988],[111.7031,36.5879],[111.7057,36.5759],[111.7026,36.5673],[111.6895,36.5448],[111.6858,36.5342],[111.686,36.5222],[111.6908,36.5011],[111.692,36.4902],[111.6897,36.4803],[111.6837,36.4702],[111.6763,36.4623],[111.6685,36.4592],[111.6616,36.4542],[111.6591,36.4425],[111.6576,36.4053],[111.6578,36.4046],[111.6565,36.3997],[111.6533,36.3956],[111.6515,36.3909],[111.6497,36.3776],[111.6544,36.325],[111.6597,36.3066],[111.6624,36.2899],[111.6578,36.2742],[111.6046,36.2231],[111.5995,36.2134],[111.5003,36.1308],[111.4942,36.1232],[111.49,36.1151],[111.4879,36.1053],[111.4856,36.0825],[111.481,36.0726],[111.4734,36.065],[111.4484,36.0583],[111.442,36.0494],[111.4382,36.038],[111.4325,36.0272],[111.4028,36.001],[111.3958,35.9837],[111.408,35.9626],[111.4126,35.9521],[111.4055,35.9302],[111.408,35.9217],[111.4192,35.9109],[111.4225,35.9046],[111.4059,35.828],[111.4046,35.805],[111.4111,35.7852],[111.4129,35.7731],[111.408,35.7678],[111.3997,35.7624],[111.3956,35.75],[111.3933,35.736],[111.3904,35.7261],[111.3557,35.6851],[111.3531,35.6783],[111.3169,35.6751],[111.2966,35.6699],[111.2879,35.661],[111.2844,35.6451],[111.2755,35.6309],[111.2632,35.6208],[111.2498,35.6169],[111.2296,35.6142],[111.2188,35.6071],[111.2022,35.5856],[111.1921,35.5758],[111.1863,35.5716],[111.1787,35.5685],[111.1675,35.5667],[111.1646,35.569],[111.1633,35.5729],[111.1582,35.576],[111.0886,35.5889],[110.99,35.5786],[110.959,35.5889],[110.9439,35.5793],[110.9212,35.5729],[110.7944,35.5616],[110.8007,35.5616],[110.7825,35.5579],[110.7678,35.5608],[110.7542,35.5658],[110.7393,35.5685],[110.7216,35.564],[110.7041,35.5538],[110.6778,35.5344],[110.5816,35.4819],[110.5549,35.4586]]}},{"type":"Feature","properties":{"scalerank":9,"name":"Yi"},"geometry":{"type":"LineString","coordinates":[[118.5034,36.1035],[118.5317,36.1212],[118.5479,36.128],[118.5617,36.1308],[118.5707,36.1262],[118.5903,36.104],[118.5996,36.0961],[118.5908,36.0686],[118.6066,36.0591],[118.6292,36.0552],[118.6406,36.0445],[118.6497,36.0358],[118.7095,36.0067],[118.7398,35.9831],[118.7522,35.968],[118.7573,35.949],[118.7609,35.923],[118.7713,35.9048],[118.7866,35.8907],[118.8252,35.8629],[118.8354,35.8494],[118.8391,35.8318],[118.8399,35.805],[118.8459,35.7932],[118.8594,35.784],[118.8713,35.7705],[118.874,35.746],[118.871,35.7364],[118.8626,35.7222],[118.8604,35.7125],[118.8609,35.7027],[118.8659,35.6868],[118.8682,35.6637],[118.8728,35.6441],[118.874,35.6115],[118.8585,35.5577],[118.8535,35.548],[118.8453,35.5422],[118.8339,35.5367],[118.8237,35.5291],[118.8193,35.517],[118.8145,35.5079],[118.7847,35.4791],[118.7817,35.4742],[118.7797,35.468],[118.7783,35.4614],[118.7778,35.4552],[118.7745,35.4519],[118.7676,35.451],[118.7603,35.4487],[118.7573,35.4412],[118.7529,35.4337],[118.7437,35.4279],[118.7343,35.4204],[118.73,35.4074],[118.7288,35.3924],[118.725,35.3843],[118.7095,35.3699],[118.6783,35.3321],[118.6657,35.3092],[118.668,35.2941],[118.6581,35.2807],[118.6493,35.2606],[118.6431,35.2393],[118.6406,35.2225],[118.6464,35.1984],[118.6475,35.188],[118.6448,35.1776],[118.6162,35.1229],[118.5755,35.0716],[118.5667,35.0664],[118.5564,35.0636],[118.5479,35.0596],[118.5425,35.0454],[118.5379,35.0426],[118.5322,35.0408],[118.5274,35.0378],[118.5234,35.0303],[118.5251,35.0245],[118.5287,35.0192],[118.5308,35.0135],[118.5376,34.8491],[118.5352,34.8403],[118.5317,34.8329],[118.5294,34.8251],[118.5308,34.815],[118.5366,34.8075],[118.5543,34.7975],[118.5676,34.7708],[118.5906,34.7674],[118.6406,34.7734],[118.6614,34.762],[118.668,34.7597],[118.6709,34.7607],[118.6802,34.7654],[118.685,34.7665],[118.7847,34.7665],[118.8005,34.7697],[118.8188,34.7689],[118.8372,34.7652],[118.8589,34.7574],[118.8635,34.7547],[118.8683,34.7513],[118.874,34.746],[118.8782,34.7395],[118.8877,34.7181],[118.9116,34.7071],[118.9404,34.7012],[119.017,34.6979],[119.0549,34.6889],[119.1411,34.6832],[119.1546,34.6846],[119.169,34.6885],[119.1786,34.6932],[119.2003,34.7138]]}},{"type":"Feature","properties":{"scalerank":9,"name":"Bogcang"},"geometry":{"type":"LineString","coordinates":[[85.7485,31.8679],[85.7507,31.8669]]}},{"type":"Feature","properties":{"scalerank":9,"name":"Bogcang"},"geometry":{"type":"LineString","coordinates":[[85.7507,31.8669],[85.7583,31.8632],[85.7706,31.8514],[85.7758,31.8475],[85.8111,31.8411],[85.8359,31.8285],[85.8555,31.8284],[85.8987,31.8332],[85.9334,31.8265],[85.9464,31.827],[85.9575,31.8313],[85.9804,31.8447],[85.9998,31.8494],[86.0241,31.8596],[86.0322,31.8645],[86.0429,31.8691],[86.0836,31.8679],[86.1039,31.8762],[86.1275,31.8977],[86.1489,31.9021],[86.1714,31.9],[86.4011,31.8161],[86.415,31.8131],[86.4331,31.8133],[86.4446,31.8168],[86.4533,31.8228],[86.4607,31.829],[86.4672,31.8332],[86.4783,31.8352],[86.4885,31.8347],[86.4985,31.8354],[86.5088,31.8406],[86.565,31.7985],[86.6343,31.7749],[86.7112,31.765],[86.7905,31.764],[86.8766,31.7661],[86.898,31.7706],[86.916,31.7826],[86.9309,31.7904],[86.9497,31.7898],[87.0083,31.7716],[87.0215,31.7618],[87.0466,31.7342],[87.0676,31.7263],[87.09,31.7344],[87.1257,31.7587],[87.188,31.7756],[87.2084,31.786],[87.2188,31.7971],[87.2322,31.8165],[87.2437,31.8386],[87.2486,31.858],[87.2569,31.8721],[87.2765,31.8842],[87.3001,31.8926],[87.3201,31.8959],[87.3853,31.8928],[87.4136,31.8872]]}},{"type":"Feature","properties":{"scalerank":9,"name":"Bogcang"},"geometry":{"type":"LineString","coordinates":[[85.7507,31.8669],[85.7546,31.8679]]}},{"type":"Feature","properties":{"scalerank":9,"name":"Bogcang"},"geometry":{"type":"LineString","coordinates":[[85.803,31.6556],[85.7677,31.657],[85.7341,31.6631],[85.7161,31.6697],[85.6884,31.6843],[85.6721,31.6898],[85.6261,31.6871],[85.6106,31.6898],[85.5629,31.7239],[85.5572,31.756],[85.5755,31.7777],[85.6041,31.7914],[85.6306,31.7996],[85.6626,31.8162],[85.7212,31.859],[85.7507,31.8669]]}},{"type":"Feature","properties":{"scalerank":9,"name":"Herlen"},"geometry":{"type":"LineString","coordinates":[[109.1349,48.6849],[109.1137,48.6844],[109.0972,48.6751],[109.0689,48.6466],[109.0332,48.6236],[109.0234,48.6138],[109.0171,48.6021],[109.0138,48.5921],[109.0095,48.583],[109.0005,48.5738],[108.9678,48.5573],[108.8555,48.5266],[108.8398,48.5185],[108.824,48.5078],[108.8119,48.4937],[108.804,48.4652],[108.7903,48.4502],[108.7871,48.4412],[108.7888,48.4316],[108.7916,48.4257],[108.7922,48.4182],[108.7871,48.4037],[108.7354,48.3354],[108.7173,48.3282],[108.7057,48.3109],[108.6909,48.2734],[108.6583,48.2169],[108.646,48.2017],[108.6358,48.13],[108.6363,48.1238],[108.6418,48.1144],[108.6426,48.1082],[108.6401,48.1039],[108.6355,48.0997],[108.6289,48.0952],[108.6078,48.0576],[108.6028,48.0459],[108.5908,48.0411],[108.5637,48.0406],[108.5508,48.0376],[108.542,48.0302],[108.5346,48.0211],[108.5259,48.0126],[108.5109,48.0015],[108.4978,47.9881],[108.4885,47.9706],[108.4849,47.9478],[108.4849,47.9136],[108.481,47.9002],[108.4635,47.8804],[108.4583,47.8692],[108.4712,47.8283],[108.4727,47.8153],[108.4712,47.7836],[108.4763,47.7742],[108.4861,47.7669],[108.4928,47.7593],[108.4883,47.7495],[108.4873,47.7442],[108.4865,47.7216],[108.4849,47.711],[108.4775,47.6943],[108.4409,47.6464],[108.4321,47.6398],[108.4219,47.6349],[108.4133,47.6289],[108.4099,47.6192],[108.4124,47.6065],[108.4252,47.5927],[108.4303,47.5812],[108.4287,47.5563],[108.4166,47.5403],[108.4028,47.5267],[108.3961,47.5093],[108.4009,47.4977],[108.412,47.4912],[108.4246,47.4869],[108.4341,47.482],[108.44,47.4746],[108.4596,47.43],[108.4712,47.41],[108.4788,47.4024],[108.5418,47.3579],[108.547,47.3516],[108.5484,47.3408],[108.5696,47.284],[108.5792,47.2722],[108.6114,47.2486],[108.6235,47.2346],[108.6656,47.1556],[108.6807,47.1169],[108.694,47.0981],[108.7266,47.0693],[108.7599,47.0468],[108.8384,47.0065],[108.9312,46.978],[108.9583,46.9761],[109.058,46.9898],[109.1001,47.0087],[109.1223,47.0128],[109.1386,47.0083],[109.1648,46.9896],[109.1807,46.9854],[109.1953,46.9838],[109.239,46.9717],[109.2456,46.9687],[109.2564,46.9611],[109.2664,46.9575],[109.2759,46.957],[109.2861,46.9581],[109.2962,46.9578],[109.316,46.9487],[109.3543,46.9464],[109.3687,46.9439],[109.4112,46.9133],[109.4274,46.909],[109.4439,46.9071],[109.4804,46.898],[109.499,46.8955],[109.6213,46.9031],[109.6499,46.8955],[109.671,46.9031],[109.7813,46.911],[109.8032,46.916],[109.9101,46.9553],[109.9451,46.9786],[109.9924,46.9894],[110.0137,46.9991],[110.0261,47.0148],[110.0368,47.035],[110.0503,47.0525],[110.0717,47.0599],[110.0932,47.0629],[110.1724,47.0957],[110.2139,47.1067],[110.315,47.1144],[110.4121,47.1404],[110.4346,47.1424],[110.4576,47.1483],[110.473,47.162],[110.4853,47.178],[110.4996,47.1909],[110.5419,47.2082],[110.5664,47.2153],[110.5857,47.2182],[110.5934,47.2271],[110.6231,47.2796],[110.6582,47.3062],[110.8533,47.3853],[110.8732,47.3895],[110.8867,47.3967],[110.9385,47.4448],[110.9791,47.4706],[111.023,47.4899],[111.0712,47.5019],[111.1689,47.5102],[111.3765,47.5613],[111.3939,47.5711],[111.4039,47.5743],[111.463,47.5748],[111.4878,47.5782],[111.5003,47.5812],[111.5274,47.5939],[111.5418,47.5955],[111.5547,47.5931],[111.5792,47.5834],[111.5927,47.5812],[111.6021,47.5832],[111.6119,47.5878],[111.627,47.5987],[111.6376,47.603],[111.6783,47.6018],[111.7219,47.6131],[111.7575,47.6342],[111.8224,47.6837],[111.864,47.7027],[112.0005,47.7321],[112.0574,47.7616],[112.0793,47.7657],[112.2307,47.7667],[112.2535,47.7719],[112.2715,47.7836],[112.2932,47.7943],[112.3224,47.7949],[112.3766,47.7874],[112.4898,47.7857],[112.7397,47.8145],[112.7818,47.8345],[112.9321,47.9444],[112.9688,47.9636],[113.0588,47.9903],[113.6967,48.0454],[113.7482,48.0406],[113.8894,48.011],[114.4902,48.0501],[114.5376,48.0642],[114.5888,48.0679],[114.6087,48.0718],[114.6274,48.0812],[114.6489,48.0986],[114.6659,48.1085],[114.7099,48.122],[114.7278,48.13],[114.8428,48.2083],[114.9329,48.2415],[114.9529,48.256],[114.9675,48.2992],[114.9834,48.3158],[115.0226,48.3416],[115.0553,48.3731],[115.0816,48.4102],[115.1399,48.5196],[115.1463,48.5266],[115.1812,48.5462],[115.1865,48.5508],[115.1946,48.5639],[115.214,48.5768],[115.2554,48.5955],[115.2852,48.6039],[115.3086,48.6037],[115.4156,48.5749],[115.435,48.5599],[115.4267,48.534],[115.4428,48.511],[115.44,48.4863],[115.4234,48.4664],[115.3725,48.4522],[115.3576,48.437],[115.3466,48.417],[115.3305,48.3968],[115.4341,48.2734],[115.4434,48.2547],[115.4541,48.2169],[115.4644,48.2017],[115.523,48.1541],[115.5366,48.1362],[115.5538,48.0969],[115.5669,48.0811],[115.588,48.0748],[115.6301,48.0764],[115.6533,48.0806],[115.6738,48.089],[115.6895,48.1033],[115.7013,48.1188],[115.7153,48.1312],[115.7385,48.1362],[115.7623,48.1378],[115.8098,48.1487],[115.8723,48.1772],[115.9214,48.1905],[115.9307,48.1945],[115.9376,48.1987],[115.9639,48.2097],[115.9717,48.2119],[115.9999,48.2341],[116.0095,48.2398],[116.0546,48.2524],[116.0948,48.2591],[116.1147,48.2679],[116.124,48.2891],[116.1331,48.3354],[116.1501,48.3678],[116.1753,48.3981],[116.205,48.4243],[116.2919,48.4744],[116.3071,48.4788],[116.3686,48.4894],[116.3776,48.4969],[116.3849,48.5059],[116.3931,48.5135],[116.4765,48.5607],[116.5224,48.5761],[116.5712,48.5819],[116.6848,48.575],[116.7016,48.5789],[116.7568,48.6092],[116.7964,48.6253],[116.9746,48.6571],[117.0142,48.6726],[117.0449,48.6991],[117.0579,48.7395],[117.0579,48.76]]}},{"type":"Feature","properties":{"scalerank":9,"name":null},"geometry":{"type":"LineString","coordinates":[[88.6538,48.1567],[88.655,48.1345],[88.643,48.0936],[88.6396,48.071],[88.6423,48.0596],[88.6519,48.0379],[88.6501,48.0301],[88.6423,48.0183],[88.6402,48.007],[88.6406,47.9961],[88.6396,47.9854],[88.6627,47.9741],[88.6703,47.9597],[88.6676,47.9427],[88.6602,47.9239],[88.6523,47.9038],[88.6464,47.8829],[88.6477,47.8793],[88.6513,47.8746],[88.6542,47.8689],[88.6538,47.8624],[88.6508,47.8574],[88.6396,47.8451],[88.6337,47.8419],[88.605,47.8415],[88.5952,47.8382],[88.5897,47.8279],[88.589,47.8178],[88.5918,47.8041],[88.601,47.7928],[88.6448,47.7697],[88.6602,47.7594],[88.6807,47.7293],[88.6983,47.6914],[88.7102,47.6508],[88.7148,47.6126],[88.7252,47.5955],[88.7495,47.583],[88.7763,47.5732],[88.7942,47.5642],[88.811,47.5508],[88.8508,47.5286],[88.873,47.5198],[88.8798,47.5267],[88.9312,47.501],[88.9419,47.4919],[88.9478,47.4971],[88.9679,47.5062],[88.9719,47.4783],[88.9907,47.4522],[89.0133,47.427],[89.03,47.4025],[89.0289,47.3867],[89.0421,47.3644],[89.0475,47.3426],[89.0232,47.3281],[89.0232,47.3206],[89.0336,47.3145],[89.0346,47.3091],[89.0317,47.3044],[89.03,47.3001],[89.0341,47.2825],[89.0331,47.2727],[89.0265,47.2626],[88.9939,47.2241],[88.989,47.2144],[88.9834,47.1976],[88.9703,47.1864],[88.9419,47.1697],[88.9126,47.1312],[88.9004,47.122]]}},{"type":"Feature","properties":{"scalerank":9,"name":null},"geometry":{"type":"LineString","coordinates":[[85.4325,30.0245],[85.4526,30.0369],[85.4795,30.0787],[85.4946,30.0934],[85.5192,30.0987],[85.543,30.0931],[85.5671,30.0843],[85.5938,30.0797],[85.605,30.0825],[85.6211,30.0955],[85.6306,30.0996],[85.6425,30.0997],[85.6638,30.0947],[85.6755,30.0934],[85.691,30.1036],[85.7022,30.1234],[85.7161,30.1365],[85.7403,30.1269],[85.8059,30.1599],[85.8234,30.1814],[85.8611,30.2176],[85.8782,30.2299],[85.9205,30.2391],[85.9389,30.2477],[85.9464,30.2681],[85.9511,30.2908],[85.9576,30.309],[85.9553,30.3247],[85.9327,30.3398],[85.8926,30.3493],[85.8774,30.3582],[85.8666,30.3959],[85.8551,30.4158],[85.7992,30.4827],[85.7803,30.4983],[85.7471,30.5123],[85.7312,30.5291],[85.7175,30.5474],[85.7061,30.5595],[85.6663,30.572],[85.5785,30.5657],[85.5357,30.5732],[85.5166,30.5825],[85.469,30.6155],[85.4519,30.6267],[85.4329,30.6363],[85.4108,30.6438],[85.3847,30.6483],[85.2971,30.6512],[85.2543,30.6579],[85.2128,30.6762],[85.2024,30.6864],[85.1913,30.7032],[85.1824,30.7225],[85.1786,30.7408],[85.1743,30.7525],[85.1557,30.7648],[85.1377,30.8128],[85.127,30.8317],[85.0894,30.8817],[85.1246,30.9466],[85.1309,30.9636],[85.1332,30.9908],[85.1358,31.0004],[85.1445,31.0114],[85.1528,31.0167],[85.1831,31.0294],[85.1961,31.0318],[85.2276,31.0318],[85.2417,31.0346],[85.2537,31.0488],[85.2826,31.0692],[85.292,31.0734],[85.3052,31.0713],[85.3252,31.062],[85.34,31.0598],[85.3757,31.0598],[85.3904,31.0538],[85.3984,31.0387]]}},{"type":"Feature","properties":{"scalerank":4,"name":"Shishhid Gol"},"geometry":{"type":"LineString","coordinates":[[99.4268,51.3487],[99.4114,51.3524],[99.3966,51.3594],[99.3811,51.3716],[99.3694,51.383],[99.3486,51.3982],[99.3257,51.4079],[99.3098,51.4104]]}},{"type":"Feature","properties":{"scalerank":4,"name":"Shishhid Gol"},"geometry":{"type":"LineString","coordinates":[[99.3098,51.4104],[99.301,51.4165],[99.2932,51.4172],[99.2813,51.4165],[99.2683,51.4179],[99.2568,51.4229],[99.2356,51.4358],[99.2234,51.4383],[99.1039,51.4452],[99.0864,51.4533],[99.0703,51.4648],[99.0519,51.4749],[98.9189,51.493],[98.9024,51.4933],[98.8412,51.4844],[98.6855,51.493],[98.6568,51.4887],[98.6087,51.4699],[98.5593,51.4613],[98.5488,51.4617],[98.5383,51.4693],[98.5292,51.4732],[98.5159,51.4727],[98.5025,51.4696],[98.4937,51.4656],[98.4878,51.4582],[98.4797,51.4379],[98.4732,51.4309],[98.4588,51.426],[98.4461,51.4265],[98.4185,51.4309],[98.3907,51.4286],[98.376,51.4256],[98.364,51.4213],[98.3491,51.4179],[98.3376,51.4224],[98.3155,51.4383],[98.2751,51.4514],[98.2651,51.4625],[98.2608,51.4656],[98.2546,51.4669],[98.2485,51.4661],[98.2427,51.4661],[98.2371,51.4693],[98.2201,51.4755],[98.1375,51.4862],[98.1109,51.4849],[98.0664,51.4696],[98.0449,51.4656],[98.0357,51.4702],[98.0377,51.481],[98.0444,51.4935],[98.0479,51.5032],[98.0422,51.5125],[98.0287,51.5152],[98.0003,51.5141]]}},{"type":"Feature","properties":{"scalerank":4,"name":"Shishhid Gol"},"geometry":{"type":"LineString","coordinates":[[98.809,50.627],[98.8151,50.6158],[98.8298,50.601],[98.8471,50.5907],[98.8608,50.5929],[98.8787,50.5994],[98.9011,50.5939],[99.0333,50.5351],[99.0439,50.5332],[99.0561,50.5345],[99.0647,50.5388],[99.0864,50.555],[99.0923,50.5637],[99.1095,50.6016],[99.1209,50.6102],[99.1428,50.6132],[99.1901,50.6267],[99.2138,50.6302],[99.2036,50.6525],[99.2109,50.6676],[99.2478,50.699],[99.2338,50.7203],[99.2267,50.7269],[99.2171,50.7321],[99.2071,50.7355],[99.1984,50.7398],[99.1925,50.7474],[99.1929,50.7678],[99.2105,50.777],[99.3072,50.7857],[99.3427,50.7973],[99.3648,50.8231],[99.3713,50.8703],[99.3711,50.895],[99.375,50.9091],[99.3855,50.9211],[99.4054,50.9392],[99.4073,50.9422],[99.4102,50.9503],[99.4122,50.9535],[99.4166,50.9558],[99.4282,50.9576],[99.4329,50.9597],[99.4386,50.9677],[99.4539,51.0001],[99.4556,51.0225],[99.4524,51.0391],[99.4514,51.0533],[99.4601,51.0684],[99.5044,51.1052],[99.5152,51.1231],[99.485,51.1317],[99.4561,51.1565],[99.4397,51.1834],[99.4465,51.1982],[99.44,51.2062],[99.4229,51.2193],[99.4197,51.2261],[99.4244,51.2368],[99.4346,51.2435],[99.4458,51.2483],[99.4539,51.2534],[99.462,51.2689],[99.4702,51.3047],[99.4806,51.3223],[99.4727,51.3268],[99.4705,51.3287],[99.4737,51.3353],[99.4658,51.3438],[99.4557,51.3487],[99.4446,51.3504],[99.4239,51.3495]]}},{"type":"Feature","properties":{"scalerank":9,"name":"Qarqan"},"geometry":{"type":"LineString","coordinates":[[87.2822,36.5047],[87.2512,36.5284],[87.2359,36.5433],[87.2281,36.5594],[87.2319,36.5795],[87.254,36.6087],[87.2561,36.6282],[87.239,36.6676],[87.2214,36.704],[87.2088,36.7192],[87.1765,36.7313],[87.1599,36.7449],[87.155,36.7615],[87.1638,36.7758],[87.1774,36.79],[87.1871,36.8064],[87.1895,36.8275],[87.1852,36.8454],[87.1559,36.8922],[87.1325,36.9504],[87.1197,36.9696],[87.09,37.0014],[87.0772,37.0118],[87.0664,37.0228],[87.0473,37.0214],[87.0251,37.0162],[87.0054,37.0223],[86.9654,37.0507],[86.9507,37.0679],[86.947,37.0943],[86.9641,37.1282],[87.0351,37.1796],[87.0637,37.211],[87.0684,37.2213],[87.0711,37.2313],[87.0722,37.2414],[87.0719,37.2513],[87.0515,37.3426],[87.0569,37.3749],[87.0869,37.4016],[87.1825,37.4019],[87.2214,37.4165],[87.2395,37.4505],[87.2424,37.454],[87.2465,37.4671],[87.2644,37.4942],[87.2686,37.509],[87.2691,37.5604],[87.2578,37.5739],[87.2281,37.5878],[87.1853,37.576],[87.1375,37.5882],[87.0569,37.6287],[86.9793,37.6549],[86.9367,37.6603],[86.8923,37.6561],[86.8507,37.6468],[86.8064,37.6424],[86.7879,37.6487],[86.752,37.677],[86.7341,37.684],[86.7101,37.6812],[86.6907,37.6754],[86.6719,37.6748],[86.6491,37.6871],[86.6289,37.6933],[86.3438,37.6493],[86.3091,37.6378],[86.2959,37.6356],[86.2543,37.6367],[86.2358,37.6273],[86.2129,37.6232],[86.2033,37.6188],[86.1655,37.5941],[86.1256,37.5762],[85.9055,37.5152],[85.8648,37.5196],[85.8297,37.5469],[85.77,37.6276],[85.7205,37.6787],[85.7036,37.708],[85.679,37.7728]]}},{"type":"Feature","properties":{"scalerank":9,"name":"Huan"},"geometry":{"type":"LineString","coordinates":[[107.2242,37.3198],[107.2329,37.3053],[107.2857,37.2617],[107.3102,37.2036],[107.3157,37.1791],[107.3247,37.1635],[107.3267,37.1552],[107.3243,37.1439],[107.2852,37.0684],[107.2774,37.0437],[107.2826,37.0246],[107.2855,37.0211],[107.2879,37.0167],[107.2915,37.0054],[107.294,36.9906],[107.2945,36.9593],[107.2932,36.9458],[107.2778,36.9046],[107.2234,36.8281],[107.2039,36.7888],[107.1951,36.7488],[107.1943,36.7253],[107.2005,36.7093],[107.2101,36.6956],[107.2221,36.6734],[107.2307,36.6514],[107.231,36.6379],[107.2505,36.6254],[107.2726,36.59],[107.2896,36.5827],[107.2997,36.576],[107.3341,36.5342],[107.4278,36.4482],[107.4502,36.4114],[107.4767,36.3456],[107.5004,36.3276],[107.5217,36.2843],[107.5327,36.2674],[107.5496,36.2574],[107.5934,36.2415],[107.6218,36.2226],[107.6423,36.2166],[107.6526,36.2097],[107.6904,36.165],[107.7294,36.1287],[107.7417,36.1234],[107.7538,36.1159],[107.7739,36.083],[107.783,36.0755],[107.8071,36.0634],[107.9379,35.9344],[107.9518,35.9073],[107.9567,35.8738],[107.9545,35.8465],[107.948,35.8206],[107.9374,35.7949],[107.9225,35.7678],[107.9309,35.7482],[107.9304,35.7263],[107.9225,35.6852],[107.9224,35.6643],[107.9299,35.6094],[107.9291,35.567],[107.8965,35.4444],[107.8848,35.4195],[107.8808,35.3963],[107.8823,35.3463],[107.892,35.3249],[107.9343,35.2816],[107.9436,35.26]]}},{"type":"Feature","properties":{"scalerank":9,"name":"Zi"},"geometry":{"type":"LineString","coordinates":[[95.5986,33.2772],[95.6565,33.2657],[95.6923,33.2445],[95.8423,33.034],[95.8665,32.9959],[95.8792,32.9852],[95.8963,32.9794],[95.9205,32.9777],[95.9314,32.9746],[95.9487,32.961],[95.9551,32.9578],[95.9678,32.9571],[96.0348,32.9426],[96.0591,32.9325],[96.0806,32.9169],[96.1062,32.8924],[96.1279,32.888],[96.1975,32.8985],[96.2257,32.8958],[96.2377,32.8878],[96.249,32.8699],[96.2598,32.8594],[96.3071,32.8495],[96.3145,32.8424],[96.3247,32.8293],[96.3486,32.8081],[96.376,32.791],[96.3965,32.7905],[96.4243,32.7638],[96.4536,32.7513],[96.4679,32.7345],[96.5342,32.7086],[96.5447,32.6962],[96.5508,32.6791],[96.5575,32.6213],[96.565,32.6016],[96.582,32.572],[96.6072,32.542],[96.6373,32.5198],[96.7055,32.482],[96.7942,32.4118],[96.8489,32.3864],[96.8652,32.3724],[96.8831,32.3496],[96.8975,32.3244],[96.9075,32.2906],[96.9141,32.2808],[96.9155,32.271],[96.9034,32.259],[96.893,32.2564],[96.8788,32.2577],[96.8652,32.2612],[96.8557,32.2652],[96.8721,32.2219],[96.9236,32.1931],[96.9824,32.1715],[97.0208,32.1491],[97.03,32.134],[97.0322,32.1214],[97.0287,32.109],[97.0208,32.0939],[97.016,32.088],[97.0045,32.0794],[96.9998,32.0734],[96.9985,32.0673],[97.0006,32.0528],[96.9998,32.0467],[96.9815,32.0268],[96.9585,32.0095],[96.9423,31.9903],[96.9451,31.9642]]}},{"type":"Feature","properties":{"scalerank":9,"name":"Kaladan"},"geometry":{"type":"LineString","coordinates":[[93.0733,20.5546],[93.0684,20.5795],[93.051,20.5931],[93.0313,20.6046],[93.0142,20.6261],[93.0081,20.6501],[93.0046,20.6977],[92.9949,20.7181],[92.9863,20.723],[92.9763,20.7246],[92.9668,20.7275],[92.96,20.7368],[92.9607,20.7469],[92.9775,20.7806],[92.9794,20.8027],[92.9713,20.8443],[92.9722,20.863],[92.979,20.8729],[92.999,20.885],[93.0063,20.8941],[93.0077,20.8993],[93.0081,20.9048],[93.0068,20.9163],[93.0005,20.9412],[92.9971,20.9503],[92.9868,20.9674],[92.9844,20.9765],[92.9864,20.9864],[92.9963,21.0017],[92.9978,21.0112],[92.9937,21.0181],[92.9861,21.0235],[92.9788,21.03],[92.9752,21.041],[92.9723,21.0658],[92.9666,21.0899],[92.958,21.1112],[92.9255,21.1696],[92.9224,21.178],[92.9184,21.1956],[92.9153,21.204],[92.9059,21.2171],[92.8828,21.238],[92.8743,21.2486],[92.8689,21.262],[92.8623,21.2906],[92.8569,21.3043],[92.8228,21.3496],[92.7903,21.429],[92.7846,21.4588],[92.7799,21.4735],[92.7715,21.4852],[92.7534,21.5056],[92.7402,21.531],[92.7365,21.5583],[92.7481,21.5837],[92.7553,21.5882],[92.7637,21.5902],[92.7719,21.5931],[92.7783,21.6003],[92.7792,21.6108],[92.7695,21.6739],[92.7692,21.6944],[92.773,21.7144],[92.7823,21.7314],[92.8013,21.7429],[92.8447,21.7459],[92.864,21.7542],[92.8746,21.7697],[92.8795,21.7897],[92.8801,21.8109],[92.8731,21.8638],[92.8696,21.8731],[92.8633,21.8797],[92.8492,21.8907],[92.8434,21.8994],[92.839,21.9219],[92.8481,21.9921],[92.8357,22.1014],[92.8362,22.1226],[92.844,22.1644],[92.8447,22.1859],[92.8355,22.2998],[92.8365,22.3077],[92.8394,22.3153],[92.844,22.323],[92.8481,22.3255],[92.8613,22.3265],[92.8818,22.3383],[92.8989,22.3775],[92.9138,22.3912],[92.9218,22.3922],[92.9448,22.3922],[92.9501,22.3931],[92.9519,22.4075],[92.9389,22.4425],[92.936,22.458],[92.9469,22.5354],[92.9413,22.7119],[92.938,22.7228],[92.9319,22.7322],[92.9228,22.7405],[92.9102,22.7962],[92.9097,22.8148],[92.9133,22.8287],[92.92,22.8408],[92.9366,22.864],[92.944,22.8791],[92.9557,22.9115],[92.9643,22.9258],[92.9761,22.9359],[92.9917,22.9427],[93.0081,22.944],[93.0219,22.9377],[93.0263,22.9322],[93.0369,22.9134],[93.0606,22.8898],[93.0806,22.8626],[93.1121,22.8001],[93.1157,22.7987],[93.125,22.8218],[93.1607,22.8612],[93.1751,22.8819],[93.177,22.9004],[93.1707,22.9207],[93.1509,22.9564],[93.1428,22.9777],[93.1378,23.0054],[93.1397,23.0321],[93.1522,23.0501],[93.1768,23.0587],[93.1962,23.0541],[93.2118,23.0401],[93.2251,23.0206],[93.2461,23.0047],[93.2725,23.0062],[93.2984,23.0181],[93.3179,23.034],[93.3329,23.0525],[93.3745,23.13],[93.3749,23.1424],[93.3727,23.1544],[93.3725,23.17],[93.3805,23.2375],[93.3761,23.2796],[93.3775,23.297],[93.3839,23.3133],[93.4033,23.3389],[93.4068,23.3475],[93.4072,23.3566],[93.4054,23.3679],[93.3994,23.4263],[93.3998,23.4542],[93.4321,23.6475],[93.4299,23.6805],[93.4257,23.691],[93.412,23.7089],[93.4059,23.7193]]}},{"type":"Feature","properties":{"scalerank":9,"name":"Mytitha"},"geometry":{"type":"LineString","coordinates":[[93.6382,21.9399],[93.7704,21.9546],[93.8349,21.9714],[93.8566,21.9737],[93.8798,21.9711],[93.8904,21.9674],[93.8975,21.9623],[93.9117,21.948],[93.9291,21.9354],[93.9482,21.9263],[93.9674,21.9218],[93.9861,21.9233],[93.9926,21.9256],[93.9986,21.929],[94.0213,21.9497],[94.044,21.9615],[94.0515,21.9698],[94.0496,21.9703],[94.0434,21.9781],[94.042,21.9806],[94.04,21.9873],[94.0407,21.9904],[94.0435,21.9927],[94.0475,21.9971],[94.0586,22.0135],[94.0641,22.0248],[94.0674,22.03],[94.0723,22.034],[94.0776,22.0355],[94.0894,22.0353],[94.0947,22.0364],[94.1025,22.0426],[94.1074,22.0518],[94.1165,22.0833],[94.117,22.0937],[94.115,22.1039],[94.1106,22.1142],[94.1033,22.1415],[94.1122,22.1599],[94.127,22.1771],[94.137,22.2014],[94.1358,22.2103],[94.1259,22.2257],[94.1236,22.2354],[94.1257,22.244],[94.1349,22.2657],[94.1377,22.2763],[94.1373,22.2839],[94.1336,22.2981],[94.1327,22.305],[94.1345,22.3138],[94.142,22.3281],[94.1439,22.3374],[94.1323,22.3853],[94.1249,22.391],[94.1065,22.3949],[94.1008,22.399],[94.0972,22.4158],[94.0999,22.4337],[94.1091,22.4444],[94.1253,22.4396],[94.1288,22.4588],[94.1418,22.4998],[94.1416,22.5176],[94.1373,22.5258],[94.1253,22.5409],[94.1205,22.5511],[94.1177,22.5642],[94.1174,22.5776],[94.1293,22.6513],[94.1062,22.8136],[94.1052,22.8503],[94.1017,22.8694],[94.0906,22.8922],[94.061,22.9256],[94.0527,22.9468],[94.0527,22.9565],[94.0545,22.9668],[94.0623,22.9883],[94.0842,23.0279],[94.0885,23.04],[94.085,23.0453],[94.0793,23.0476],[94.0769,23.0509],[94.0802,23.0582],[94.0966,23.0854],[94.1082,23.1221],[94.1095,23.1334],[94.1047,23.1498],[94.0964,23.1634],[94.0922,23.1765],[94.0996,23.1915],[94.1113,23.2023],[94.1137,23.2074],[94.1159,23.234],[94.1199,23.2397],[94.128,23.2447],[94.1394,23.2477],[94.1524,23.2486],[94.1655,23.2475],[94.1772,23.2451],[94.1876,23.2394],[94.2029,23.2214],[94.2117,23.2138],[94.2231,23.21],[94.3077,23.2087]]}},{"type":"Feature","properties":{"scalerank":9,"name":"Jiulong"},"geometry":{"type":"LineString","coordinates":[[116.7984,25.0128],[116.8414,24.9934],[116.8889,24.9888],[116.935,24.9996],[116.9739,25.026],[116.9916,25.0479],[117.0444,25.1354],[117.0862,25.1897],[117.1222,25.2552],[117.1333,25.2709],[117.1426,25.279],[117.2809,25.3314],[117.2957,25.3314],[117.3071,25.3254],[117.3175,25.3168],[117.3293,25.3094],[117.3438,25.3045],[117.4507,25.2876],[117.4833,25.2771],[117.4985,25.2606],[117.5017,25.2491],[117.5117,25.2269],[117.5132,25.2156],[117.5108,25.2045],[117.5026,25.1826],[117.4998,25.1712],[117.5026,25.1458],[117.5253,25.1061],[117.5305,25.086],[117.5284,25.076],[117.5181,25.0587],[117.5142,25.0494],[117.5112,25.0313],[117.5108,24.9954],[117.5032,24.9596],[117.503,24.9411],[117.5071,24.9232],[117.516,24.907],[117.5468,24.8738],[117.5554,24.8612],[117.5923,24.7623],[117.598,24.7525],[117.6172,24.7308],[117.6226,24.7158],[117.6249,24.6827],[117.629,24.6671],[117.6386,24.6548],[117.6629,24.6407],[117.6742,24.6307],[117.6825,24.6165],[117.6968,24.584],[117.707,24.5698],[117.7558,24.5357],[117.7683,24.5211],[117.7737,24.5048],[117.7749,24.4896],[117.7783,24.4749],[117.7905,24.4598]]}},{"type":"Feature","properties":{"scalerank":9,"name":"Mei"},"geometry":{"type":"LineString","coordinates":[[116.1025,27.107],[116.0562,26.9421],[116.0549,26.9209],[116.0588,26.9086],[116.0723,26.886],[116.0776,26.8742],[116.0829,26.8477],[116.0834,26.8196],[116.0701,26.7386],[115.997,26.4169],[115.9865,26.3885],[115.9859,26.3816],[115.9864,26.3676],[115.9846,26.3585],[115.9793,26.3566],[115.9723,26.3567],[115.9649,26.3535],[115.9477,26.3352],[115.9111,26.2806],[115.8862,26.2549],[115.8784,26.2445],[115.8718,26.2305],[115.8594,26.1857],[115.8466,26.1682],[115.8281,26.168],[115.7891,26.1803],[115.7783,26.1771],[115.7615,26.1618],[115.7505,26.1584],[115.7423,26.1613],[115.7246,26.1752],[115.7163,26.18],[115.6987,26.1777],[115.6848,26.1634],[115.6646,26.1278],[115.6316,26.0867],[115.5945,26.0641],[115.5513,26.0552],[115.4829,26.0544],[115.4654,26.0488],[115.4495,26.0394],[115.4367,26.0266],[115.4299,26.0128],[115.4249,25.9838],[115.4197,25.9708],[115.4081,25.9575],[115.3958,25.9506],[115.3619,25.9415],[115.2793,25.9019],[115.2595,25.8987],[115.2426,25.9029],[115.2041,25.9191],[115.1699,25.9243],[115.1589,25.9271],[115.1222,25.9476],[115.1078,25.95],[115.0927,25.9429],[115.0847,25.9262],[115.0757,25.8892]]}},{"type":"Feature","properties":{"scalerank":9,"name":"Tuo"},"geometry":{"type":"LineString","coordinates":[[103.5305,33.0675],[103.5556,33.055],[103.573,33.0406],[103.5807,33.0216],[103.5766,32.9947],[103.5683,32.9786],[103.5458,32.9493],[103.5371,32.9335],[103.5322,32.9075],[103.5376,32.8865],[103.5615,32.8461],[103.5776,32.8065],[103.5862,32.7966],[103.5964,32.7913],[103.6065,32.7879],[103.6157,32.7835],[103.6231,32.7748],[103.6262,32.7656],[103.6267,32.7553],[103.6254,32.7443],[103.6227,32.733],[103.6135,32.7004],[103.6016,32.6295],[103.6011,32.6115],[103.6069,32.5913],[103.6306,32.5416],[103.7091,32.4343],[103.7271,32.4033],[103.7349,32.3726],[103.7354,32.3124],[103.7446,32.2813],[103.7685,32.2428],[103.7751,32.2233],[103.773,32.1993],[103.742,32.135],[103.7299,32.0966],[103.7209,32.0794],[103.7066,32.0656],[103.6954,32.0506],[103.6899,32.0279],[103.6834,31.9415],[103.69,31.9031],[103.7045,31.8676],[103.7266,31.8359],[103.7581,31.8104],[103.8317,31.7684],[103.8572,31.7416],[103.8595,31.7083],[103.8394,31.6741],[103.7029,31.5522],[103.6798,31.5266],[103.6528,31.5062],[103.5937,31.4807],[103.5662,31.4598],[103.4897,31.3596],[103.4712,31.3272],[103.4703,31.2906],[103.4902,31.2181],[103.4927,31.1957],[103.469,31.034],[103.4721,31.0136],[103.4835,31.0107],[103.5581,31.0346],[103.5709,31.036],[103.5838,31.0316],[103.634,31.0069],[103.658,31.0244],[103.6817,31.0347],[103.7066,31.0375],[103.7346,31.0328],[103.7578,31.023],[103.7722,31.0106],[103.7994,30.9782],[103.8355,30.9551],[103.8865,30.9346],[103.94,30.92],[103.983,30.9149],[104.2828,30.9278],[104.3484,30.92],[104.4053,30.8885],[104.4216,30.8692],[104.4472,30.8275],[104.4619,30.809],[104.4695,30.8032],[104.4861,30.794],[104.4933,30.7877],[104.4982,30.7781],[104.502,30.7594],[104.5098,30.751],[104.5332,30.734],[104.5429,30.7206],[104.5413,30.7042],[104.5208,30.6612],[104.5118,30.6469],[104.5061,30.6335],[104.5061,30.6184],[104.5121,30.6094],[104.5237,30.611],[104.5208,30.6],[104.5152,30.5945],[104.5069,30.591],[104.499,30.586],[104.4946,30.5756],[104.4971,30.5657],[104.5205,30.5372],[104.521,30.5275],[104.518,30.5179],[104.5191,30.5117],[104.5322,30.5122],[104.5459,30.5082],[104.5576,30.4943],[104.5645,30.4768],[104.5641,30.4617],[104.5489,30.4449],[104.5361,30.4414],[104.5342,30.4343],[104.5761,30.3714],[104.5883,30.359],[104.6057,30.3485],[104.613,30.3481],[104.6204,30.3501],[104.6275,30.3499],[104.6343,30.3426],[104.643,30.3292],[104.6739,30.2957],[104.6531,30.2922],[104.6476,30.2797],[104.6441,30.2635],[104.6283,30.2486],[104.6363,30.232],[104.7043,30.1729],[104.705,30.1501],[104.6733,30.1348],[104.667,30.1264],[104.6629,30.1061],[104.6624,30.1026],[104.6602,30.0977],[104.6533,30.0862],[104.6526,30.0812],[104.6563,30.0758],[104.662,30.074],[104.6676,30.0729],[104.6714,30.0696],[104.6826,30.0374],[104.6831,30.029],[104.6777,30.0228],[104.6605,30.0144],[104.6552,30.005],[104.6591,30.0007],[104.671,29.9706],[104.6695,29.9674],[104.6743,29.9624],[104.6786,29.9592],[104.6856,29.9571],[104.7141,29.9542],[104.7209,29.9517],[104.7241,29.9453],[104.7314,29.9192],[104.735,29.9111],[104.7417,29.9046],[104.7533,29.8972],[104.7628,29.8873],[104.7644,29.8769],[104.7647,29.8668],[104.77,29.8582],[104.7868,29.8489],[104.8251,29.8348],[104.8412,29.8225],[104.8499,29.8087],[104.8551,29.796],[104.8626,29.7847],[104.8776,29.7756],[104.893,29.7733],[104.9243,29.7746],[104.9386,29.7691],[104.958,29.7452],[105.0042,29.6468],[105.0385,29.5975],[105.083,29.571],[105.1012,29.5518],[105.0925,29.5311],[105.0762,29.5301],[105.0632,29.543],[105.051,29.5521],[105.0376,29.5397],[105.0308,29.5164],[105.0239,29.5136],[105.0079,29.5246],[105.012,29.5128],[105.0254,29.4891],[105.0284,29.4775],[105.0254,29.4656],[105.0189,29.4551],[105.0143,29.445],[105.0177,29.4348],[105.0312,29.4116],[105.0315,29.3904],[105.0049,29.3087],[105.0011,29.2866],[105,29.2698],[105.0102,29.2245],[105.0086,29.2018],[104.9921,29.1855],[104.9754,29.1756],[104.9614,29.161],[104.9561,29.1435],[104.9653,29.1245],[104.9771,29.118],[104.9856,29.1227],[104.9937,29.1288],[105.0046,29.1266],[105.0125,29.118],[105.0159,29.1091],[105.0205,29.1007],[105.0317,29.094],[105.039,29.0953],[105.0469,29.1007],[105.0552,29.105],[105.0637,29.1034],[105.0654,29.0955],[105.0649,29.0643],[105.0713,29.0508],[105.0762,29.0498],[105.0849,29.0496],[105.0953,29.0471],[105.115,29.0319],[105.1377,29.0215],[105.163,29.013],[105.1774,29.0103],[105.1919,29.0098],[105.2065,29.0119],[105.2202,29.0064],[105.2326,28.9896],[105.2437,28.9708],[105.2529,28.9595],[105.2545,28.9627],[105.2593,28.9689],[105.2664,28.9738],[105.2749,28.9731],[105.2809,28.966],[105.2832,28.9562],[105.2841,28.9471],[105.2856,28.9421],[105.2991,28.9359],[105.3154,28.9357],[105.3316,28.941],[105.3449,28.9517],[105.3565,28.9267],[105.384,28.9036],[105.4171,28.8901],[105.4452,28.8942]]}},{"type":"Feature","properties":{"scalerank":9,"name":"Son"},"geometry":{"type":"LineString","coordinates":[[82.0474,22.7059],[82.0494,22.7235],[82.0558,22.746],[82.0588,22.7683],[82.0435,22.8027],[82.0444,22.8291],[82.0498,22.8548],[82.0554,22.8704],[82.075,22.8951],[82.0849,22.9102],[82.0917,22.9243],[82.0928,22.9346],[82.0725,22.945],[81.9924,23.0272],[81.9859,23.038],[81.9771,23.0568],[81.9557,23.0679],[81.8736,23.0838],[81.773,23.1305],[81.7525,23.1332],[81.7036,23.1315],[81.6841,23.138],[81.6738,23.154],[81.6627,23.1765],[81.6489,23.1916],[81.6295,23.1851],[81.6176,23.1927],[81.6137,23.2019],[81.6126,23.2132],[81.6091,23.2267],[81.6023,23.2198],[81.5922,23.2277],[81.5781,23.2458],[81.5681,23.2547],[81.5621,23.2568],[81.5466,23.2589],[81.5401,23.2609],[81.533,23.2669],[81.5203,23.283],[81.513,23.2888],[81.4973,23.2923],[81.4865,23.2911],[81.4788,23.2938],[81.4719,23.3093],[81.4706,23.3233],[81.4736,23.3375],[81.479,23.3496],[81.4856,23.357],[81.4609,23.397],[81.4514,23.4049],[81.435,23.4055],[81.4204,23.4006],[81.4075,23.3995],[81.3963,23.4117],[81.4043,23.426],[81.4006,23.4287],[81.3914,23.4265],[81.3825,23.426],[81.376,23.4268],[81.3617,23.4251],[81.3552,23.426],[81.353,23.4296],[81.3477,23.4444],[81.3449,23.4492],[81.3272,23.4567],[81.3113,23.4537],[81.2973,23.4562],[81.2864,23.4806],[81.2891,23.5488],[81.2832,23.5659],[81.2749,23.5705],[81.2516,23.5749],[81.242,23.5799],[81.2379,23.5881],[81.2407,23.5967],[81.2447,23.6065],[81.2454,23.6177],[81.2286,23.6417],[81.2249,23.6519],[81.225,23.6642],[81.2316,23.6962],[81.229,23.7203],[81.2217,23.7371],[81.1846,23.7866],[81.1739,23.8067],[81.1762,23.8228],[81.2009,23.8294],[81.2244,23.8306],[81.2424,23.8349],[81.2491,23.8433],[81.2385,23.8567],[81.2341,23.8577],[81.2227,23.8561],[81.218,23.8567],[81.2136,23.8601],[81.2043,23.871],[81.1961,23.8772],[81.1923,23.8814],[81.1867,23.8839],[81.1734,23.8846],[81.1635,23.8878],[81.1567,23.8956],[81.1548,23.9057],[81.1594,23.9156],[81.1591,23.9235],[81.1485,23.9306],[81.1287,23.9393],[81.1209,23.9497],[81.1165,23.9591],[81.1113,23.9673],[81.102,23.974],[81.067,23.9689],[81.061,23.9703],[81.0588,23.9876],[81.0523,24.0009],[81.0151,24.043],[81.0014,24.0662],[80.996,24.0875],[81.0094,24.0969],[81.0259,24.1003],[81.1091,24.1317],[81.1294,24.1367],[81.1489,24.1364],[81.1908,24.1155],[81.2076,24.1216],[81.2205,24.1385],[81.2316,24.1584],[81.2437,24.1719],[81.2607,24.183],[81.2812,24.1905],[81.3276,24.1945],[81.344,24.1998],[81.3565,24.2103],[81.3836,24.2473],[81.3967,24.2576],[81.4141,24.2614],[81.4408,24.262],[81.4505,24.2651],[81.4517,24.2727],[81.4507,24.2825],[81.4548,24.2921],[81.4648,24.3008],[81.4714,24.3038],[81.5332,24.3231],[81.5533,24.3328],[81.5712,24.3474],[81.5991,24.3803],[81.6172,24.397],[81.6363,24.406],[81.647,24.4057],[81.6664,24.3993],[81.678,24.3985],[81.6887,24.4015],[81.709,24.4108],[81.7214,24.4129],[81.7374,24.4177],[81.7791,24.44],[81.8008,24.447],[81.9722,24.4805],[82.0357,24.5052],[82.1435,24.5159],[82.1873,24.5257],[82.2047,24.5358],[82.2118,24.5528],[82.2231,24.5597],[82.2475,24.5549],[82.2984,24.5337],[82.3086,24.5318],[82.3211,24.5351],[82.3317,24.544],[82.3349,24.5529],[82.3388,24.5597],[82.3521,24.5624],[82.3751,24.5604],[82.4732,24.5315],[82.5137,24.5267],[82.554,24.5298],[82.5959,24.5425],[82.6318,24.5587],[82.6475,24.5682],[82.6608,24.5799],[82.6687,24.5837],[82.6801,24.5846],[82.7018,24.5836],[82.7147,24.586],[82.7227,24.5918],[82.7297,24.5986],[82.74,24.604],[82.7608,24.6043],[82.8067,24.5952],[82.8247,24.6009],[82.8428,24.6112],[82.8655,24.616],[82.8892,24.6157],[82.9107,24.6109],[82.9249,24.6001],[82.9619,24.5562],[82.9669,24.5541],[82.9721,24.5494],[82.9788,24.5447],[82.9968,24.5413],[83.0192,24.5335],[83.0274,24.5289],[83.0403,24.5128],[83.0494,24.4949],[83.0603,24.4803],[83.0786,24.4743],[83.2505,24.4675],[83.2778,24.4702],[83.3001,24.4775],[83.3433,24.5016],[83.3633,24.5075],[83.4099,24.5101],[83.4212,24.5122],[83.4379,24.521],[83.5387,24.5313],[83.6372,24.5173],[83.6958,24.5064],[83.7501,24.5084],[83.7677,24.5138],[83.7879,24.5374],[83.8087,24.5425],[83.8193,24.5413],[83.8404,24.5362],[83.8499,24.5351],[83.8606,24.5363],[83.8798,24.5414],[83.9184,24.5438],[83.9381,24.5487],[83.9539,24.5589],[83.9658,24.5761],[83.9697,24.587],[83.9727,24.6177],[83.9771,24.6269],[83.9903,24.6458],[84.0003,24.6779],[84.0546,24.7412],[84.0943,24.8009],[84.1065,24.8101],[84.1254,24.8127],[84.1703,24.828],[84.1856,24.8368],[84.1951,24.8506],[84.207,24.8874],[84.2163,24.9019],[84.2625,24.9383],[84.2898,24.9776],[84.2949,24.9876],[84.3013,25.0233],[84.3054,25.0323],[84.3212,25.046],[84.3408,25.0557],[84.4282,25.0825],[84.4459,25.0965],[84.4583,25.1409],[84.4709,25.1623],[84.4864,25.1814],[84.5003,25.1937],[84.5625,25.22],[84.5916,25.2386],[84.6065,25.2415],[84.6381,25.2415],[84.6524,25.245],[84.6606,25.2537],[84.6715,25.2756],[84.7255,25.3317],[84.7337,25.3479],[84.7353,25.3539],[84.7535,25.3995],[84.7698,25.423],[84.7751,25.4332],[84.7774,25.4482],[84.7744,25.4592],[84.77,25.4701],[84.7678,25.4844],[84.7699,25.4996],[84.7793,25.5264],[84.7813,25.5397],[84.7852,25.5531],[84.8033,25.5753],[84.8093,25.5847],[84.8115,25.5976],[84.811,25.6117],[84.8076,25.626],[84.8019,25.6393],[84.818,25.6604],[84.8589,25.6869],[84.8776,25.7076]]}},{"type":"Feature","properties":{"scalerank":9,"name":null},"geometry":{"type":"LineString","coordinates":[[85.1856,23.3093],[85.2065,23.3142],[85.2229,23.3062],[85.2368,23.2947],[85.251,23.2888],[85.2855,23.2879],[85.3048,23.2895],[85.3227,23.295],[85.3347,23.3057],[85.3484,23.3239],[85.3596,23.3441],[85.3643,23.3605],[85.3743,23.3721],[85.4224,23.3892],[85.4394,23.3986],[85.4619,23.432],[85.4771,23.4466],[85.5099,23.4549],[85.5281,23.4647],[85.539,23.4669],[85.5509,23.4658],[85.5766,23.4595],[85.5874,23.4603],[85.6096,23.4659],[85.6174,23.4669],[85.6269,23.4643],[85.6417,23.4547],[85.6482,23.4527],[85.7341,23.4527],[85.7451,23.4557],[85.7639,23.465],[85.7758,23.4669],[85.7877,23.4646],[85.808,23.4549],[85.8198,23.4527],[85.8307,23.4484],[85.8369,23.4393],[85.8416,23.4301],[85.8471,23.426],[85.8785,23.4281],[85.8849,23.426],[85.8948,23.4165],[85.8941,23.4099],[85.8891,23.4027],[85.8849,23.3912],[85.8833,23.3679],[85.8806,23.3563],[85.8748,23.3468],[85.8594,23.3294],[85.844,23.3071],[85.8328,23.2831],[85.8297,23.2609],[85.8391,23.2407],[85.8711,23.2108],[85.8782,23.1888],[85.8801,23.1771],[85.8855,23.1664],[85.9092,23.1397],[85.914,23.1265],[85.9192,23.1175],[85.9531,23.0858],[85.9887,23.0633],[86.0168,23.0371],[86.0283,22.994],[86.0217,22.9486],[86.0219,22.9232],[86.0322,22.912],[86.0403,22.9087],[86.0668,22.8872],[86.0751,22.8836],[86.1115,22.8773],[86.1282,22.8657],[86.1358,22.8522],[86.1436,22.8409],[86.1801,22.8335],[86.2271,22.8084],[86.2929,22.7922],[86.3027,22.7848],[86.3066,22.7669],[86.3164,22.7486],[86.3296,22.7325],[86.3438,22.7202],[86.3511,22.7188],[86.3591,22.7204],[86.3678,22.7185],[86.3779,22.7059],[86.3816,22.6984],[86.3833,22.6937],[86.3853,22.6848],[86.3838,22.6802],[86.3799,22.6751],[86.3775,22.6689],[86.3816,22.6612],[86.4761,22.5659],[86.4907,22.5471],[86.5014,22.5284],[86.5103,22.5085],[86.5176,22.4977],[86.5908,22.4186],[86.6,22.4022],[86.6118,22.369],[86.6187,22.3559],[86.6414,22.3303],[86.6524,22.3144],[86.6597,22.295],[86.6611,22.2748],[86.6599,22.2571],[86.6621,22.2413],[86.6734,22.2268],[86.7042,22.216],[86.7839,22.2085],[86.8098,22.192],[86.8185,22.2215],[86.8234,22.2268],[86.8302,22.2251],[86.8473,22.202],[86.8565,22.1961],[86.8667,22.1933],[86.8753,22.1948],[86.8788,22.202],[86.8804,22.2175],[86.8849,22.2224],[86.8914,22.2214],[86.9094,22.2163],[86.9233,22.2076],[86.9334,22.205],[86.9454,22.2055],[86.9658,22.211],[86.9778,22.2125],[86.9838,22.2089],[86.9931,22.1904],[86.9985,22.1821],[87.0095,22.1744],[87.0195,22.1727],[87.0302,22.173],[87.0432,22.1715],[87.0742,22.1572],[87.1055,22.1329],[87.1599,22.076],[87.1809,22.048],[87.218,22.0173],[87.2216,22.0092],[87.2223,21.9978],[87.2214,21.976],[87.2239,21.9656],[87.2367,21.9488],[87.2424,21.9388],[87.2473,21.8688],[87.2456,21.8563],[87.2299,21.8546],[87.2222,21.8494],[87.2097,21.8133],[87.209,21.8065],[87.206,21.8024],[87.1692,21.7811],[87.1572,21.7713],[87.1633,21.7669],[87.1716,21.7639],[87.1843,21.7566],[87.1958,21.7469],[87.2009,21.7368],[87.2118,21.7255],[87.2616,21.6959],[87.2759,21.6849],[87.289,21.6944],[87.293,21.699],[87.2964,21.7054],[87.3032,21.7054],[87.3067,21.6937],[87.3076,21.6695],[87.3101,21.6576],[87.315,21.6513],[87.3222,21.6453],[87.3283,21.637],[87.3306,21.6235],[87.3257,21.6088],[87.3183,21.6022],[87.315,21.5958],[87.3237,21.5819],[87.3317,21.5768],[87.34,21.576],[87.3468,21.5733],[87.3517,21.5643]]}},{"type":"Feature","properties":{"scalerank":9,"name":"Betwa"},"geometry":{"type":"LineString","coordinates":[[77.8098,23.5593],[77.8533,23.6177],[77.8619,23.6381],[77.8628,23.6534],[77.8554,23.6678],[77.839,23.6861],[77.8455,23.7069],[77.8464,23.7987],[77.8505,23.8098],[77.8806,23.8505],[77.8915,23.8741],[77.8977,23.8815],[77.9221,23.8983],[77.9634,23.939],[77.9824,23.9637],[77.9905,23.984],[77.9909,23.9866],[77.9924,23.99],[77.9973,23.9986],[78.0239,24.0391],[78.0289,24.0556],[78.0185,24.0628],[78.0299,24.1043],[78.0334,24.171],[78.0374,24.1937],[78.0439,24.2154],[78.0524,24.2347],[78.0654,24.2526],[78.0767,24.2631],[78.0844,24.2756],[78.0928,24.3245],[78.1066,24.3391],[78.1245,24.35],[78.1426,24.3644],[78.1684,24.4003],[78.1838,24.4138],[78.2065,24.4191],[78.219,24.4253],[78.2627,24.4559],[78.2722,24.4675],[78.2699,24.4777],[78.2632,24.4807],[78.2543,24.4821],[78.2444,24.4879],[78.2423,24.4931],[78.2275,24.5183],[78.2239,24.5193],[78.2289,24.5328],[78.2543,24.5649],[78.2647,24.5836],[78.2704,24.6033],[78.2722,24.6245],[78.27,24.6287],[78.2605,24.6391],[78.2581,24.645],[78.2637,24.6628],[78.2647,24.6692],[78.2612,24.6927],[78.2524,24.7073],[78.2412,24.7191],[78.2307,24.7344],[78.2267,24.7528],[78.2271,24.7733],[78.2249,24.7942],[78.1978,24.8395],[78.1931,24.8436],[78.1819,24.8466],[78.1736,24.8546],[78.169,24.8655],[78.1692,24.8778],[78.1804,24.8926],[78.226,24.9264],[78.2571,24.9403],[78.3125,24.9876],[78.3248,25.0022],[78.3365,25.023],[78.3406,25.0458],[78.3303,25.0664],[78.3305,25.0821],[78.3492,25.1005],[78.3877,25.1248],[78.4055,25.1291],[78.4428,25.1324],[78.4597,25.1419],[78.4745,25.1527],[78.5254,25.1794],[78.5374,25.1901],[78.5505,25.206],[78.5613,25.2233],[78.5659,25.2381],[78.5725,25.2524],[78.6498,25.3348],[78.6616,25.3556],[78.6518,25.365],[78.6451,25.3732],[78.6586,25.3915],[78.7066,25.4332],[78.7171,25.446],[78.7226,25.4618],[78.7241,25.4844],[78.727,25.4945],[78.7343,25.502],[78.7442,25.5067],[78.7548,25.5084],[78.7631,25.5109],[78.7818,25.524],[78.7925,25.5295],[78.8234,25.5295],[78.8328,25.5306],[78.8501,25.5352],[78.8575,25.5363],[78.8633,25.541],[78.9084,25.567],[78.9073,25.5764],[78.9028,25.5938],[78.9015,25.6011],[78.9055,25.6055],[78.9251,25.6166],[78.9762,25.6607],[78.9835,25.6697],[78.9893,25.6803],[79.0303,25.7184],[79.0356,25.7222],[79.0407,25.7271],[79.0457,25.7349],[79.0475,25.7434],[79.0475,25.7537],[79.0469,25.7617],[79.0457,25.7628],[79.0613,25.7943],[79.0708,25.8077],[79.0797,25.8168],[79.0997,25.8234],[79.1362,25.812],[79.1555,25.8168],[79.1715,25.8083],[79.1964,25.7989],[79.2214,25.797],[79.2374,25.8106],[79.242,25.8058],[79.2485,25.8012],[79.2511,25.797],[79.2639,25.8035],[79.2747,25.8118],[79.2858,25.816],[79.2994,25.8106],[79.2851,25.7875],[79.3015,25.7764],[79.3276,25.7762],[79.3411,25.7862],[79.3452,25.7955],[79.3547,25.7949],[79.3659,25.7907],[79.3753,25.7896],[79.3969,25.8052],[79.4086,25.811],[79.4195,25.8069],[79.4425,25.7929],[79.4541,25.8057],[79.464,25.8442],[79.4861,25.8575],[79.5064,25.8509],[79.5391,25.8237],[79.5496,25.8312],[79.5567,25.8413],[79.5664,25.8658],[79.5366,25.8656],[79.5232,25.8692],[79.5117,25.8789],[79.5203,25.8858],[79.5313,25.8896],[79.5571,25.8925],[79.5842,25.8956],[79.5969,25.8997],[79.6079,25.9068],[79.6015,25.9164],[79.5997,25.9248],[79.6038,25.9307],[79.6142,25.9335],[79.6275,25.9283],[79.6373,25.9173],[79.6467,25.9103],[79.6592,25.9168],[79.6648,25.9205],[79.6753,25.9258],[79.6855,25.9282],[79.6962,25.9156],[79.7105,25.9142],[79.7267,25.9149],[79.7383,25.913],[79.7507,25.8996],[79.7568,25.8863],[79.7665,25.8762],[79.7896,25.8721],[79.7975,25.8765],[79.8004,25.8872],[79.7998,25.9099],[79.8052,25.9139],[79.817,25.9072],[79.8339,25.8925],[79.8457,25.8901],[79.8627,25.8925],[79.8884,25.8925],[79.8941,25.8897],[79.8999,25.8808],[79.9063,25.8789],[79.9189,25.8801],[79.927,25.8833],[79.9516,25.9072],[79.957,25.9099],[79.978,25.8994],[79.983,25.8951],[79.9868,25.8895],[79.9929,25.8853],[80.0051,25.8851],[80.0095,25.8875],[80.0201,25.8964],[80.0258,25.8994],[80.0337,25.9012],[80.0377,25.9009],[80.0416,25.9],[80.0496,25.8994],[80.0658,25.9058],[80.0859,25.9368],[80.1013,25.9471],[80.1182,25.9485],[80.1328,25.9449],[80.1743,25.9248],[80.1863,25.9217],[80.21,25.9199]]}},{"type":"Feature","properties":{"scalerank":9,"name":"Ba"},"geometry":{"type":"LineString","coordinates":[[108.3862,14.4831],[108.3756,14.4749],[108.3843,14.4567],[108.4099,14.4278],[108.4421,14.4073],[108.4536,14.3928],[108.4609,14.3486],[108.4675,14.3317],[108.5064,14.2765],[108.5154,14.2596],[108.5191,14.2394],[108.5249,14.2244],[108.5674,14.1814],[108.6114,14.1125],[108.6222,14.1066],[108.6335,14.0929],[108.6494,14.0647],[108.665,14.019],[108.6653,13.9836],[108.6491,13.9561],[108.6152,13.9344],[108.5811,13.9207],[108.5748,13.9144],[108.5714,13.9077],[108.565,13.9024],[108.5501,13.9002],[108.5356,13.9002],[108.5175,13.8978],[108.5012,13.8898],[108.4917,13.8729],[108.4937,13.8561],[108.5141,13.8272],[108.5191,13.8077],[108.5213,13.8019],[108.5309,13.7928],[108.5333,13.7869],[108.5322,13.784],[108.5297,13.7823],[108.5272,13.7796],[108.5259,13.7736],[108.5291,13.7701],[108.5662,13.7178],[108.5715,13.7019],[108.5737,13.6771],[108.5647,13.6705],[108.5122,13.6402],[108.5043,13.6279],[108.4878,13.59],[108.4815,13.5597],[108.4671,13.5158],[108.4638,13.4962],[108.462,13.3895],[108.4697,13.3771],[108.4917,13.372],[108.4902,13.3789],[108.4907,13.3845],[108.4916,13.3892],[108.4917,13.3931],[108.5109,13.3743],[108.5344,13.3567],[108.5598,13.3436],[108.5976,13.3347],[108.5999,13.325],[108.5991,13.3117],[108.6016,13.2976],[108.6056,13.2953],[108.6114,13.2962],[108.6174,13.2958],[108.6221,13.2901],[108.6232,13.283],[108.6221,13.2591],[108.6259,13.2485],[108.6348,13.2386],[108.6449,13.2315],[108.6528,13.2286],[108.6617,13.2235],[108.6642,13.2121],[108.6631,13.1945],[108.6655,13.19],[108.6692,13.1853],[108.6795,13.1759],[108.6956,13.1657],[108.7141,13.1577],[108.7334,13.1532],[108.7519,13.1536],[108.745,13.142],[108.74,13.1376],[108.7319,13.1331],[108.7432,13.1338],[108.7539,13.1326],[108.7639,13.1298],[108.773,13.1256],[108.7664,13.1105],[108.7725,13.1023],[108.7866,13.0989],[108.8036,13.0983],[108.8116,13.0931],[108.835,13.0573],[108.8644,13.0277],[108.8728,13.0232],[108.9063,13.02],[108.9236,13.0244],[108.9312,13.0403],[108.9262,13.0631],[108.9295,13.0674],[108.9448,13.0642],[108.9524,13.0572],[108.9597,13.0454],[108.9688,13.0343],[108.9824,13.0294],[108.9995,13.031],[109.0203,13.0369],[109.033,13.0369],[109.0488,13.0342],[109.0608,13.0336],[109.073,13.0382],[109.0883,13.0511],[109.0964,13.0446],[109.1157,13.0345],[109.1223,13.0294],[109.1276,13.0205],[109.1305,13.012],[109.1343,13.0038],[109.1428,12.9959],[109.1618,12.9892],[109.1754,12.9948],[109.1887,13.0045],[109.24,13.0174],[109.3283,13.0847]]}},{"type":"Feature","properties":{"scalerank":9,"name":"Parbati"},"geometry":{"type":"LineString","coordinates":[[77.2088,23.7931],[77.2144,23.8142],[77.2105,23.8297],[77.1996,23.843],[77.1863,23.8649],[77.1843,23.8739],[77.1866,23.8908],[77.1865,23.8995],[77.1715,23.9425],[77.1695,23.9908],[77.1774,24.0887],[77.1676,24.1366],[77.1172,24.244],[77.1069,24.281],[77.0959,24.4238],[77.086,24.4676],[77.0742,24.4901],[77.062,24.5076],[77.0546,24.5267],[77.0608,24.5779],[77.059,24.6024],[77.0462,24.6496],[77.0374,24.6704],[77.0273,24.686],[77.0146,24.6992],[76.9668,24.7376],[76.9564,24.7426],[76.9457,24.7443],[76.9382,24.7432],[76.9311,24.7412],[76.9214,24.7398],[76.8779,24.744],[76.8481,24.7598],[76.7951,24.8168],[76.6996,24.8931],[76.6743,24.923],[76.6489,24.9708],[76.6104,25.0817],[76.6012,25.1361],[76.603,25.1627],[76.6084,25.1895],[76.6108,25.216],[76.6025,25.2421],[76.5949,25.2491],[76.5761,25.2564],[76.5681,25.263],[76.5617,25.2775],[76.5619,25.2906],[76.5645,25.3038],[76.5655,25.3183],[76.5637,25.3563],[76.5662,25.3702],[76.5727,25.3856],[76.5807,25.3997],[76.5862,25.4147],[76.5847,25.4331],[76.5786,25.442],[76.5591,25.4526],[76.5514,25.4602],[76.547,25.4708],[76.5413,25.4943],[76.5215,25.5502],[76.4922,25.6868],[76.4877,25.6983],[76.4816,25.7089],[76.4784,25.7198],[76.4812,25.7322],[76.4874,25.7372],[76.506,25.7405],[76.5127,25.7447],[76.5176,25.7574],[76.5166,25.7853],[76.518,25.7993],[76.523,25.8122],[76.5459,25.8483]]}},{"type":"Feature","properties":{"scalerank":9,"name":null},"geometry":{"type":"LineString","coordinates":[[93.8042,26.7442],[93.8077,26.7443],[93.8064,26.7574],[93.7989,26.7804],[93.7979,26.7925],[93.8081,26.8296],[93.8303,26.8632],[93.8609,26.8897],[93.9077,26.9092],[93.9156,26.9157],[93.9311,26.9315],[93.94,26.9359],[93.958,26.937],[93.9668,26.9405],[93.9907,26.9563],[94.0138,26.968],[94.0601,26.9811],[94.0792,26.9808],[94.0934,26.9783],[94.1082,26.9786],[94.1294,26.9868],[94.1592,27.0039],[94.1713,27.0157],[94.1788,27.0313],[94.176,27.0496],[94.1515,27.0737],[94.1519,27.0854],[94.1699,27.0978],[94.1924,27.1058],[94.2124,27.1163],[94.2232,27.1364],[94.228,27.1476],[94.2359,27.1536],[94.245,27.1583],[94.2534,27.1657],[94.2603,27.1776],[94.2643,27.1895],[94.2657,27.2019],[94.2661,27.2268],[94.2691,27.2351],[94.2753,27.2398],[94.3012,27.2416],[94.311,27.2473],[94.315,27.2574],[94.3125,27.2719],[94.3077,27.284],[94.3064,27.2899],[94.3066,27.2972],[94.3103,27.3162],[94.3091,27.3226],[94.3051,27.3298],[94.2993,27.3355],[94.2858,27.3452],[94.2802,27.3504],[94.2713,27.362],[94.2447,27.3875],[94.2397,27.3959],[94.2379,27.4066],[94.2446,27.409],[94.2772,27.4014],[94.2825,27.4022],[94.2877,27.4056],[94.2929,27.4139],[94.2954,27.425],[94.2962,27.4366],[94.2957,27.4464],[94.2924,27.4623],[94.2498,27.5651],[94.2408,27.5747],[94.2285,27.5831],[94.2173,27.5969],[94.2123,27.6126],[94.219,27.6267],[94.2776,27.6789],[94.3311,27.7151],[94.3399,27.7287],[94.3364,27.7338],[94.3179,27.742],[94.3121,27.75],[94.3103,27.7644],[94.3116,27.7791],[94.3164,27.7928],[94.3346,27.8153],[94.3386,27.824],[94.3362,27.8633],[94.3246,27.9038],[94.2798,27.9929],[94.2622,28.0079],[94.2553,28.0095],[94.2442,28.0074],[94.2376,28.0078],[94.2207,28.0166],[94.1852,28.0633],[94.1554,28.0891],[94.1436,28.1037],[94.1367,28.1232],[94.1362,28.1424],[94.1414,28.1819],[94.1417,28.2014],[94.1349,28.225],[94.1207,28.2437],[94.0676,28.2913],[94.0574,28.3065],[94.0388,28.356],[94.0325,28.368],[94.0232,28.3772],[94.009,28.3828],[93.9893,28.3844],[93.9296,28.3801],[93.9092,28.3856],[93.8965,28.3966],[93.8855,28.4088],[93.8701,28.4182],[93.8461,28.4231],[93.7345,28.42],[93.5986,28.3822],[93.5743,28.3804],[93.4629,28.3838],[93.4356,28.3926],[93.3772,28.4291],[93.3471,28.4424],[93.2119,28.4501],[93.1784,28.4478],[93.1734,28.4445],[93.1738,28.4393],[93.1758,28.4343],[93.1751,28.4315],[93.1664,28.4299],[93.1392,28.4295],[93.1021,28.4207],[93.0061,28.3598],[92.9607,28.3487],[92.9215,28.3264],[92.8623,28.306],[92.8007,28.2972],[92.7729,28.2981],[92.7593,28.3019],[92.7485,28.3099],[92.7416,28.3361],[92.7463,28.3663],[92.7466,28.3942],[92.7255,28.4137],[92.7065,28.4162],[92.6701,28.4077],[92.6518,28.4064],[92.6401,28.4095],[92.6328,28.4151],[92.6183,28.431],[92.5891,28.444],[92.5598,28.441],[92.5297,28.4316],[92.4986,28.4256],[92.468,28.4282],[92.4324,28.4319],[92.3918,28.4298],[92.3102,28.4478],[92.291,28.4478],[92.2532,28.4409],[92.234,28.4409],[92.2129,28.4486],[92.1963,28.4621],[92.1661,28.4947],[92.1464,28.5081],[92.0527,28.539],[92.0278,28.5443],[92.0022,28.5457],[91.9757,28.5417]]}},{"type":"Feature","properties":{"scalerank":9,"name":null},"geometry":{"type":"LineString","coordinates":[[102.7656,14.0875],[102.8665,14.0621],[102.8945,14.0445],[102.9027,14.0356]]}},{"type":"Feature","properties":{"scalerank":9,"name":"Ravi"},"geometry":{"type":"LineString","coordinates":[[76.8255,32.3273],[76.7675,32.303],[76.7466,32.2999],[76.7359,32.3021],[76.7173,32.3115],[76.7053,32.3136],[76.6959,32.311],[76.6909,32.305],[76.6873,32.2982],[76.6821,32.2931],[76.6425,32.2873],[76.6016,32.2993],[76.5649,32.3203],[76.5381,32.3415],[76.5183,32.3623],[76.5108,32.3682],[76.4816,32.3863],[76.4766,32.3921],[76.4756,32.4145],[76.4705,32.4327],[76.458,32.4468],[76.4351,32.457],[76.416,32.4573],[76.3765,32.445],[76.3525,32.4439],[76.3306,32.4515],[76.3043,32.4735],[76.2808,32.4781],[76.2166,32.468],[76.1948,32.4706],[76.1811,32.4793],[76.1299,32.5296],[76.1206,32.5458],[76.1104,32.5836],[76.1007,32.6003],[76.0828,32.6149],[76.0644,32.621],[76.0444,32.6215],[75.9797,32.6109],[75.9678,32.6114],[75.9443,32.6163],[75.9342,32.617],[75.9129,32.6106],[75.8955,32.5969],[75.8658,32.5606],[75.8672,32.5476],[75.855,32.5263],[75.8391,32.5066],[75.8286,32.4979],[75.8179,32.4948],[75.7975,32.4811],[75.7429,32.4644],[75.7368,32.4559],[75.7325,32.4372],[75.7293,32.4296],[75.7232,32.4243],[75.7057,32.4129],[75.6983,32.4061],[75.6825,32.3998],[75.6119,32.3955],[75.5733,32.3747],[75.538,32.3452],[75.4644,32.2528],[75.4556,32.2447],[75.4194,32.2264],[75.4141,32.2208],[75.4033,32.212],[75.3383,32.1907],[75.3286,32.179],[75.3203,32.1654],[75.31,32.1539],[75.2942,32.1491],[75.263,32.1512],[75.2495,32.1491],[75.2261,32.1423],[75.1952,32.1288],[75.1728,32.1099],[75.1738,32.087],[75.1611,32.0882],[75.138,32.0937],[75.1294,32.0904],[75.1186,32.0812],[75.11,32.0778],[75.1017,32.0783],[75.0405,32.0982],[75.0222,32.0949],[75.0298,32.0665],[75.0198,32.0661],[74.9951,32.0676],[74.9858,32.0634],[74.978,32.0536],[74.9736,32.0452],[74.9674,32.0382],[74.9552,32.0324],[74.9309,32.0301],[74.9084,32.0321],[74.8887,32.0291],[74.8728,32.0119],[74.8282,32.0257],[74.8108,32.0039],[74.802,31.9691],[74.7833,31.9431],[74.7626,31.9392],[74.698,31.9505],[74.6695,31.9044],[74.6567,31.8959],[74.6406,31.8908],[74.565,31.8408],[74.5501,31.8272],[74.5405,31.8111],[74.537,31.7891],[74.5366,31.7759],[74.5347,31.7713],[74.5305,31.7681],[74.5227,31.7587],[74.5209,31.754],[74.518,31.742],[74.5159,31.7376],[74.5128,31.7354],[74.505,31.7322],[74.5029,31.7308],[74.4922,31.7148],[74.4793,31.7003],[74.4628,31.6944],[74.4414,31.704],[74.4207,31.6927],[74.4048,31.6813],[74.3875,31.6727],[74.3626,31.6693],[74.3437,31.6617],[74.3248,31.6285],[74.3076,31.6209],[74.2926,31.5973],[74.29,31.5904],[74.2866,31.5778],[74.2781,31.5699],[74.2221,31.5442],[74.2114,31.5352],[74.2052,31.526],[74.2035,31.5178],[74.2033,31.509],[74.2018,31.498]]}},{"type":"Feature","properties":{"scalerank":9,"name":"Ravi"},"geometry":{"type":"LineString","coordinates":[[74.208,31.498],[74.1707,31.4767],[74.1547,31.4624],[74.1664,31.4496],[74.1664,31.4434],[74.1524,31.4381],[74.1318,31.4407],[74.1187,31.4366],[74.1065,31.4249],[74.1031,31.4014],[74.0913,31.3881],[74.08,31.3968],[74.0551,31.4053],[74.0435,31.4161],[73.997,31.3209],[73.9838,31.3052],[73.9678,31.2988],[73.9503,31.3151],[73.9389,31.3223],[73.9336,31.3168],[73.9308,31.3039],[73.9236,31.2989],[73.9145,31.2967],[73.9057,31.2925],[73.8939,31.2796],[73.8857,31.2656],[73.8722,31.2305],[73.8613,31.2378],[73.8232,31.2467],[73.8072,31.2547],[73.7905,31.2594],[73.7754,31.249],[73.7561,31.2237],[73.7261,31.1978],[73.7089,31.1875],[73.6907,31.1833],[73.6554,31.1849],[73.6463,31.1773],[73.6599,31.1554],[73.6421,31.16],[73.6288,31.1589],[73.6172,31.1526],[73.6046,31.1417],[73.5894,31.1502],[73.5797,31.1419],[73.5733,31.1284],[73.5671,31.1213],[73.5463,31.1239],[73.5396,31.1317],[73.5432,31.1622],[73.5256,31.1456],[73.5149,31.1328],[73.5029,31.1228],[73.481,31.1144],[73.4591,31.1107],[73.4433,31.1124],[73.4062,31.1213],[73.4092,31.1168],[73.4146,31.1064],[73.4197,31.1008],[73.4046,31.0969],[73.3901,31.0955],[73.3853,31.0899],[73.3987,31.0734],[73.3819,31.0713],[73.3624,31.0652],[73.3501,31.0554],[73.3545,31.0421],[73.3594,31.0335],[73.3583,31.0242],[73.3535,31.0152],[73.3473,31.008],[73.3414,31.005],[73.3369,31.007],[73.3334,31.0104],[73.3303,31.0114],[73.3144,30.9993],[73.3106,30.9971],[73.2578,30.9876],[73.2452,30.9803],[73.2403,30.9733],[73.2376,30.9648],[73.2359,30.9466],[73.233,30.9396],[73.226,30.935],[73.2074,30.9288],[73.2007,30.9363],[73.1921,30.9246],[73.1831,30.9252],[73.1734,30.9288],[73.1631,30.9257],[73.1608,30.9213],[73.1593,30.911],[73.1565,30.909],[73.1425,30.9091],[73.1357,30.9072],[73.1318,30.9022],[73.1343,30.8946],[73.1498,30.877],[73.1533,30.8711],[73.1495,30.8555],[73.1409,30.8561],[73.1261,30.868],[73.1017,30.8626],[73.0964,30.8489],[73.0922,30.8326],[73.0715,30.8196],[73.0571,30.8173],[73.0523,30.8203],[73.0493,30.8248],[73.0396,30.827],[73.0269,30.8218],[73.0171,30.8108],[73.0056,30.8009],[72.9883,30.7991],[72.9973,30.7873],[72.9972,30.7778],[72.989,30.7702],[72.9747,30.7644],[72.9546,30.7725],[72.9303,30.7733],[72.8853,30.7644],[72.8892,30.7466],[72.8818,30.7309],[72.8683,30.7226],[72.8543,30.7271],[72.8486,30.7266],[72.8432,30.7192],[72.8369,30.7063],[72.8334,30.7014],[72.8256,30.7059],[72.8132,30.7171],[72.7754,30.7171],[72.7715,30.7161],[72.767,30.7173],[72.7633,30.7175],[72.7617,30.7134],[72.7625,30.6989],[72.7617,30.6961],[72.7573,30.6927],[72.7515,30.6897],[72.7441,30.6881],[72.7345,30.6892],[72.7345,30.6824],[72.7439,30.6749],[72.7452,30.6616],[72.7411,30.6466],[72.7345,30.634],[72.7245,30.6216],[72.718,30.6182],[72.7094,30.6178],[72.6935,30.6141],[72.6957,30.611],[72.6983,30.6039],[72.7003,30.6005],[72.6897,30.5965],[72.6791,30.5942],[72.669,30.595],[72.6594,30.6005],[72.6499,30.5916],[72.6426,30.5901],[72.6321,30.593],[72.5852,30.5954],[72.5743,30.6017],[72.5673,30.6107],[72.5562,30.621],[72.5414,30.6257],[72.5258,30.6157],[72.512,30.6244],[72.4962,30.6285],[72.4673,30.6087],[72.4539,30.6141],[72.4464,30.6073],[72.4501,30.6051],[72.4601,30.6005],[72.4601,30.593],[72.4505,30.595],[72.4426,30.5997],[72.4367,30.6048],[72.4329,30.6073],[72.4236,30.6085],[72.4055,30.6073],[72.3877,30.6027],[72.3627,30.5896],[72.3472,30.5869],[72.3384,30.5878],[72.3224,30.5921],[72.313,30.593],[72.3042,30.5909],[72.288,30.5815],[72.2786,30.5794],[72.2251,30.5831],[72.2144,30.5869],[72.1967,30.5798],[72.1739,30.5782],[72.1515,30.5817],[72.1199,30.5967],[72.0831,30.6],[72.0703,30.6073],[72.0546,30.6061],[71.9843,30.6162],[71.9723,30.6218],[71.9409,30.6466],[71.9366,30.6519],[71.9304,30.6555],[71.9189,30.6557],[71.9182,30.6522],[71.8882,30.6309],[71.8769,30.6277],[71.8403,30.627],[71.8228,30.621],[71.832,30.6048],[71.818,30.6],[71.7944,30.6041],[71.7749,30.6141]]}},{"type":"Feature","properties":{"scalerank":9,"name":"Tumen"},"geometry":{"type":"LineString","coordinates":[[128.1934,41.9622],[128.2646,41.9533],[128.2892,41.9554],[128.3256,41.9702],[128.3648,41.9915],[128.4073,42.0086],[128.4536,42.0106],[128.488,41.9978],[128.5022,41.9964],[128.5435,42.0083],[128.553,42.0069],[128.5641,42.001],[128.5733,42.0046],[128.5874,42.0202],[128.5973,42.0274],[128.6075,42.0305],[128.6822,42.026],[128.709,42.0305],[128.7206,42.0479],[128.8168,42.0441],[128.9033,42.0266],[128.9397,42.0356],[128.9546,42.0755],[128.9636,42.0888],[128.9848,42.0931],[129.0087,42.0953],[129.0263,42.1022],[129.0532,42.1231],[129.0632,42.1363],[129.0645,42.154],[129.0883,42.1434],[129.1052,42.1424],[129.1196,42.1496],[129.1476,42.1739],[129.1774,42.1937],[129.196,42.2095],[129.2039,42.2145],[129.2109,42.2202],[129.2141,42.226],[129.2091,42.2349],[129.1866,42.2363],[129.1806,42.2434],[129.1831,42.2547],[129.1919,42.2601],[129.2026,42.263],[129.2109,42.2673],[129.2147,42.2759],[129.2139,42.284],[129.216,42.2913],[129.2276,42.298],[129.2203,42.3039],[129.2123,42.3081],[129.2033,42.3104],[129.1936,42.311],[129.1936,42.3184],[129.226,42.3184],[129.2359,42.3242],[129.242,42.3389],[129.24,42.3443],[129.2339,42.3467],[129.2283,42.3505],[129.2276,42.3594],[129.231,42.3679],[129.2358,42.3746],[129.2428,42.379],[129.2964,42.3875],[129.3034,42.3898],[129.3067,42.4079],[129.3151,42.4226],[129.3263,42.4271],[129.3375,42.4147],[129.3517,42.4208],[129.3434,42.4295],[129.3383,42.4386],[129.3399,42.4457],[129.3517,42.4482],[129.3629,42.4453],[129.3718,42.4328],[129.3859,42.4283],[129.3951,42.4305],[129.4059,42.4362],[129.4185,42.4413],[129.4338,42.4414],[129.4822,42.411],[129.4885,42.4028],[129.5167,42.3912],[129.5232,42.3836],[129.5265,42.3734],[129.5349,42.3698],[129.545,42.3715],[129.5538,42.3771],[129.5591,42.3872],[129.5598,42.397],[129.563,42.4044],[129.5874,42.4116],[129.5942,42.4225],[129.5953,42.4359],[129.5914,42.4482],[129.6333,42.4457],[129.6709,42.4382],[129.7031,42.4427],[129.7285,42.4761],[129.7334,42.512],[129.7313,42.5512],[129.7363,42.5854],[129.7627,42.6065],[129.7627,42.6127],[129.746,42.6157],[129.7413,42.6293],[129.7507,42.6432],[129.7764,42.6474],[129.772,42.6619],[129.7789,42.6706],[129.7872,42.6771],[129.7864,42.685],[129.7741,42.6936],[129.7642,42.6971],[129.7573,42.7039],[129.7554,42.7225],[129.7569,42.7349],[129.7609,42.7464],[129.773,42.7672],[129.7892,42.7928],[129.7949,42.8067],[129.7988,42.8369],[129.834,42.9077],[129.8412,42.918],[129.8463,42.9285],[129.8473,42.9515],[129.8516,42.9621],[129.8629,42.9693],[129.8931,42.9718],[129.9067,42.9764],[129.8975,42.9789],[129.8897,42.983],[129.8838,42.9887],[129.8794,42.9963],[129.8904,42.9997],[129.9089,43.0087],[129.9204,43.0106],[129.9337,43.0087],[129.9414,43.0039],[129.9714,42.9739],[129.9813,42.967],[129.9955,42.9621],[130.0081,42.9608],[130.047,42.9621],[130.0942,42.9772],[130.1213,42.9821],[130.1333,42.973],[130.1303,42.9597],[130.1223,42.9435],[130.1113,42.9293],[130.0986,42.9217],[130.1401,42.9073],[130.1935,42.9085],[130.2385,42.9025],[130.2561,42.8671],[130.242,42.7823],[130.2427,42.7436],[130.2623,42.7088],[130.3169,42.6676],[130.3245,42.6505],[130.3927,42.6065],[130.4035,42.6043],[130.4126,42.6049],[130.4201,42.6046],[130.4274,42.5996],[130.4297,42.5917],[130.426,42.5723],[130.4309,42.5618],[130.4522,42.5496],[130.4678,42.5552],[130.4708,42.57],[130.4548,42.5854],[130.4675,42.6007],[130.4839,42.6103],[130.5011,42.6109],[130.5161,42.5996],[130.5192,42.5889],[130.5249,42.5495],[130.5305,42.5307],[130.5424,42.5108],[130.5442,42.5065],[130.5458,42.4956],[130.5497,42.4907],[130.5545,42.4879],[130.5585,42.4829],[130.5755,42.446],[130.5872,42.4322],[130.6056,42.4208],[130.6283,42.4151],[130.6455,42.4011],[130.6563,42.3835],[130.6602,42.3594],[130.6599,42.3342],[130.6625,42.3208],[130.6728,42.3114],[130.7002,42.2951]]}},{"type":"Feature","properties":{"scalerank":9,"name":"Selemdzha"},"geometry":{"type":"LineString","coordinates":[[134.4993,52.5567],[134.4876,52.5721],[134.4579,52.6005],[134.4177,52.6536],[134.3853,52.6837],[134.3222,52.7111],[134.313,52.7243],[134.3147,52.7467],[134.312,52.755],[134.3027,52.7652],[134.2701,52.7802],[134.2651,52.7861],[134.2582,52.7972],[134.2134,52.8338],[134.2043,52.8395],[134.1645,52.8546],[134.1442,52.872],[134.1349,52.8782],[134.1514,52.8936],[134.1548,52.9029],[134.1533,52.9136],[134.1553,52.9335],[134.1651,52.9479],[134.1801,52.9632],[134.1875,52.9791],[134.1752,52.9949],[134.1802,53.0118],[134.17,53.0277],[134.1558,53.0452],[134.1485,53.067],[134.1426,53.0952],[134.1272,53.1209],[134.1054,53.1395],[134.0802,53.147],[134.0265,53.1423],[133.9976,53.1445],[133.95,53.1719],[133.9257,53.1734],[133.8575,53.1561],[133.7339,53.1395],[133.7266,53.1407],[133.7134,53.1458],[133.7066,53.147],[133.7005,53.145],[133.6943,53.136],[133.6891,53.1333],[133.5019,53.1418],[133.477,53.147],[133.4389,53.1673],[133.3843,53.2152],[133.3467,53.222],[133.199,53.2279],[133.1548,53.2084],[133.13,53.1896],[133.1213,53.1805],[133.1191,53.176],[133.1186,53.1712],[133.1173,53.1661],[133.1133,53.1607],[133.1055,53.1564],[133.0899,53.1541],[133.0714,53.144],[133.0601,53.1434],[133.0381,53.147],[133.0276,53.1433],[132.9966,53.1197],[132.9565,53.096],[132.8258,53.044],[132.7858,53.0194],[132.7251,52.9632],[132.6818,52.9477],[132.6682,52.9469],[132.6544,52.9477],[132.6467,52.9505],[132.6328,52.9598],[132.6272,52.962],[132.615,52.9603],[132.5932,52.9501],[132.5825,52.9477],[132.5069,52.946],[132.4136,52.9195],[132.3979,52.9102],[132.3801,52.9066],[132.3154,52.9089],[132.2914,52.9068],[132.2668,52.8898],[132.2573,52.8863],[132.2441,52.8877],[132.2302,52.8919],[132.2171,52.8941],[132.2057,52.8897],[132.1968,52.8847],[132.184,52.8815],[132.1728,52.8824],[132.1679,52.8897],[132.1629,52.8944],[132.1518,52.8857],[132.1338,52.8658],[132.1231,52.8604],[132.1143,52.8595],[132.105,52.8601],[132.0921,52.859],[132.0593,52.847],[132.0367,52.8428],[132.0237,52.8382],[132.0109,52.8364],[132,52.8416],[131.9913,52.8467],[131.9556,52.859],[131.9296,52.8623],[131.8316,52.8478],[131.8145,52.8371],[131.7843,52.8111],[131.7566,52.8033],[131.6714,52.818],[131.5914,52.8184],[131.5651,52.8111],[131.5279,52.7918],[131.4978,52.7673],[131.4131,52.6686],[131.3757,52.6416],[131.3317,52.6276],[131.2302,52.6238],[131.0517,52.5624],[130.9778,52.555],[130.833,52.5189],[130.8076,52.5163],[130.7975,52.5141],[130.7772,52.5043],[130.7664,52.5021],[130.7533,52.5045],[130.7315,52.5147],[130.7154,52.5163],[130.6746,52.5021],[130.637,52.4822],[130.627,52.4789],[130.6084,52.4644],[130.6021,52.461],[130.5909,52.4597],[130.5352,52.4422],[130.4835,52.4353],[130.3982,52.4334],[130.3767,52.4287],[130.1284,52.4127],[130.0273,52.4235],[129.9971,52.4307],[129.9671,52.4339],[129.9408,52.4264],[129.9335,52.4182],[129.9258,52.3959],[129.9204,52.3854],[129.912,52.3764],[129.8857,52.3581],[129.8931,52.3507],[129.8779,52.336],[129.8584,52.3326],[129.821,52.337],[129.7088,52.3268],[129.6931,52.3178],[129.687,52.2998],[129.6845,52.2866],[129.6777,52.2667],[129.6679,52.2487],[129.6563,52.2408],[129.5269,52.1858],[129.513,52.1756],[129.4943,52.1667],[129.4492,52.1661],[129.4338,52.1589],[129.4336,52.1519],[129.4404,52.1345],[129.4375,52.1309],[129.4272,52.1271],[129.4301,52.1186],[129.4391,52.1096],[129.4474,52.1043],[129.4258,52.0927],[129.429,52.0748],[129.437,52.0535],[129.4304,52.0319],[129.3984,52.0175],[129.3959,52.0148],[129.3849,52.0124],[129.3741,52.0064],[129.3496,51.9875],[129.3421,51.9799],[129.3359,51.9708],[129.3314,51.9596],[129.3379,51.9457],[129.3378,51.9369],[129.3276,51.9329],[129.3032,51.9281],[129.2817,51.916],[129.1772,51.8268],[129.1602,51.8167],[129.1192,51.8057],[129.0981,51.7957],[129.0921,51.7895],[129.0862,51.7808],[129.0791,51.7727],[129.0701,51.7685],[129.06,51.7712],[129.0422,51.7857],[129.0313,51.7867],[128.9865,51.7704],[128.958,51.7658],[128.9487,51.7595],[128.9413,51.7525],[128.9341,51.7473],[128.9216,51.7435],[128.9075,51.7411],[128.8926,51.7403],[128.8789,51.7412]]}},{"type":"Feature","properties":{"scalerank":9,"name":"Uchur"},"geometry":{"type":"LineString","coordinates":[[131.2881,57.3823],[131.2706,57.3854],[131.2598,57.3931],[131.2388,57.4163],[131.2278,57.4223],[131.2166,57.4223],[131.1931,57.4144],[131.1506,57.4092],[131.0213,57.4287],[130.9902,57.428],[130.9596,57.4305],[130.9274,57.4401],[130.9161,57.4404],[130.9101,57.4413],[130.9053,57.4435],[130.8939,57.4533],[130.8852,57.4572],[130.8776,57.4578],[130.8705,57.4554],[130.8633,57.4501],[130.8572,57.4439],[130.8543,57.4418],[130.8489,57.4403],[130.832,57.4407],[130.8135,57.4458],[130.78,57.4615],[130.7698,57.4688],[130.7459,57.4964],[130.7217,57.5134],[130.6646,57.53],[130.6411,57.5456],[130.6335,57.5554],[130.6294,57.5587],[130.6139,57.5662],[130.6065,57.5711],[130.6002,57.5773],[130.5957,57.585],[130.5919,57.5969],[130.5908,57.6094],[130.5922,57.6219],[130.5963,57.6335],[130.6075,57.6508],[130.7468,57.8111],[130.7639,57.8246],[130.782,57.8284],[130.7913,57.825],[130.8088,57.8129],[130.8181,57.8083],[130.8302,57.8059],[130.8427,57.8057],[130.8676,57.8091],[130.8689,57.8144],[130.8772,57.8187],[130.8835,57.8257],[130.9003,57.8524],[130.9031,57.8552],[130.9093,57.8589],[130.9141,57.8592],[130.9252,57.8555],[130.9507,57.8522],[131.0571,57.8534],[131.0698,57.8553],[131.0816,57.8602],[131.0913,57.868],[131.1084,57.8864],[131.1187,57.894],[131.1301,57.8977],[131.1404,57.899],[131.149,57.9025],[131.1552,57.9122],[131.1648,57.9508],[131.1713,57.9683],[131.1825,57.9852],[131.2478,58.0487],[131.2564,58.0684],[131.249,58.0881],[131.2349,58.1075],[131.2236,58.127],[131.2203,58.1505],[131.2218,58.1717],[131.2198,58.192],[131.2066,58.2129],[131.1689,58.2486],[131.1587,58.2678],[131.1616,58.2914],[131.1692,58.2989],[131.1812,58.3081],[131.1895,58.3184],[131.1858,58.3295],[131.1746,58.343],[131.1752,58.3502],[131.1802,58.3565],[131.1821,58.3671],[131.1764,58.3875],[131.148,58.4361],[131.1598,58.4486],[131.1769,58.449],[131.196,58.4452],[131.2139,58.4447],[131.2139,58.4583],[131.1983,58.4849],[131.1946,58.5003],[131.1978,58.5148],[131.2197,58.5509],[131.2234,58.577],[131.2144,58.5953],[131.1956,58.6069],[131.1707,58.6126],[131.1035,58.6134],[130.9781,58.5854],[130.9713,58.5821],[130.9658,58.5777],[130.9535,58.5625],[130.9401,58.5549],[130.9234,58.5511],[130.8902,58.5496],[130.8672,58.5519],[130.8185,58.5662],[130.7971,58.5755],[130.7895,58.5837],[130.7905,58.5943],[130.7947,58.6058],[130.7974,58.6164],[130.7963,58.6254],[130.7901,58.6505],[130.7847,58.6617],[130.7612,58.6809],[130.7437,58.712],[130.7153,58.7153],[130.6834,58.7148],[130.6602,58.7238],[130.6559,58.7346],[130.6577,58.7555],[130.6541,58.7648],[130.6404,58.775],[130.6251,58.7791],[130.5919,58.7791]]}},{"type":"Feature","properties":{"scalerank":9,"name":"Uchur"},"geometry":{"type":"LineString","coordinates":[[134.1218,55.805],[134.1528,55.8072],[134.167,55.8111],[134.1804,55.818],[134.2153,55.8477],[134.2283,55.8515],[134.335,55.845],[134.3655,55.8515],[134.3899,55.8788],[134.3941,55.9611],[134.417,55.9998],[134.4853,56.0715],[134.5012,56.0941],[134.5123,56.1153],[134.5162,56.1335],[134.5108,56.147],[134.5122,56.1493],[134.5156,56.1638],[134.5161,56.1686],[134.5139,56.1751],[134.5099,56.1811],[134.5001,56.191],[134.4916,56.1973],[134.4829,56.2011],[134.4737,56.2033],[134.3814,56.2094],[134.3563,56.2059],[134.3071,56.1926],[134.2639,56.1911],[134.25,56.1869],[134.2305,56.1742],[134.2119,56.1591],[134.1917,56.1478],[134.1672,56.1463],[134.1407,56.1586],[134.1227,56.1791],[134.0916,56.2242],[134.0737,56.2315],[134.0488,56.2374],[134.032,56.2464],[134.0371,56.263],[134.0132,56.285],[133.9267,56.322],[133.9199,56.33],[133.916,56.3487],[133.9102,56.3524],[133.9044,56.3575],[133.9083,56.3689],[133.9199,56.3872],[133.9216,56.3983],[133.9199,56.4018],[133.9218,56.4046],[133.9335,56.4138],[133.9594,56.4269],[133.9705,56.4344],[133.975,56.4452],[133.9756,56.4678],[133.9788,56.4851],[133.9871,56.5002],[134.0029,56.5169],[133.9776,56.5323],[133.9658,56.5416],[133.9614,56.5516],[133.969,56.5618],[134.013,56.5957],[134.0167,56.6035],[134.0177,56.6149],[134.0166,56.637],[134.0177,56.6431],[134.0224,56.6527],[134.0234,56.6578],[134.0215,56.6638],[134.017,56.6711],[134.0122,56.6758],[134.0093,56.6745],[134.0284,56.6981],[134.0972,56.7424],[134.1122,56.7605],[134.1153,56.8081],[134.1082,56.8258],[134.0419,56.8783],[133.9228,56.9278],[133.8964,56.9332],[133.8163,56.9398],[133.7916,56.9462],[133.7454,56.9649],[133.7214,56.9687],[133.7085,56.9671],[133.683,56.9608],[133.6703,56.96],[133.6555,56.9635],[133.6157,56.9844],[133.6021,56.988],[133.5626,56.9916],[133.5481,56.9981],[133.5401,57.0074],[133.5334,57.0188],[133.5237,57.0314],[133.5042,57.0448],[133.4819,57.0515],[133.4356,57.0594],[133.3945,57.0806],[133.3709,57.1155],[133.359,57.1586],[133.3523,57.2045],[133.2922,57.224],[133.2005,57.243],[133.1688,57.2381],[133.1349,57.2266],[133.1087,57.2259],[133.0906,57.2696],[133.0734,57.2739],[133.0392,57.2704],[133.0186,57.2718],[132.9609,57.2847],[132.9484,57.2851],[132.9336,57.279],[132.9212,57.2789],[132.8639,57.2911],[132.8422,57.2926],[132.8041,57.2853],[132.7708,57.2676],[132.7083,57.2237],[132.6276,57.1884],[132.6104,57.1844],[132.5562,57.1807],[132.5376,57.1754],[132.5195,57.1678],[132.5064,57.1588],[132.4985,57.1483],[132.4965,57.1384],[132.4955,57.1145],[132.4734,57.0594],[132.4336,57.0157],[132.3819,56.982],[132.3075,56.951],[132.2749,56.944],[132.2319,56.9404],[132.2217,56.9426],[132.2138,56.9471],[132.1987,56.9603],[132.191,56.963],[132.1765,56.9736],[132.1323,57.0394],[132.0949,57.0609],[132.0846,57.0729],[132.0779,57.0872],[132.0743,57.0982],[132.0657,57.1052],[131.975,57.1145],[131.9566,57.1188],[131.9527,57.1296],[131.955,57.143],[131.9542,57.1555],[131.9506,57.1652],[131.9506,57.1685],[131.949,57.1705],[131.9407,57.1766],[131.9301,57.1812],[131.8862,57.1933],[131.8662,57.2049],[131.8101,57.2499],[131.7886,57.2589],[131.7433,57.2692],[131.7039,57.2941],[131.6804,57.2995],[131.6318,57.3051],[131.5772,57.3231],[131.5479,57.3262],[131.5251,57.3151],[131.5073,57.3094],[131.4321,57.3256],[131.3805,57.3196],[131.3566,57.3222],[131.3331,57.3362],[131.3062,57.3634],[131.2905,57.3741],[131.2689,57.3802]]}},{"type":"Feature","properties":{"scalerank":9,"name":"Chara"},"geometry":{"type":"LineString","coordinates":[[117.3776,56.6164],[117.3897,56.6241],[117.5631,56.6529],[117.6367,56.687],[117.6629,56.6924],[117.7485,56.6881],[117.8225,56.6848],[117.8585,56.6917],[117.9165,56.7292],[117.9903,56.7454],[118.0222,56.7564],[118.0632,56.7792],[118.0774,56.7843],[118.0977,56.7867],[118.1155,56.7863],[118.1321,56.7892],[118.1599,56.8094],[118.1959,56.8283],[118.2075,56.8321],[118.2433,56.839],[118.2644,56.8456],[118.2761,56.8526],[118.2836,56.8601],[118.2612,56.8973],[118.2926,56.9425],[118.3471,56.9823],[118.3935,57.0034],[118.4151,56.9969],[118.4284,56.9988],[118.4409,57.0279],[118.4564,57.0347],[118.5225,57.0506],[118.5911,57.0524],[118.6255,57.0581],[118.7131,57.0948],[118.7691,57.1019],[118.7901,57.109],[118.8084,57.121],[118.8662,57.1912],[118.8857,57.2225],[118.9099,57.2526],[118.917,57.2802],[118.9116,57.3071],[118.9092,57.3314],[118.9255,57.3511],[118.9574,57.3616],[119.065,57.3665],[119.085,57.3707],[119.1087,57.38],[119.1275,57.3946],[119.1327,57.4149],[119.1173,57.4304],[119.073,57.4405],[119.0781,57.4559],[119.0698,57.4685],[119.0603,57.4763],[119.0366,57.4907],[119.0249,57.5008],[119.0075,57.5197],[118.9961,57.5279],[118.8743,57.5569],[118.8521,57.5726],[118.8521,57.5832],[118.8579,57.6102],[118.8589,57.6204],[118.8574,57.6326],[118.8543,57.6443],[118.8493,57.6551],[118.8418,57.6647],[118.8185,57.6815],[118.7931,57.6947],[118.7705,57.711],[118.7559,57.7371],[118.7546,57.7499],[118.7571,57.7562],[118.7571,57.7614],[118.749,57.7712],[118.7313,57.7811],[118.7061,57.7877],[118.6599,57.7923],[118.6475,57.796],[118.6339,57.8052],[118.6231,57.8173],[118.6187,57.8295],[118.6201,57.845],[118.6243,57.8535],[118.6308,57.8611],[118.6392,57.8736],[118.6441,57.8981],[118.6367,57.9237],[118.617,57.939],[118.5676,57.9276],[118.4888,57.9317],[118.4832,57.9393],[118.4837,57.9503],[118.4815,57.963],[118.4723,57.9768],[118.4367,58.0079],[118.3628,58.0921],[118.351,58.1008],[118.3384,58.1063],[118.3203,58.1087],[118.3046,58.109],[118.2892,58.1116],[118.273,58.1209],[118.2644,58.1309],[118.2519,58.1576],[118.2418,58.1881],[118.2418,58.2012],[118.2473,58.2136],[118.2584,58.2289],[118.2668,58.2442],[118.2683,58.2567],[118.2685,58.2692],[118.2729,58.2851],[118.2803,58.2982],[118.3108,58.3364],[118.3126,58.3574],[118.2929,58.3793],[118.2656,58.3977],[118.2455,58.408],[118.2048,58.4168],[118.1162,58.4244],[118.0811,58.4428],[118.0689,58.465],[118.0753,58.4849],[118.0879,58.5052],[118.0947,58.5288],[118.0953,58.5441],[118.0986,58.553],[118.1363,58.5848],[118.1458,58.5957],[118.145,58.6073],[118.1289,58.6209],[118.1421,58.6328],[118.1455,58.6463],[118.1423,58.6606],[118.1357,58.6756],[118.1567,58.6962],[118.1826,58.7161],[118.1982,58.7371],[118.1873,58.7615],[118.1754,58.7688],[118.1631,58.7743],[118.1533,58.7818],[118.1471,58.8013],[118.1378,58.8107],[118.1347,58.8192],[118.1323,58.8199],[118.13,58.8195],[118.1289,58.8195],[118.1309,58.8296],[118.1347,58.8314],[118.1392,58.8308],[118.1431,58.8338],[118.1471,58.8395],[118.163,58.8543],[118.1616,58.8544],[118.1786,58.8998],[118.186,58.9111],[118.2109,58.9206],[118.2524,58.9533],[118.2879,58.9678],[118.3066,58.971],[118.3276,58.9704],[118.3701,58.9608],[118.4464,58.9348],[118.4922,58.9294],[118.524,58.9341],[118.5486,58.9477],[118.5593,58.9691],[118.5498,58.9977],[118.5403,59.0059],[118.5299,59.012],[118.5244,59.0196],[118.5293,59.0324],[118.5463,59.0398],[118.5732,59.0395],[118.6006,59.0348],[118.6187,59.029],[118.6773,59.0022],[118.7187,58.9876],[118.7812,58.9742],[118.8007,58.9732],[118.8185,58.9776],[118.8316,58.9908],[118.832,58.996],[118.8261,59.0058],[118.8248,59.0113],[118.8238,59.0101],[118.8237,59.0306],[118.8248,59.0324],[118.8183,59.0626],[118.8207,59.0816],[118.8372,59.0895],[118.9968,59.0699],[119.0366,59.0728],[119.069,59.0866],[119.058,59.103],[119.0309,59.1216],[119.016,59.1423],[119.0326,59.1641],[119.0712,59.1713],[119.304,59.169],[119.3902,59.1863],[119.3958,59.1957],[119.3933,59.2205],[119.3939,59.2686],[119.4037,59.2863],[119.4282,59.3055],[119.4043,59.3304],[119.3755,59.3525],[119.3427,59.3684],[119.2659,59.3785],[119.2232,59.3914],[119.1897,59.4138],[119.1762,59.4465],[119.1855,59.4623],[119.207,59.4667],[119.231,59.4681],[119.2485,59.4744],[119.2649,59.4882],[119.3201,59.5116],[119.3535,59.5336],[119.3706,59.5423],[119.4131,59.5502],[119.4297,59.5619],[119.4424,59.5775],[119.4511,59.5942],[119.3799,59.6346],[119.373,59.6409],[119.3782,59.6469],[119.3925,59.659],[119.3995,59.6693],[119.3999,59.6782],[119.3975,59.6878],[119.3959,59.7003],[119.4006,59.7123],[119.4207,59.7338],[119.4231,59.7443],[119.4136,59.7549],[119.3994,59.7582],[119.3868,59.7633],[119.3823,59.7791],[119.3891,59.7935],[119.4043,59.8092],[119.4221,59.8218],[119.4367,59.827],[119.4526,59.8287],[119.4658,59.8343],[119.4745,59.8439],[119.4806,59.8734],[119.4887,59.8825],[119.5192,59.8952],[119.6103,59.9499],[119.6606,59.9616],[119.687,59.9808],[119.7037,59.9852],[119.7227,59.9875],[119.7794,60.0051],[119.8486,60.016],[119.9131,60.013],[119.9719,59.9908],[120.0239,59.9436],[120.0281,59.9351],[120.0337,59.9121],[120.0376,59.9027],[120.0457,59.8949],[120.0571,59.8861],[120.0674,59.8761],[120.0718,59.8648],[120.0908,59.8415],[120.1344,59.8341],[120.215,59.84],[120.2834,59.8616],[120.304,59.8629],[120.3464,59.8604],[120.4177,59.8788],[120.4352,59.8853],[120.4505,59.8966],[120.4722,59.9246],[120.4895,59.9368],[120.5615,59.9606],[120.6703,59.9768],[120.7075,59.9902],[120.7769,60.0255],[120.9352,60.0995],[120.9545,60.1185],[120.9675,60.1416],[120.9761,60.1695],[120.9859,60.1771],[121.0235,60.187],[121.0327,60.1968],[121.0291,60.2149],[121.0156,60.2279],[120.9952,60.2357],[120.9706,60.2383],[120.939,60.2487],[120.9114,60.2746],[120.8931,60.3081],[120.8888,60.3414]]}},{"type":"Feature","properties":{"scalerank":9,"name":"Nemor"},"geometry":{"type":"LineString","coordinates":[[127.7418,47.7321],[127.7304,47.7469],[127.6831,47.7836],[127.6695,47.8023],[127.6641,47.8189],[127.6586,47.8624],[127.6528,47.8863],[127.6466,47.8979],[127.5624,47.9717],[127.4737,48.076],[127.3818,48.1601],[127.3623,48.1735],[127.3541,48.1817],[127.3507,48.1945],[127.3507,48.2398],[127.3437,48.2567],[127.332,48.27],[127.2996,48.2969],[127.2855,48.3127],[127.1907,48.4722],[127.1651,48.4993],[127.1269,48.5189],[127.0771,48.5315],[126.9734,48.5402],[126.874,48.5266],[126.8482,48.5275],[126.8368,48.5306],[126.8267,48.5372],[126.8155,48.5416],[126.8037,48.5393],[126.7922,48.5351],[126.7822,48.534],[126.7765,48.5368],[126.7725,48.5411],[126.7678,48.5471],[126.7412,48.5545],[126.7198,48.5645],[126.7109,48.5704],[126.7071,48.5784],[126.6928,48.5841],[126.5547,48.614],[126.5064,48.6188],[126.4585,48.615],[126.4116,48.6017],[126.4011,48.597],[126.3775,48.5819],[126.3473,48.5695],[126.3311,48.5577],[126.323,48.555],[126.2988,48.5545],[126.2901,48.5518],[126.2545,48.534],[126.2073,48.5266],[126.1641,48.5303],[126.0758,48.5545],[126.0254,48.5611],[125.8704,48.5471],[125.8062,48.556],[125.7983,48.5582],[125.7927,48.5628],[125.7844,48.5716],[125.7657,48.5762],[125.7422,48.5679],[125.7066,48.5471],[125.6829,48.5394],[125.6608,48.5378],[125.6168,48.5402],[125.5142,48.534],[125.3149,48.5266],[125.0413,48.4856],[125.0139,48.4781],[124.9845,48.4615],[124.9705,48.461],[124.9419,48.4652],[124.9286,48.4598],[124.918,48.4496],[124.9063,48.4439],[124.8902,48.4515],[124.8775,48.4464],[124.8666,48.4494],[124.8546,48.4553],[124.8389,48.4583],[124.8279,48.4559],[124.794,48.4378],[124.7708,48.4326],[124.7183,48.4293],[124.6918,48.4241],[124.6713,48.4149],[124.6159,48.3764],[124.6049,48.372],[124.5959,48.3697],[124.5879,48.3665],[124.5791,48.359],[124.5654,48.3436],[124.5484,48.3279]]}},{"type":"Feature","properties":{"scalerank":9,"name":"Quan"},"geometry":{"type":"LineString","coordinates":[[115.5564,33.1977],[115.4072,33.2196],[115.3825,33.2287],[115.3533,33.2456],[115.3004,33.2842],[115.1926,33.3388],[115.1378,33.3526],[114.999,33.4069],[114.9824,33.4114],[114.9699,33.4168],[114.9492,33.435],[114.9082,33.4479],[114.8948,33.4615],[114.884,33.4796],[114.8652,33.501],[114.8102,33.5402],[114.6567,33.605],[114.5928,33.6153],[114.584,33.6148],[114.5751,33.6105],[114.5595,33.598],[114.552,33.5957],[114.5245,33.6027],[114.478,33.6312],[114.4531,33.6429],[114.38,33.6556],[114.3637,33.6643],[114.3477,33.6778],[114.329,33.6871],[114.2671,33.7082],[114.2534,33.7086],[114.1531,33.6578],[114.0964,33.6374],[114.0791,33.6269],[114.0681,33.6136],[114.0523,33.5823],[114.0407,33.5688],[114.0189,33.5627],[113.9854,33.5637],[113.9517,33.5687],[113.8715,33.5938],[113.8404,33.5975],[113.8001,33.5943],[113.7843,33.5963],[113.7689,33.6002],[113.7583,33.6053],[113.746,33.6088],[113.6895,33.6099],[113.6707,33.6203],[113.6577,33.6385],[113.6482,33.6557],[113.6401,33.6631],[113.6303,33.6656],[113.6287,33.6723],[113.6301,33.6796],[113.6296,33.6837],[113.6222,33.6851],[113.6078,33.6834],[113.5986,33.6837],[113.5029,33.7102],[113.4736,33.7083],[113.4395,33.6982],[113.4118,33.6804],[113.4022,33.6556],[113.3855,33.6724],[113.3732,33.6665],[113.3623,33.6514],[113.3496,33.6402],[113.3274,33.6374],[113.3057,33.6422],[113.2857,33.6513],[113.2107,33.7029],[113.1855,33.7264],[113.1764,33.7308],[113.1665,33.7313],[113.1401,33.7192],[113.1248,33.717],[113.002,33.7352],[112.876,33.7289],[112.8316,33.7284],[112.8067,33.7348],[112.7593,33.7551],[112.7316,33.7568],[112.7207,33.7534],[112.7017,33.7423],[112.6919,33.7385],[112.6769,33.736],[112.6704,33.7381],[112.6646,33.743],[112.6514,33.7496],[112.6165,33.7564],[112.5418,33.7591],[112.4635,33.7788],[112.4431,33.7804],[112.4001,33.7726],[112.3788,33.7711],[112.3349,33.7757]]}},{"type":"Feature","properties":{"scalerank":9,"name":"Muling"},"geometry":{"type":"LineString","coordinates":[[130.0798,43.8964],[130.1,43.9211],[130.1093,43.9464],[130.1159,43.9725],[130.1282,43.9998],[130.1365,44.01],[130.1559,44.0282],[130.1638,44.0384],[130.1721,44.0584],[130.1835,44.0996],[130.194,44.1195],[130.2517,44.18],[130.2554,44.1903],[130.2575,44.2119],[130.2634,44.2211],[130.2741,44.2272],[130.2978,44.2359],[130.3079,44.2431],[130.3145,44.2542],[130.3214,44.2807],[130.3268,44.2932],[130.3421,44.3106],[130.3588,44.3242],[130.3731,44.3395],[130.3816,44.3625],[130.3808,44.3863],[130.3715,44.4026],[130.3554,44.4117],[130.3341,44.4138],[130.3059,44.409],[130.2957,44.4108],[130.28,44.4202],[130.2732,44.4327],[130.2695,44.4471],[130.2622,44.462],[130.2534,44.4686],[130.2417,44.474],[130.2324,44.481],[130.2305,44.492],[130.235,44.4981],[130.2511,44.5057],[130.2573,44.5117],[130.2732,44.555],[130.2798,44.5682],[130.2915,44.58],[130.3762,44.6284],[130.3857,44.6368],[130.3927,44.6527],[130.3931,44.6688],[130.3915,44.6855],[130.3928,44.7027],[130.4038,44.7246],[130.4395,44.7615],[130.4546,44.7817],[130.4882,44.8679],[130.5051,44.8972],[130.5094,44.909],[130.5156,44.9462],[130.5191,44.9583],[130.544,45.0044],[130.5603,45.0251],[130.5947,45.057],[130.6104,45.0679],[130.6275,45.0763],[130.6471,45.0821],[130.6677,45.0931],[130.6712,45.1109],[130.6692,45.1315],[130.6741,45.1515],[130.6841,45.1607],[130.7119,45.1739],[130.7239,45.1817],[130.7368,45.1965],[130.8075,45.3074],[130.823,45.3255],[130.8535,45.3432],[130.8912,45.3484],[130.9298,45.3435],[130.9631,45.3306],[130.9972,45.3097],[131.0142,45.3027],[131.0361,45.2994],[131.115,45.2996],[131.1582,45.2888],[131.1987,45.2725],[131.2416,45.2646],[131.4414,45.2825],[131.5466,45.3281],[131.6028,45.3382],[131.6262,45.3346],[131.669,45.321],[131.6923,45.3196],[131.7227,45.3285],[131.7498,45.3453],[131.9397,45.5111],[132.0272,45.5505],[132.0628,45.574],[132.0821,45.5825],[132.0953,45.5846],[132.1375,45.5845],[132.1709,45.5954],[132.2691,45.6659],[132.2944,45.6906],[132.311,45.6983],[132.3234,45.6992],[132.4277,45.6876],[132.4955,45.6695],[132.6869,45.6726],[132.8804,45.7199],[133.0562,45.739],[133.1047,45.753],[133.267,45.8355],[133.3453,45.8602],[133.4273,45.8727],[133.5102,45.8734]]}},{"type":"Feature","properties":{"scalerank":9,"name":null},"geometry":{"type":"LineString","coordinates":[[92.1978,22.5036],[92.1801,22.503],[92.1616,22.513],[92.1553,22.5142],[92.1455,22.5078],[92.1446,22.5006],[92.1474,22.4933],[92.1484,22.4868],[92.1401,22.47],[92.126,22.4569],[92.1066,22.4483],[92.0833,22.4453],[92.0711,22.4475],[92.0543,22.4573],[92.042,22.4595],[92.0332,22.4532],[92.0289,22.425],[92.0217,22.4186],[91.9746,22.4188],[91.9531,22.4224],[91.9293,22.4316],[91.9263,22.4259],[91.9219,22.4246],[91.916,22.4251],[91.9081,22.4248]]}},{"type":"Feature","properties":{"scalerank":9,"name":null},"geometry":{"type":"LineString","coordinates":[[84.0142,30.5179],[83.9907,30.5424],[83.954,30.6004],[83.9301,30.6245],[83.8642,30.6506],[83.793,30.6469],[83.7359,30.6114],[83.7104,30.5373],[83.7011,30.5194],[83.6969,30.4951],[83.6912,30.4888],[83.6826,30.4842],[83.6716,30.477],[83.6472,30.4509],[83.6306,30.4403],[83.5854,30.4313],[83.5693,30.42],[83.5413,30.395],[83.5073,30.3746],[83.5007,30.3677],[83.4903,30.3516],[83.4829,30.3432],[83.4628,30.3264],[83.4472,30.3184],[83.3818,30.3103],[83.3599,30.3043],[83.3428,30.2931],[83.3359,30.2747],[83.3307,30.2547],[83.3052,30.2235],[83.2955,30.2032],[83.29,30.1825],[83.2906,30.1739],[83.2955,30.1617],[83.3037,30.1521],[83.3247,30.1357],[83.329,30.1238],[83.3379,30.1092],[83.3906,30.0587],[83.401,30.0546],[83.4216,30.0501],[83.4314,30.045],[83.4356,30.038],[83.4407,30.0267],[83.4472,30.0161],[83.4553,30.0114],[83.4658,30.0108],[83.4732,30.0082],[83.4778,30.0028],[83.4791,29.9935],[83.4828,29.9808],[83.4916,29.976],[83.5027,29.974],[83.5134,29.9698],[83.52,29.9644],[83.5274,29.9564],[83.5328,29.9466],[83.5356,29.9395]]}},{"type":"Feature","properties":{"scalerank":9,"name":"Balak"},"geometry":{"type":"LineString","coordinates":[[91.1646,24.3553],[91.1608,24.3492],[91.1601,24.3321],[91.164,24.3137],[91.165,24.2999],[91.1625,24.284],[91.1563,24.2701],[91.1428,24.2576],[91.1192,24.2527],[91.0938,24.2597],[91.0807,24.2527],[91.0761,24.2353],[91.0732,24.2291],[91.0673,24.2248],[91.0595,24.2167],[91.0421,24.1968],[91.0122,24.1748],[90.9998,24.1622],[90.9981,24.1535],[91.0019,24.1447],[91.0143,24.1315],[91.0307,24.1144],[91.0357,24.1058],[91.0409,24.0935],[91.0418,24.0826],[91.0392,24.0725],[91.0334,24.063],[91.0087,24.0401],[90.9998,24.034],[90.9864,24.0147],[90.985,24.0144],[90.9765,24.0075]]}},{"type":"Feature","properties":{"scalerank":9,"name":"Balak"},"geometry":{"type":"LineString","coordinates":[[94.2587,25.4612],[94.2361,25.4615],[94.2234,25.4539],[94.2148,25.443],[94.2041,25.4332],[94.1694,25.4196],[94.163,25.4127],[94.1568,25.4035],[94.1494,25.3956],[94.1389,25.3923],[94.1202,25.3885],[94.1087,25.3778],[94.1026,25.3616],[94.1011,25.3411],[94.064,25.3041],[94.0532,25.2961],[94.0579,25.3233],[94.0668,25.3495],[94.0723,25.3746],[94.0669,25.3985],[94.0534,25.409],[94.0297,25.4188],[94.0038,25.4237],[93.9844,25.4196],[93.9497,25.4437],[93.9214,25.4696],[93.8887,25.4824],[93.8411,25.4674],[93.8086,25.4462],[93.7236,25.3641],[93.6987,25.3472],[93.6791,25.3283],[93.6796,25.324],[93.6792,25.3144],[93.6491,25.262],[93.6127,25.2157],[93.6008,25.1889],[93.5846,25.1785],[93.5468,25.1657],[93.518,25.1507],[93.4961,25.1282],[93.482,25.0997],[93.4773,25.0664],[93.4739,25.0545],[93.45,25.0149],[93.4292,24.9704],[93.4101,24.9444],[93.405,24.9314],[93.4028,24.9174],[93.4022,24.9019],[93.4116,24.8467],[93.4097,24.8306],[93.3991,24.8198],[93.3853,24.8177],[93.3732,24.8143],[93.3681,24.7996],[93.3672,24.7837],[93.3635,24.767],[93.3552,24.7571],[93.3408,24.7617],[93.3344,24.7379],[93.3333,24.7169],[93.3306,24.7071],[93.3245,24.6997],[93.3134,24.6934],[93.3113,24.6968],[93.311,24.6977],[93.3067,24.7002],[93.3024,24.6871],[93.2945,24.6758],[93.2825,24.6683],[93.2656,24.6661],[93.2482,24.672],[93.2394,24.6838],[93.2316,24.697],[93.2178,24.7071],[93.219,24.696],[93.2309,24.6661],[93.2208,24.659],[93.2182,24.6509],[93.2218,24.6435],[93.2309,24.6388],[93.2208,24.6292],[93.2182,24.6173],[93.2178,24.5904],[93.2125,24.5753],[93.2043,24.5611],[93.1865,24.5388],[93.1777,24.5244],[93.1689,24.4743],[93.1513,24.4278],[93.1482,24.4105],[93.146,24.4042],[93.1386,24.3895],[93.0366,24.2592],[93.0249,24.2347],[93.0186,24.2347],[93.0132,24.262],[93.0142,24.2745],[93.0186,24.2887],[93.0261,24.3001],[93.0427,24.3153],[93.0459,24.3266],[93.0415,24.3409],[93.0229,24.3543],[93.0186,24.3675],[93.022,24.3902],[93.0205,24.4002],[93.0117,24.4129],[93.0366,24.4147],[93.0457,24.4446],[93.0527,24.5227],[93.0645,24.5589],[93.0737,24.5672],[93.0906,24.5699],[93.1006,24.5771],[93.0957,24.5937],[93.0801,24.6245],[93.0991,24.6544],[93.1062,24.672],[93.0973,24.6798],[93.0911,24.6827],[93.088,24.6903],[93.0869,24.7105],[93.0836,24.7184],[93.0759,24.7216],[93.067,24.7235],[93.0596,24.7269],[93.0356,24.7803],[93.0286,24.7896],[92.9876,24.7896],[92.9757,24.7918],[92.9666,24.7964],[92.9566,24.8033],[92.929,24.7923],[92.9108,24.7425],[92.8882,24.7344],[92.8882,24.7412],[92.896,24.742],[92.9,24.7438],[92.9033,24.7462],[92.9087,24.7486],[92.8969,24.7532],[92.8677,24.7691],[92.8659,24.7604],[92.8633,24.7559],[92.8541,24.7486],[92.8445,24.7542],[92.8429,24.7602],[92.8434,24.767],[92.8404,24.7753],[92.8346,24.7796],[92.8281,24.7816],[92.8228,24.7849],[92.8206,24.7927],[92.8279,24.7943],[92.86,24.8152],[92.8677,24.8169],[92.8585,24.8309],[92.8274,24.8242],[92.8206,24.8337],[92.8145,24.8351],[92.801,24.8419],[92.7869,24.8522],[92.7789,24.8641],[92.7593,24.8644],[92.7471,24.8863],[92.7337,24.9005],[92.7107,24.8778],[92.7162,24.8736],[92.7205,24.8697],[92.7249,24.8665],[92.7312,24.8641],[92.7312,24.8579],[92.7134,24.8636],[92.6987,24.8623],[92.6919,24.8533],[92.6972,24.8368],[92.6865,24.8367],[92.6675,24.8318],[92.6589,24.8306],[92.6466,24.8328],[92.6439,24.8375],[92.646,24.8421],[92.6487,24.8436],[92.6475,24.8474],[92.6487,24.8521],[92.649,24.8562],[92.6453,24.8579],[92.634,24.8575],[92.6289,24.8583],[92.6245,24.8609],[92.6168,24.8674],[92.6087,24.8724],[92.6006,24.8759],[92.5934,24.8778],[92.5838,24.8776],[92.5659,24.8727],[92.5186,24.8704],[92.4939,24.8654],[92.4775,24.8641],[92.4911,24.8839],[92.4942,24.8951],[92.4909,24.9125],[92.4834,24.9285],[92.4741,24.9368],[92.4493,24.9466],[92.4576,24.9535],[92.4537,24.9583],[92.4443,24.9626],[92.4121,24.9843],[92.4119,24.9876],[92.3945,24.9935],[92.3796,25.0045],[92.3628,25.0106],[92.3394,25.0019],[92.3076,25.0269],[92.2769,25.0039],[92.2503,24.9713],[92.2302,24.9677],[92.2205,24.9487],[92.2085,24.9455],[92.1944,24.9456],[92.1791,24.9367],[92.1682,24.9272],[92.1279,24.9051],[92.1133,24.8942],[92.1074,24.892],[92.0959,24.8933],[92.0883,24.8987],[92.0806,24.9016],[92.0623,24.8913],[92.0386,24.8852],[92.032,24.8796],[92.0206,24.8666],[92.0146,24.8641],[91.9723,24.8626],[91.956,24.8641],[91.9542,24.8637],[91.9293,24.8641],[91.9078,24.8704],[91.898,24.8715],[91.8635,24.8819],[91.8242,24.8996],[91.7901,24.9049],[91.7716,24.8778],[91.7665,24.892],[91.7607,24.8973],[91.7533,24.8995],[91.7437,24.9051],[91.728,24.918],[91.7178,24.9238],[91.7065,24.9261],[91.7031,24.932],[91.7027,24.9708],[91.6987,24.9805],[91.6887,24.987],[91.6685,24.9951],[91.6753,24.9943],[91.6965,24.9951],[91.6907,25.0034],[91.6803,25.0152],[91.676,25.0223],[91.689,25.0223],[91.689,25.0286],[91.6651,25.0333],[91.6414,25.0184],[91.6174,25.0085],[91.5929,25.0286],[91.5829,25.0225],[91.5751,25.0264],[91.5696,25.0368],[91.5662,25.0503],[91.5524,25.0428],[91.5481,25.0549],[91.5289,25.057],[91.5245,25.0664],[91.5214,25.0784],[91.5136,25.0827],[91.5034,25.0806],[91.4939,25.0733],[91.4793,25.065],[91.4703,25.0721],[91.4631,25.0913],[91.4509,25.0948],[91.4394,25.0941],[91.4274,25.0902],[91.4146,25.0838],[91.3995,25.0693],[91.3828,25.046],[91.3711,25.0244],[91.3706,25.0149],[91.3713,25.0102],[91.3899,24.9905],[91.3942,24.9876],[91.3959,24.9733],[91.3945,24.9607],[91.3896,24.9547],[91.3806,24.9603],[91.3744,24.9603],[91.3536,24.9174],[91.3489,24.8935],[91.3533,24.8715],[91.3709,24.8498],[91.3794,24.8365],[91.3775,24.8306],[91.3718,24.8242],[91.3634,24.8101],[91.3587,24.796],[91.3635,24.7896],[91.3889,24.7672],[91.3792,24.7182],[91.3471,24.6705],[91.3048,24.6518],[91.3081,24.6342],[91.3024,24.6141],[91.2913,24.6009],[91.2783,24.604],[91.2703,24.5935],[91.2612,24.5871],[91.2519,24.5821],[91.2433,24.5761],[91.2374,24.5693],[91.2074,24.5128],[91.1963,24.4989],[91.1819,24.4879],[91.1819,24.5016],[91.1746,24.5016],[91.1608,24.4805],[91.1685,24.4762],[91.1887,24.4606],[91.1738,24.4553],[91.1798,24.4499],[91.1936,24.4446],[91.2024,24.4395],[91.2022,24.4224],[91.1921,24.4105],[91.1787,24.4012],[91.169,24.3917],[91.1611,24.3768],[91.1594,24.3682],[91.165,24.3644],[91.1709,24.3636],[91.1718,24.3614],[91.169,24.3583],[91.1646,24.3553]]}},{"type":"Feature","properties":{"scalerank":9,"name":"Balak"},"geometry":{"type":"LineString","coordinates":[[90.9765,24.0075],[90.9671,23.9942],[90.9526,23.984],[90.9365,23.9764],[90.9124,23.9692],[90.8657,23.9655],[90.8591,23.9639],[90.8521,23.9608],[90.8469,23.9563],[90.8438,23.9503],[90.8428,23.9427],[90.844,23.9354],[90.856,23.8914],[90.8543,23.8847],[90.8496,23.8802],[90.8433,23.8765],[90.8364,23.8738],[90.8301,23.8719],[90.8227,23.8709],[90.792,23.8721],[90.7849,23.8711],[90.7783,23.8687],[90.7716,23.8647],[90.7654,23.8596],[90.7598,23.8535],[90.7559,23.8465],[90.7553,23.8384],[90.7608,23.8167],[90.7612,23.8089],[90.7597,23.8019],[90.739,23.7526],[90.7234,23.7307],[90.7212,23.7219],[90.7249,23.7154],[90.7393,23.7061],[90.7449,23.7014],[90.7493,23.6951],[90.7515,23.6879],[90.7509,23.6807],[90.7431,23.6673],[90.7305,23.6566],[90.7153,23.65],[90.6998,23.6487],[90.6836,23.6514],[90.6754,23.654],[90.6689,23.6579],[90.6626,23.6632],[90.6559,23.6676],[90.6493,23.6682],[90.6431,23.6617],[90.6414,23.6475],[90.651,23.6194],[90.6475,23.606],[90.6445,23.6029],[90.6409,23.6005],[90.6332,23.5966]]}},{"type":"Feature","properties":{"scalerank":9,"name":"Balak"},"geometry":{"type":"LineString","coordinates":[[90.7343,23.6593],[90.7609,23.6341],[90.7696,23.6228],[90.7673,23.6177],[90.7519,23.6158],[90.7402,23.6103],[90.7359,23.6017],[90.7432,23.5904],[90.7332,23.58],[90.7109,23.5671],[90.7022,23.555]]}},{"type":"Feature","properties":{"scalerank":9,"name":"Gandak"},"geometry":{"type":"LineString","coordinates":[[83.9631,29.2002],[83.9609,29.1373],[83.955,29.1087],[83.9238,29.0312],[83.9132,29.0147],[83.8984,28.9978],[83.8816,28.983],[83.8645,28.973],[83.8364,28.9639],[83.8303,28.9603],[83.8261,28.9545],[83.8233,28.9453],[83.8224,28.9317],[83.8184,28.9191],[83.7883,28.8868],[83.7812,28.8666],[83.773,28.8249],[83.7642,28.8082],[83.7504,28.7962],[83.7202,28.7767],[83.7057,28.7639],[83.6685,28.7206],[83.6152,28.6873],[83.6025,28.6745],[83.589,28.654],[83.6165,28.6287],[83.6304,28.6126],[83.6368,28.5987],[83.6352,28.5787],[83.6304,28.5643],[83.6298,28.5511],[83.6402,28.5342],[83.649,28.5042],[83.6316,28.475],[83.6057,28.4471],[83.589,28.4213],[83.5951,28.409],[83.5879,28.3955],[83.5762,28.381],[83.5686,28.366],[83.5693,28.3477],[83.5767,28.333],[83.5958,28.3046],[83.6235,28.2498],[83.6428,28.2303],[83.6716,28.2158],[83.6619,28.2022],[83.6401,28.1778],[83.6306,28.1605],[83.6279,28.1522],[83.6255,28.1394],[83.6232,28.1339],[83.6181,28.1263],[83.5708,28.0819],[83.5617,28.0712],[83.5552,28.0651],[83.5494,28.0612],[83.5464,28.0556],[83.5475,28.0445],[83.5524,28.0338],[83.5591,28.0323],[83.5669,28.0333],[83.5755,28.0302],[83.5897,28.0037],[83.5751,27.9817],[83.5435,27.9667],[83.5073,27.9613],[83.4773,27.968],[83.4602,27.9688],[83.4451,27.9613],[83.4387,27.9479],[83.448,27.9392],[83.4647,27.9313],[83.4791,27.9204],[83.4905,27.931],[83.502,27.9325],[83.5309,27.9278],[83.5596,27.9285],[83.5761,27.9265],[83.589,27.9204],[83.6007,27.9205],[83.6362,27.909],[83.6436,27.9104],[83.6616,27.9195],[83.7424,27.9203],[83.7662,27.9178],[83.7832,27.9092],[83.8111,27.8835],[83.8252,27.8762],[83.835,27.8769],[83.8583,27.8848],[83.8694,27.8867],[83.8831,27.8853],[83.9101,27.8794],[83.9238,27.8781],[83.9475,27.8837],[83.9922,27.9059],[84.0168,27.9083],[84.037,27.9007],[84.073,27.8736],[84.0923,27.8628],[84.1349,27.8542],[84.2251,27.8532],[84.2681,27.8459],[84.2857,27.8371],[84.2913,27.8269],[84.292,27.8142],[84.2949,27.7974],[84.3002,27.7894],[84.3134,27.7818],[84.3159,27.7733],[84.3171,27.7641],[84.3211,27.7593],[84.3274,27.7572],[84.3364,27.7565],[84.3481,27.7613],[84.3598,27.7725],[84.3735,27.7824],[84.3909,27.7838],[84.401,27.7752],[84.4125,27.7581],[84.4219,27.7402],[84.4258,27.7286],[84.4215,27.7139],[84.4119,27.7031],[84.3842,27.6876],[84.3562,27.6968],[84.331,27.6857],[84.3057,27.6685],[84.2779,27.6597],[84.2618,27.6612],[84.2496,27.6638],[84.2388,27.6643],[84.2266,27.6597],[84.208,27.6354],[84.1956,27.6267],[84.1787,27.6329],[84.1563,27.6094],[84.1152,27.5489],[84.103,27.5367],[84.0689,27.5579],[84.0488,27.546],[84.0263,27.544],[83.9588,27.5522],[83.9469,27.5523],[83.9385,27.5504],[83.9307,27.5438],[83.9252,27.5349],[83.9254,27.5271],[83.9351,27.5237],[83.9561,27.5235],[83.9594,27.5187],[83.9484,27.5064],[83.9409,27.4952],[83.9407,27.4838],[83.9418,27.4724],[83.9385,27.4617],[83.9225,27.4502],[83.8995,27.4441],[83.8533,27.4412],[83.8338,27.4342],[83.8423,27.4183],[83.8709,27.3897],[83.8732,27.3802],[83.8772,27.3701],[83.877,27.362],[83.8672,27.3587],[83.8613,27.3547],[83.8543,27.3453],[83.843,27.3245],[83.8411,27.303],[83.8515,27.2894],[83.8645,27.2788],[83.8709,27.2664],[83.8806,27.2615],[83.9254,27.2485],[83.9385,27.2351],[83.9385,27.2425],[83.9502,27.215],[83.9714,27.1984],[84.0204,27.1737],[84.0332,27.1544],[84.0489,27.1031],[84.0689,27.0843],[84.108,27.0926],[84.1435,27.0638],[84.1707,27.0196],[84.1856,26.9819],[84.1968,26.9402],[84.2055,26.9215],[84.2163,26.9136],[84.2293,26.9086],[84.2817,26.8795],[84.2909,26.8606],[84.2983,26.8352],[84.3085,26.8128],[84.3389,26.7967],[84.3499,26.7808],[84.3587,26.7611],[84.3723,26.6986],[84.3825,26.6811],[84.4013,26.674],[84.4155,26.6644],[84.4174,26.6194],[84.4258,26.6051],[84.5037,26.6051],[84.5191,26.5982],[84.5244,26.5815],[84.5276,26.5436],[84.537,26.5263],[84.5527,26.506],[84.5704,26.4892],[84.5906,26.48],[84.5986,26.475],[84.6088,26.4702],[84.6204,26.468],[84.6318,26.4698],[84.6539,26.4759],[84.6653,26.4748],[84.6843,26.4615],[84.7234,26.4034],[84.7566,26.3666],[84.808,26.2899],[84.8261,26.2706],[84.8469,26.2625],[84.8555,26.2613],[84.8632,26.2581],[84.8699,26.2531],[84.8759,26.2467],[84.898,26.2079],[84.9038,26.1883],[84.9075,26.1507],[84.9155,26.1359],[84.9666,26.0998],[84.9739,26.0843],[84.9661,26.0677],[84.9519,26.0559],[84.9462,26.0422],[84.9634,26.0189],[84.9776,26.0108],[85.0291,25.995],[85.0457,25.9824],[85.0659,25.9536],[85.0862,25.9305],[85.1023,25.9159],[85.1135,25.9077],[85.124,25.8721],[85.141,25.8539],[85.1588,25.8411],[85.1729,25.8275],[85.1786,25.8069],[85.193,25.7206],[85.1924,25.6954],[85.1792,25.6565],[85.1827,25.6376]]}},{"type":"Feature","properties":{"scalerank":9,"name":"Ying"},"geometry":{"type":"LineString","coordinates":[[116.5219,32.4988],[116.4802,32.4977],[116.4619,32.5079],[116.4458,32.5224],[116.4194,32.5339],[116.4107,32.5339],[116.395,32.5293],[116.3853,32.5298],[116.3725,32.5352],[116.356,32.5452],[116.3413,32.557],[116.3334,32.5676],[116.3263,32.5908],[116.3181,32.608],[116.3041,32.6195],[116.2789,32.6251],[116.2609,32.6395],[116.2412,32.7276],[116.2221,32.7574],[116.2029,32.7718],[116.1809,32.774],[116.1275,32.7602],[116.1167,32.7634],[116.1093,32.7748],[116.0942,32.793],[116.0674,32.8124],[116.0468,32.816],[116.0251,32.8143],[115.9954,32.8181],[115.9299,32.8387],[115.9009,32.8525],[115.8713,32.8715],[115.848,32.8914],[115.8066,32.9398],[115.7888,32.9654],[115.7751,32.9982],[115.7668,33.0079],[115.7534,33.0132],[115.7372,33.0152],[115.7223,33.0192],[115.7131,33.0301],[115.7061,33.0541],[115.6978,33.0717],[115.6842,33.0858],[115.6608,33.0988],[115.6221,33.1148],[115.6041,33.1256],[115.5897,33.1417],[115.5855,33.153],[115.5803,33.1789],[115.5743,33.1889],[115.5564,33.1977]]}},{"type":"Feature","properties":{"scalerank":4,"name":"Ob"},"geometry":{"type":"LineString","coordinates":[[83.0254,54.8452],[83.0141,54.82],[82.9967,54.8011],[82.9678,54.7867],[82.9046,54.7555],[82.815,54.7298],[82.7256,54.6856],[82.6417,54.6359],[82.5425,54.6033],[82.457,54.583],[82.4026,54.5518],[82.3469,54.5037],[82.2852,54.4696],[82.2163,54.4415],[82.0748,54.3727],[82.0103,54.357],[81.9273,54.342],[81.8531,54.3286],[81.7914,54.3152],[81.7209,54.2702],[81.6772,54.1917],[81.5878,54.13],[81.5341,54.1041],[81.415,54.066],[81.3513,54.0472],[81.325,54.0263],[81.3086,53.987],[81.3033,53.9709],[81.3018,53.9387],[81.312,53.9099],[81.318,53.8996],[81.3341,53.8856]]}},{"type":"Feature","properties":{"scalerank":4,"name":"Ob"},"geometry":{"type":"LineString","coordinates":[[83.8634,55.9895],[83.8611,55.9789],[83.8638,55.9575],[83.8782,55.9108],[83.8801,55.8924],[83.8748,55.8753],[83.86,55.8557],[83.7951,55.7973],[83.7722,55.7834],[83.7226,55.7661],[83.7022,55.753],[83.6531,55.7053],[83.6436,55.6881],[83.6441,55.6772],[83.6484,55.6664],[83.6549,55.6572],[83.6611,55.6502],[83.6656,55.6398],[83.6616,55.6303],[83.6547,55.6223],[83.6511,55.6161],[83.642,55.6038],[83.5977,55.5737],[83.5375,55.5432],[83.4321,55.5104],[83.3293,55.4974],[83.3059,55.4888],[83.2651,55.4553],[83.2417,55.442],[83.2167,55.4327],[83.1919,55.4274],[83.1343,55.427],[83.0286,55.4458],[82.9722,55.4479],[82.9224,55.439],[82.8813,55.4197],[82.8599,55.3887],[82.8696,55.3455],[82.8798,55.3264],[82.8859,55.3095],[82.8892,55.2925],[82.8901,55.2735],[82.8888,55.2648],[82.8836,55.2479],[82.8833,55.2356],[82.8865,55.2263],[82.8918,55.2164],[82.8963,55.2059],[82.8964,55.1946],[82.873,55.1633],[82.8386,55.1374],[82.8179,55.1076],[82.8355,55.0643],[82.8496,55.0529],[82.8704,55.0419],[82.8933,55.0335],[82.9141,55.0302],[82.9343,55.0233],[82.9932,54.9755],[83.0288,54.9632],[83.0546,54.9466],[83.0628,54.9383],[83.0581,54.9346],[83.0501,54.9234],[83.0254,54.8452]]}},{"type":"Feature","properties":{"scalerank":4,"name":"Ob"},"geometry":{"type":"LineString","coordinates":[[85.0562,52.4336],[85.0415,52.4326],[84.9846,52.4431],[84.9291,52.4468],[84.9011,52.4446],[84.8298,52.4264],[84.4334,52.4179],[84.2273,52.3673],[84.1103,52.3203],[84.0894,52.3165],[84.0708,52.3203],[84.0165,52.3382],[83.7451,52.3769],[83.7315,52.3891],[83.7219,52.4335],[83.6853,52.4879],[83.6772,52.5264],[83.6853,52.6591],[83.6751,52.7147],[83.6751,52.7243],[83.6825,52.7362],[83.6964,52.775],[83.6988,52.7895],[83.6957,52.8034],[83.6876,52.8177],[83.6682,52.8407],[83.6538,52.8519],[83.6467,52.8596],[83.6363,52.8964],[83.6338,52.9025],[83.6367,52.9078],[83.637,52.9715],[83.6436,53.0189],[83.6501,53.0285],[83.6914,53.07],[83.6934,53.0789],[83.6918,53.0883],[83.6921,53.0974],[83.6988,53.1048],[83.7088,53.1048],[83.7207,53.0987],[83.7405,53.0837],[83.7649,53.1029],[83.797,53.1059],[83.8298,53.1046],[83.8565,53.111],[83.8283,53.1591],[83.8357,53.1711],[83.8709,53.1799],[83.8105,53.2213],[83.8051,53.2283],[83.7847,53.2372],[83.7817,53.2577],[83.7879,53.2805],[83.7951,53.2966],[83.8018,53.3058],[83.8173,53.3225],[83.8224,53.3301],[83.8246,53.3658],[83.8258,53.3716],[83.83,53.3774],[83.8307,53.39],[83.8293,53.4095],[83.8215,53.4138],[83.7747,53.4064],[83.7498,53.4141],[83.7283,53.4415],[83.7091,53.4474],[83.6304,53.4337],[83.4389,53.429],[83.3831,53.4337],[83.3374,53.4486],[83.3125,53.4602],[83.2909,53.4838],[83.177,53.5257],[83.1541,53.525],[83.134,53.4806],[83.11,53.4711],[83.0547,53.4679],[82.9814,53.4433],[82.9519,53.44],[82.9001,53.4432],[82.8765,53.4419],[82.8246,53.4256],[82.8032,53.4213],[82.7568,53.4195],[82.7446,53.4206],[82.7195,53.4258],[82.7055,53.4269],[82.6606,53.4193],[82.6439,53.4195],[82.5963,53.4287],[82.5471,53.4438],[82.4998,53.4639],[82.4581,53.4883],[82.4509,53.4951],[82.4371,53.5113],[82.4309,53.5163],[82.4176,53.5203],[82.3912,53.5253],[82.3796,53.5328],[82.3726,53.5501],[82.3831,53.5856],[82.3762,53.6044],[82.3575,53.6162],[82.2939,53.6429],[82.28,53.6426],[82.2751,53.649],[82.2637,53.6519],[82.2214,53.6527],[82.218,53.6541],[82.2202,53.6599],[82.2192,53.6727],[82.2061,53.7003],[82.1905,53.71],[82.1435,53.7081],[82.1309,53.7049],[82.117,53.6985],[82.1035,53.6943],[82.0923,53.6976],[82.0886,53.7084],[82.1055,53.7258],[82.1025,53.7354],[82.0841,53.7393],[81.9102,53.7373],[81.8828,53.7416],[81.8732,53.7455],[81.8547,53.7567],[81.8486,53.7621],[81.8425,53.7718],[81.8369,53.7912],[81.8314,53.8],[81.8198,53.8054],[81.8096,53.8011],[81.8001,53.7939],[81.7903,53.7901],[81.6728,53.7928],[81.6417,53.7903],[81.6194,53.7798],[81.5995,53.7752],[81.4487,53.7824],[81.4081,53.7933],[81.377,53.8198],[81.3375,53.8816],[81.3341,53.8856]]}},{"type":"Feature","properties":{"scalerank":4,"name":"Nmai"},"geometry":{"type":"LineString","coordinates":[[97.9832,28.425],[97.9937,28.4204],[98.0203,28.4221],[98.0309,28.4178],[98.0545,28.3966],[98.0616,28.3871],[98.0771,28.3211],[98.0859,28.3114],[98.1005,28.3053],[98.151,28.2636],[98.1611,28.2595],[98.1831,28.2537],[98.1921,28.2499],[98.2017,28.2405],[98.209,28.2292],[98.2173,28.2198],[98.2302,28.2158],[98.2356,28.2122],[98.2446,28.1932],[98.2507,28.1844],[98.263,28.1761],[98.2741,28.1733],[98.2852,28.1719],[98.2957,28.1673],[98.2975,28.1638],[98.3155,28.1401],[98.3222,28.1104],[98.3317,28.0925],[98.3303,28.0826],[98.3252,28.0741],[98.3193,28.0681],[98.3111,28.0568],[98.3125,28.0467],[98.3181,28.0362],[98.323,28.024],[98.3256,27.9815],[98.3293,27.9613],[98.3398,27.9449],[98.3443,27.9288],[98.3298,27.8596],[98.3272,27.8236],[98.3303,27.8038],[98.3449,27.7786],[98.3469,27.7673],[98.3451,27.7558],[98.3398,27.7466],[98.3325,27.7369],[98.3209,27.7153],[98.3155,27.7081],[98.3007,27.6972],[98.2957,27.6951],[98.2794,27.709],[98.2661,27.6974],[98.2529,27.6776],[98.2371,27.6671],[98.1715,27.6528],[98.151,27.6597],[98.1394,27.6783],[98.1306,27.7038],[98.1192,27.7263],[98.0999,27.736],[98.0591,27.7342],[98.0371,27.73],[98.0214,27.7224],[98.0195,27.6969],[98.047,27.6043],[98.0616,27.5716],[98.0803,27.5449],[98.0869,27.5294],[98.0912,27.4835],[98.0955,27.4624],[98.1021,27.4435],[98.11,27.4269],[98.1866,27.3192],[98.2057,27.2767],[98.2158,27.2303],[98.2278,27.21],[98.2507,27.2016],[98.302,27.147],[98.3398,27.0706],[98.3496,27.06],[98.3574,27.0356],[98.364,26.9893],[98.3572,26.9102],[98.3599,26.8882],[98.3731,26.8474],[98.3775,26.8248],[98.3779,26.7875],[98.37,26.7576],[98.355,26.7313],[98.333,26.7047],[98.3419,26.6421],[98.337,26.6032],[98.3093,26.5914],[98.3137,26.5704],[98.3057,26.5495],[98.294,26.5281],[98.2882,26.5055],[98.2809,26.4429],[98.2803,26.4285],[98.2813,26.4134],[98.2842,26.4037],[98.2937,26.381],[98.2957,26.3724],[98.2922,26.3611],[98.2783,26.3454],[98.2751,26.3345],[98.273,26.3137],[98.117,25.8925],[98.0869,25.8636],[98.0762,25.8434],[98.0343,25.7896],[98.0095,25.7676],[97.9444,25.7255],[97.871,25.6591],[97.863,25.6496],[97.8554,25.6373],[97.8171,25.5983],[97.8023,25.5909],[97.8003,25.5946],[97.7813,25.6129],[97.7743,25.6182],[97.7507,25.6232],[97.739,25.6275],[97.7339,25.6356],[97.7293,25.6552],[97.7179,25.677],[97.7041,25.6961],[97.6924,25.7076],[97.668,25.7152],[97.6157,25.7078],[97.5894,25.7076],[97.537,25.7176],[97.5086,25.7158],[97.4863,25.7008]]}},{"type":"Feature","properties":{"scalerank":4,"name":"Nanpan"},"geometry":{"type":"LineString","coordinates":[[103.9216,25.8789],[103.9124,25.8595],[103.8748,25.8378],[103.8663,25.8137],[103.8731,25.794],[103.875,25.7811],[103.8701,25.7753],[103.8604,25.7725],[103.8526,25.7679],[103.8442,25.7669],[103.8323,25.7753],[103.8323,25.697],[103.8355,25.6918],[103.8425,25.6863],[103.8495,25.6793],[103.8526,25.6697],[103.8491,25.6581],[103.8411,25.6529],[103.8323,25.6502],[103.8261,25.6462],[103.8199,25.6241],[103.8277,25.6083],[103.8399,25.5935],[103.8459,25.5738],[103.8491,25.5686],[103.8632,25.5584],[103.8663,25.553],[103.8619,25.296],[103.8691,25.2813],[103.8837,25.2756],[103.8954,25.264],[103.888,25.2378],[103.8723,25.2101],[103.8595,25.1937],[103.8455,25.1855],[103.8189,25.1767],[103.8049,25.1657],[103.7959,25.1516],[103.7887,25.1359],[103.7809,25.1234],[103.7701,25.1186],[103.7701,25.1112],[103.7786,25.1076],[103.7827,25.1033],[103.7842,25.0971],[103.7844,25.0875],[103.7809,25.0834],[103.7726,25.0836],[103.7634,25.0848],[103.7564,25.0838],[103.7088,25.0465],[103.7019,25.0394],[103.6957,25.0314],[103.6814,25.0235],[103.6642,25.0174],[103.6328,25.0102],[103.5859,24.9739],[103.5667,24.9825],[103.5523,24.975],[103.5392,24.9602],[103.5237,24.9466],[103.5079,24.9411],[103.4644,24.9343],[103.4273,24.9329],[103.4231,24.9379],[103.4264,24.9507],[103.4282,24.9739],[103.4225,24.9954],[103.4116,25.0013],[103.3969,25.0057],[103.3804,25.0223],[103.356,25.0109],[103.3164,25.0085],[103.2761,25.0131],[103.2494,25.0223],[103.2313,25.0052],[103.2078,24.988],[103.1865,24.9811],[103.1743,24.9951],[103.1646,24.9841],[103.1616,24.9733],[103.1635,24.9612],[103.1675,24.9466],[103.1697,24.944],[103.1741,24.9418],[103.1784,24.9385],[103.1812,24.933],[103.1812,24.9252],[103.1624,24.8663],[103.1607,24.851],[103.1616,24.8448],[103.1665,24.8343],[103.1675,24.8306],[103.1651,24.8226],[103.1533,24.8033],[103.1455,24.8045],[103.1279,24.7767],[103.1091,24.7691],[103.0859,24.7646],[103.0732,24.7525],[103.0381,24.674],[103.0323,24.6546],[103.0303,24.6279],[103.0322,24.6068],[103.0385,24.5845],[103.0491,24.566],[103.0645,24.5562],[103.0751,24.5567],[103.0806,24.562],[103.085,24.5678],[103.0923,24.5699],[103.1038,24.5668],[103.1147,24.5603],[103.1202,24.5508],[103.1099,24.5199],[103.1124,24.472],[103.1054,24.4532],[103.0967,24.4492],[103.0733,24.4459],[103.0645,24.4395],[103.0587,24.4273],[103.0605,24.419],[103.0684,24.4143],[103.0817,24.4129],[103.0899,24.4019],[103.0923,24.3297],[103.0982,24.3216],[103.1043,24.3179],[103.1094,24.3135],[103.1128,24.303],[103.1113,24.2924],[103.1011,24.2687],[103.0986,24.2583],[103.0989,24.2359],[103.102,24.2267],[103.1173,24.2073],[103.1202,24.1998],[103.1221,24.1917],[103.1265,24.18],[103.131,24.1746],[103.1436,24.164],[103.147,24.1584],[103.1463,24.1482],[103.1359,24.1317],[103.1333,24.1211],[103.1253,24.0561],[103.1265,24.0355],[103.1294,24.0258],[103.134,24.0177],[103.1455,24.0038],[103.1511,23.997],[103.1559,23.9894],[103.1594,23.9808],[103.1621,23.9473],[103.1743,23.8915],[103.1731,23.8482],[103.1773,23.8255],[103.1917,23.8157],[103.2114,23.8104],[103.2305,23.8004],[103.2498,23.7946],[103.2705,23.8021],[103.2772,23.8122],[103.2852,23.8409],[103.291,23.8505],[103.3002,23.8548],[103.3691,23.86],[103.4343,23.8846],[103.5459,23.879],[103.6023,23.8887],[103.5989,23.9256],[103.6206,23.9607],[103.6301,23.9811],[103.6343,23.9976],[103.6269,24.0148],[103.5914,24.045],[103.5783,24.0628],[103.5748,24.0877],[103.5835,24.1058],[103.6162,24.1345],[103.6274,24.1486],[103.6321,24.1567],[103.6388,24.1754],[103.6497,24.1813],[103.6746,24.1863],[103.7334,24.2045],[103.753,24.2067],[103.7642,24.2067],[103.7744,24.2083],[103.7817,24.2133],[103.7844,24.2242],[103.7862,24.2385],[103.7911,24.2465],[103.7975,24.2529],[103.8049,24.262],[103.814,24.2868],[103.8186,24.2955],[103.8368,24.3151],[103.8398,24.3197],[103.8462,24.3416],[103.8617,24.3577],[103.8942,24.378],[103.9142,24.3979],[103.9334,24.4213],[103.9552,24.4418],[103.9837,24.4532],[104.0045,24.4544],[104.0186,24.4515],[104.0513,24.4395],[104.0676,24.4381],[104.0836,24.4414],[104.1128,24.4532],[104.1463,24.4718],[104.1978,24.5123],[104.2295,24.5289],[104.2433,24.5322],[104.2915,24.5351],[104.3045,24.5396],[104.353,24.5624],[104.3722,24.5707],[104.3816,24.5834],[104.394,24.6177],[104.4011,24.6275],[104.4124,24.6366],[104.4702,24.6699],[104.5117,24.7183],[104.5374,24.7412],[104.5558,24.7453],[104.5821,24.7284],[104.6301,24.6828],[104.6401,24.6766],[104.6546,24.6713],[104.6705,24.6675],[104.6851,24.6661],[104.6949,24.6617],[104.7175,24.64],[104.7291,24.6314],[104.7463,24.6463],[104.7628,24.6643],[104.7808,24.6796],[104.8018,24.6859],[104.8251,24.6882],[104.8408,24.6949],[104.8516,24.7058],[104.8765,24.755],[104.8894,24.7653],[104.9317,24.7711],[104.9736,24.7826],[104.9995,24.793],[105.0064,24.7948],[105.0122,24.7974],[105.0183,24.8033],[105.0241,24.8145],[105.03,24.8383],[105.039,24.855],[105.0442,24.8797],[105.045,24.8886],[105.0479,24.8953],[105.0668,24.9125],[105.0999,24.9542],[105.1103,24.9603],[105.1196,24.9624],[105.1392,24.9718],[105.1509,24.9739],[105.1636,24.9788],[105.177,25.0013],[105.1885,25.0087],[105.2057,25.0039],[105.2286,24.9889],[105.2486,24.971],[105.267,24.9381],[105.2891,24.9331],[105.3141,24.9358],[105.3324,24.9405],[105.3604,24.9533],[105.3805,24.9571],[105.398,24.9501],[105.4136,24.9405],[105.4307,24.934],[105.444,24.9235],[105.4578,24.8663],[105.4789,24.8372],[105.5084,24.8174],[105.5419,24.8101],[105.5801,24.8123],[105.593,24.8107],[105.6074,24.8033],[105.6362,24.7841],[105.6548,24.7806],[105.6751,24.7896],[105.7283,24.7532],[105.7603,24.7428],[105.7875,24.7156],[105.8054,24.7071],[105.8255,24.7089],[105.8517,24.7293],[105.8706,24.7344],[105.898,24.7333],[105.9161,24.7286],[105.9314,24.7183],[106.0009,24.6484],[106.0204,24.6419],[106.0361,24.6547],[106.0593,24.6934],[106.0838,24.7152],[106.1508,24.7597],[106.176,24.7822],[106.1991,24.8298],[106.1983,24.8767],[106.1812,24.9209],[106.1554,24.9603],[106.1674,24.9645],[106.1765,24.9624],[106.1856,24.9593],[106.197,24.9603],[106.2036,24.9656],[106.2078,24.9727],[106.2139,24.9788],[106.2271,24.9814],[106.3062,24.9814],[106.3704,25.0043],[106.3808,25.0118],[106.4566,25.036],[106.5044,25.0713],[106.5151,25.077],[106.5868,25.1043],[106.6167,25.1269],[106.6404,25.1529],[106.6665,25.1734],[106.7041,25.1794],[106.7849,25.1797],[106.8858,25.1969],[106.8891,25.1993],[106.8953,25.2067],[106.9001,25.2165],[106.9048,25.2401],[106.9089,25.2483],[106.9236,25.2548],[106.9444,25.2562],[106.963,25.2502],[106.9705,25.2346]]}},{"type":"Feature","properties":{"scalerank":4,"name":"Kyzyl-Khem"},"geometry":{"type":"LineString","coordinates":[[98.0003,51.5141],[97.9129,51.5286],[97.8939,51.524],[97.8831,51.516],[97.8745,51.5156],[97.867,51.5184],[97.8596,51.5203],[97.8384,51.5203],[97.7539,51.4998],[97.7422,51.494],[97.7192,51.4768],[97.7162,51.4732],[97.6401,51.4308],[97.6098,51.4179],[97.5862,51.4254],[97.5567,51.4192],[97.5291,51.4063],[97.5105,51.3934],[97.4911,51.389],[97.3424,51.3867],[97.3189,51.3786],[97.2979,51.3596],[97.2774,51.3514],[97.2456,51.3535],[97.1915,51.3633],[97.0276,51.3558],[97.0139,51.3534],[96.988,51.3435],[96.9731,51.3421],[96.9605,51.3455],[96.942,51.3581],[96.9314,51.3633],[96.9156,51.3649],[96.8731,51.3558],[96.8617,51.359],[96.8359,51.3731],[96.8215,51.3763],[96.6406,51.3701],[96.629,51.3668],[96.6099,51.3522],[96.5991,51.349],[96.3213,51.349],[96.2808,51.3421],[96.266,51.3421],[96.2549,51.345],[96.2334,51.3539],[96.2122,51.3576],[96.2022,51.3627],[96.1946,51.3703],[96.1866,51.3911],[96.1743,51.3961],[96.1436,51.3968],[96.0845,51.3913],[96.054,51.3823],[96.0406,51.3667],[96.0326,51.3464],[96.013,51.3388],[95.9882,51.3391],[95.965,51.3421],[95.9409,51.3451],[95.9304,51.3447],[95.9172,51.3421],[95.9065,51.3377],[95.8836,51.3249],[95.8536,51.3178],[95.8024,51.2985],[95.78,51.295]]}},{"type":"Feature","properties":{"scalerank":4,"name":"Nu"},"geometry":{"type":"LineString","coordinates":[[91.5183,31.9431],[91.5322,31.9097],[91.5366,31.8915],[91.538,31.8587],[91.5405,31.8504],[91.545,31.8406],[91.5454,31.8321],[91.5444,31.8162],[91.545,31.8065],[91.5486,31.7872],[91.5547,31.7721],[91.5655,31.7622],[91.5833,31.7587],[91.5951,31.7532],[91.6287,31.7294],[91.6594,31.7188],[91.6695,31.7068],[91.6783,31.693],[91.689,31.6824],[91.7057,31.6772],[91.7223,31.6755],[91.7359,31.6706],[91.7437,31.6556],[91.7442,31.6457],[91.742,31.6394],[91.7388,31.6344],[91.7363,31.6284],[91.7312,31.6073],[91.7307,31.5973],[91.7763,31.5693],[91.7847,31.5563],[91.79,31.5428],[91.8009,31.5266],[91.8088,31.5089],[91.8058,31.4912],[91.7975,31.4912],[91.791,31.4871],[91.7866,31.48],[91.7847,31.4713],[91.7877,31.4573],[91.795,31.4483],[91.8023,31.441],[91.813,31.4143],[91.8307,31.4032],[91.853,31.3993],[91.874,31.4024],[91.8886,31.4119],[91.9028,31.4256],[91.9189,31.438],[91.939,31.4434],[91.9763,31.4393],[92.0126,31.4287],[92.0198,31.4255],[92.0269,31.4212],[92.0332,31.4158],[92.0377,31.4091],[92.0395,31.4012],[92.0386,31.3931],[92.0346,31.377],[92.0388,31.3409],[92.0588,31.3133],[92.0899,31.2965],[92.1262,31.2926],[92.1836,31.2942],[92.2097,31.2893],[92.2188,31.2893],[92.2415,31.2951],[92.2644,31.3067],[92.2852,31.322],[92.3084,31.3468],[92.3214,31.3645],[92.3263,31.3741],[92.3315,31.3931],[92.3325,31.4034],[92.332,31.4127],[92.3296,31.4202],[92.3225,31.4347],[92.3206,31.4427],[92.3219,31.4536],[92.3277,31.4632],[92.3368,31.4698],[92.348,31.4715],[92.3574,31.4674],[92.3711,31.4532],[92.3814,31.4514],[92.3871,31.4539],[92.3906,31.4582],[92.3936,31.463],[92.3974,31.4667],[92.4057,31.4694],[92.4133,31.4683],[92.4295,31.4639],[92.4385,31.4643],[92.4454,31.4666],[92.4605,31.4737],[92.5025,31.4845],[92.516,31.4905],[92.5274,31.4997],[92.532,31.502],[92.54,31.5032],[92.5639,31.5019],[92.5769,31.5052],[92.6021,31.5159],[92.6155,31.5186],[92.6515,31.5151],[92.6642,31.5159],[92.6746,31.5192],[92.6926,31.529],[92.7026,31.5328],[92.7101,31.5358],[92.7237,31.5444],[92.731,31.5478],[92.7654,31.5532],[92.7808,31.5499],[92.8301,31.5524],[92.8404,31.5563],[92.8438,31.564],[92.8517,31.5642],[92.8711,31.5594],[92.877,31.5616],[92.8794,31.5663],[92.8811,31.571],[92.8845,31.5731],[92.9241,31.5726],[92.9304,31.5689],[92.9326,31.5642],[92.9338,31.5528],[92.9365,31.5476],[92.9487,31.5404],[92.9629,31.5423],[92.9767,31.5494],[92.9968,31.5639],[93.0032,31.5665],[93.0099,31.5653],[93.0269,31.5561],[93.0406,31.546],[93.0462,31.5401],[93.0492,31.5346],[93.0515,31.529],[93.0547,31.5242],[93.0608,31.5212],[93.0712,31.5226],[93.0917,31.5363],[93.1016,31.5413],[93.1295,31.546],[93.1436,31.546],[93.188,31.5387],[93.4022,31.544],[93.4284,31.5504],[93.4421,31.5521],[93.4556,31.551],[93.5073,31.5321],[93.5171,31.5303],[93.5474,31.5296],[93.5639,31.5255],[93.5947,31.5123],[93.6113,31.5095],[93.7169,31.508],[93.75,31.4938],[93.768,31.4886],[93.7882,31.4903],[93.8477,31.5127],[93.917,31.5107],[93.9253,31.5122],[93.9342,31.5156],[93.9417,31.5203],[93.9557,31.5318],[93.9636,31.5359],[93.9732,31.5376],[93.9805,31.5351],[93.9954,31.5263],[94.0049,31.5244],[94.0327,31.5255],[94.0418,31.5231],[94.0484,31.5187],[94.0613,31.5078],[94.0703,31.5029],[94.0785,31.5012],[94.0977,31.5011],[94.1072,31.4993],[94.1308,31.4881],[94.1389,31.487],[94.1553,31.4876],[94.1635,31.4869],[94.1685,31.4855],[94.1782,31.4815],[94.1832,31.4801],[94.2009,31.4804],[94.2158,31.4859],[94.2432,31.504],[94.2573,31.5097],[94.2675,31.5072],[94.2861,31.4883],[94.3013,31.4797],[94.3193,31.4781],[94.4487,31.4811],[94.4702,31.4842],[94.4876,31.4844],[94.5042,31.4805],[94.542,31.4656],[94.5615,31.4616],[94.5798,31.4555],[94.5945,31.4428],[94.5991,31.43],[94.5952,31.4192],[94.5796,31.398],[94.5725,31.3819],[94.5693,31.3674],[94.5694,31.3212],[94.568,31.3148],[94.5647,31.3088],[94.5524,31.298],[94.5232,31.2814],[94.5109,31.2706],[94.5055,31.2579],[94.512,31.2512],[94.5396,31.2449],[94.5937,31.2387],[94.6085,31.2294],[94.6138,31.2217],[94.6217,31.1954],[94.6324,31.1701],[94.6343,31.1611],[94.6343,31.1435],[94.6352,31.135],[94.6392,31.1275],[94.6446,31.1232],[94.6657,31.113],[94.6812,31.101],[94.6891,31.096],[94.6988,31.0926],[94.7173,31.0913],[94.7234,31.089],[94.7273,31.0852],[94.733,31.0759],[94.7368,31.0728],[94.7542,31.0704],[94.7727,31.0748],[94.8821,31.1265],[94.888,31.1275],[94.8945,31.1277],[94.9006,31.1285],[94.9058,31.1316],[94.9088,31.1376],[94.9107,31.1524],[94.9132,31.159],[94.9216,31.1671],[94.9336,31.1743],[94.958,31.1835],[94.9673,31.1851],[95.0084,31.1829],[95.0327,31.1776],[95.0451,31.1727],[95.0582,31.1697],[95.0699,31.1723],[95.093,31.184],[95.1121,31.1887],[95.1707,31.1862],[95.2249,31.1905],[95.252,31.1889],[95.4324,31.1289],[95.4475,31.1189],[95.4575,31.1036],[95.4727,31.0697],[95.4968,31.0381],[95.5186,30.9939],[95.5279,30.9808],[95.5361,30.9737],[95.5891,30.9449],[95.6016,30.9398],[95.6152,30.9381],[95.6306,30.9398],[95.6458,30.9439],[95.6605,30.95],[95.6738,30.9576],[95.6938,30.966],[95.7123,30.9663],[95.7605,30.9532],[95.7705,30.9526],[95.7803,30.954],[95.7891,30.9574],[95.7944,30.9607],[95.7991,30.9644],[95.8024,30.9689],[95.8052,30.9746],[95.8074,30.9844],[95.8088,30.989],[95.812,30.9934],[95.8228,31.0009],[95.8367,31.0056],[95.8515,31.0074],[95.8648,31.0066],[95.8713,31.0049],[95.8767,31.002],[95.8806,30.9979],[95.8833,30.9921],[95.8844,30.9848],[95.8858,30.9824],[95.8899,30.9796],[95.8953,30.9791],[95.9046,30.9858],[95.9105,30.9864],[95.9155,30.9832],[95.919,30.9754],[95.9239,30.9727],[95.9463,30.9681],[95.9688,30.9659],[95.9758,30.9637],[95.9972,30.9528],[96.0034,30.9486],[96.0549,30.9454],[96.072,30.9381],[96.1028,30.9208],[96.1196,30.9175],[96.1642,30.9141],[96.255,30.8924],[96.2719,30.8863],[96.2778,30.8819],[96.2799,30.8769],[96.2812,30.8711],[96.2842,30.8643],[96.2907,30.8599],[96.2991,30.8606],[96.3082,30.8632],[96.3173,30.8643],[96.33,30.8627],[96.3357,30.8608],[96.3411,30.857],[96.3452,30.8517],[96.3513,30.8393],[96.3551,30.8336],[96.3618,30.8253],[96.3678,30.8162],[96.4175,30.6688],[96.4243,30.6278],[96.4361,30.5926],[96.438,30.5831],[96.4439,30.5661],[96.4858,30.5168],[96.5064,30.4827],[96.5308,30.46],[96.5405,30.4335],[96.5557,30.4327],[96.5956,30.4479]]}},{"type":"Feature","properties":{"scalerank":4,"name":"Ayeyarwady"},"geometry":{"type":"LineString","coordinates":[[97.4863,25.7008],[97.5005,25.6966],[97.5161,25.6944],[97.5288,25.6892],[97.5342,25.6763],[97.5308,25.6671],[97.5136,25.6441],[97.5068,25.6319],[97.5015,25.6055],[97.4968,25.5488],[97.4863,25.522],[97.4389,25.4548],[97.4091,25.398],[97.4036,25.3814],[97.4075,25.3681],[97.419,25.3543],[97.4243,25.3409],[97.4205,25.3302],[97.4044,25.324],[97.3977,25.327],[97.3788,25.3333],[97.3702,25.3377],[97.3467,25.3668],[97.3369,25.3695],[97.3252,25.3651],[97.3135,25.3572],[97.3082,25.3479],[97.3092,25.3428],[97.3139,25.3333],[97.315,25.3271],[97.3137,25.3187],[97.3108,25.3178],[97.3062,25.319],[97.3008,25.3166],[97.2922,25.3109],[97.2827,25.3072],[97.274,25.3013],[97.2678,25.2893],[97.267,25.2778],[97.273,25.2564],[97.2747,25.2449],[97.2715,25.2174],[97.2628,25.2071],[97.2498,25.2011],[97.233,25.1862],[97.228,25.1686],[97.2315,25.1461],[97.2437,25.1268],[97.2644,25.1186],[97.3071,25.1295],[97.3189,25.1269],[97.315,25.1043],[97.2979,25.0815],[97.2799,25.0866],[97.2599,25.098],[97.2368,25.0941],[97.2262,25.0895],[97.2187,25.0894],[97.2141,25.0865],[97.2126,25.0733],[97.2154,25.0609],[97.2291,25.046],[97.233,25.036],[97.2219,24.997],[97.1886,24.9694],[97.117,24.933],[97.1015,24.9162],[97.0982,24.8998],[97.1028,24.8678],[97.093,24.8605],[97.0481,24.8401],[97.0344,24.8231],[97.0349,24.8028],[97.0508,24.7579],[97.0606,24.7164],[97.1028,24.6518],[97.1113,24.6314],[97.1155,24.6114],[97.1181,24.5445],[97.1171,24.5335],[97.1069,24.514],[97.1109,24.5027],[97.1231,24.4879],[97.1216,24.3725],[97.1368,24.3371],[97.1855,24.289],[97.1885,24.2813],[97.205,24.2705],[97.2031,24.2462],[97.1931,24.2208],[97.1853,24.2067],[97.1763,24.1949],[97.1636,24.1813],[97.1472,24.1704],[97.1128,24.1614],[97.0841,24.1422],[97.0617,24.1379],[97.0503,24.1387],[97.0308,24.1431],[97.0095,24.1454],[96.9761,24.1447],[96.9561,24.1401],[96.9424,24.1317],[96.9292,24.1281],[96.9108,24.1379],[96.8674,24.1868],[96.8369,24.199],[96.8213,24.2128],[96.8084,24.2286],[96.801,24.2409],[96.7909,24.2774],[96.782,24.2904],[96.7507,24.2996],[96.6987,24.3297],[96.6528,24.3466],[96.6406,24.3542],[96.6336,24.3573],[96.6225,24.3588],[96.6109,24.359],[96.6025,24.3576],[96.5919,24.3524],[96.5886,24.3469],[96.5872,24.3398],[96.582,24.3297],[96.5676,24.3142],[96.5513,24.3035],[96.5323,24.2975],[96.5099,24.2955],[96.4909,24.2992],[96.4727,24.3059],[96.4548,24.3093],[96.438,24.303],[96.4464,24.2752],[96.4314,24.2532],[96.3833,24.2211],[96.3626,24.2002],[96.3032,24.114],[96.295,24.0962],[96.2898,24.0751],[96.2871,24.0485],[96.29,23.9703],[96.2803,23.9461],[96.2744,23.94],[96.271,23.9321],[96.2504,23.8576],[96.2454,23.845],[96.2378,23.8341],[96.2288,23.8294],[96.2214,23.8242],[96.2167,23.8121],[96.205,23.7685],[96.2003,23.7616],[96.1915,23.7543],[96.1807,23.7522],[96.1672,23.7526],[96.1555,23.7497],[96.1505,23.7373],[96.148,23.7131],[96.1401,23.691],[96.1274,23.6707],[96.1096,23.6519],[96.0571,23.6091],[96.0349,23.5852],[96.0203,23.555],[96.0123,23.5142],[96.0066,23.385],[95.9781,23.2617],[95.9649,22.7691],[95.962,22.7594],[95.9551,22.7503],[95.9435,22.7442],[95.9201,22.7432],[95.9105,22.7394],[95.9013,22.7072],[95.917,22.6617],[95.9853,22.5501],[95.9902,22.5293],[95.9824,22.5104],[95.9695,22.492],[95.9648,22.4726],[95.9638,22.3925],[95.9705,22.3744],[95.9895,22.3528],[96.0127,22.3319],[96.0137,22.323],[96.0066,22.3087],[96.0015,22.3028],[95.9959,22.2984],[95.9905,22.2923],[95.9861,22.2814],[95.9846,22.2708],[95.9878,22.2165],[96.0004,22.1579],[96.0075,22.0894],[96.025,22.0582],[96.0481,21.994],[96.0513,21.9564],[96.0413,21.9234],[96.021,21.8966],[95.9929,21.8767],[95.9732,21.8673],[95.9555,21.8609],[95.9365,21.8574],[95.9138,21.8563],[95.9009,21.8634],[95.8489,21.9108],[95.8147,21.9256],[95.7765,21.9315],[95.5269,21.9221],[95.512,21.9175],[95.5058,21.9078],[95.4994,21.89],[95.4717,21.8569],[95.4653,21.8395],[95.4615,21.8113],[95.4505,21.7808],[95.4321,21.7564],[95.4067,21.7464],[95.3871,21.7331],[95.3683,21.6653],[95.3555,21.6365],[95.3555,21.6303],[95.3489,21.6213],[95.3423,21.6089],[95.337,21.596],[95.3274,21.546],[95.3245,21.5375],[95.3302,21.4639],[95.3213,21.4658],[95.3134,21.4521],[95.3056,21.4505],[95.2969,21.453],[95.2872,21.4522],[95.2804,21.4485],[95.2755,21.4451],[95.272,21.4418],[95.2691,21.4384],[95.2555,21.4211],[95.191,21.3702],[95.1586,21.3297],[95.1416,21.3139],[95.1187,21.3076],[95.0774,21.3013],[95.0694,21.3033],[95.0564,21.3123],[95.0475,21.315],[95.0219,21.3112],[95.0022,21.2967],[94.9898,21.2751],[94.9856,21.2498],[94.975,21.2442],[94.9098,21.2256],[94.863,21.226],[94.8596,21.2272],[94.856,21.2276],[94.8484,21.2256],[94.843,21.2225],[94.8338,21.2137],[94.8193,21.2044],[94.8098,21.186],[94.8033,21.1635],[94.7999,21.1437],[94.801,21.0996],[94.8171,21.0157],[94.8203,20.9724],[94.8064,20.9245],[94.7765,20.8911],[94.7429,20.8642],[94.718,20.8358],[94.7131,20.8138],[94.7188,20.7961],[94.7276,20.78],[94.7324,20.7632],[94.734,20.7456],[94.7449,20.7065],[94.7522,20.6912],[94.7667,20.6729],[94.7825,20.6581],[94.7949,20.6434],[94.7999,20.626],[94.803,20.6061],[94.8164,20.5659],[94.8203,20.5472],[94.8185,20.5152],[94.8203,20.5062],[94.8286,20.4961],[94.8384,20.4917],[94.8489,20.4886],[94.8587,20.482],[94.8692,20.4639],[94.8893,20.3963],[94.9052,20.3649],[94.9087,20.3438],[94.9001,20.3247],[94.8965,20.3104],[94.8967,20.2456],[94.8994,20.236],[94.9084,20.2168],[94.9098,20.2046],[94.9076,20.1998],[94.8987,20.1905],[94.8967,20.1841],[94.898,20.1773],[94.9001,20.173],[94.9026,20.1699],[94.9036,20.1671],[94.9067,20.1466],[94.9145,20.1243],[94.9255,20.1038],[94.9378,20.0885],[94.9673,20.0664],[94.9856,20.0574],[95.0025,20.0537],[95.0108,20.0492],[95.017,20.0386],[95.0192,20.0262],[95.0162,20.0165],[95.0108,20.0054],[95.0141,19.9964],[95.0265,19.9849],[95.0331,19.9805],[95.0503,19.9727],[95.0538,19.9684],[95.0475,19.9377],[95.0486,19.9244],[95.0522,19.9151],[95.0619,19.9102],[95.0811,19.9103],[95.1126,19.8907],[95.1422,19.8609],[95.1602,19.8231],[95.1563,19.7801],[95.1387,19.7508],[95.1358,19.7391],[95.1384,19.7268],[95.1528,19.7083],[95.1563,19.7012],[95.1699,19.6224],[95.1645,19.5006],[95.1699,19.4579],[95.1939,19.3967],[95.1973,19.3723],[95.1956,19.3509],[95.1873,19.32],[95.1749,19.1529],[95.1699,19.1358],[95.1549,19.1162],[95.1394,19.1069],[95.127,19.0956],[95.1127,19.0152],[95.1152,18.9918],[95.1259,18.9508],[95.1342,18.9309],[95.1463,18.9132],[95.1934,18.8658],[95.2041,18.8483],[95.2131,18.8055],[95.2046,18.7679],[95.1856,18.7376],[95.1631,18.7168],[95.1528,18.7108],[95.1221,18.6975],[95.1173,18.6968],[95.1062,18.6984],[95.1016,18.6975],[95.0994,18.6933],[95.0952,18.6795],[95.0798,18.6671],[95.0759,18.6451],[95.0737,18.6013],[95.0665,18.5797],[95.063,18.5618],[95.0675,18.5438],[95.0846,18.5222],[95.1631,18.4642],[95.1795,18.4476],[95.1924,18.43],[95.2009,18.4099],[95.2041,18.3856],[95.2099,18.3632],[95.2241,18.3486],[95.2422,18.3395],[95.2593,18.3338],[95.2874,18.32],[95.3117,18.3001],[95.3555,18.2513],[95.3611,18.2466],[95.3772,18.2362],[95.3828,18.2308],[95.3878,18.2199],[95.3948,18.1953],[95.3999,18.1861],[95.4036,18.1767],[95.4028,18.1546],[95.4067,18.1451],[95.4124,18.1359],[95.4503,18.0331],[95.4546,17.9964],[95.4448,17.9571],[95.4399,17.9494],[95.4286,17.9385],[95.4238,17.9291],[95.4242,17.9211],[95.4337,17.8759],[95.4399,17.8666],[95.4545,17.8503],[95.4591,17.84],[95.4578,17.8295],[95.4511,17.8131],[95.4497,17.7702],[95.4581,17.726],[95.4736,17.6859],[95.4926,17.6554],[95.5025,17.6453],[95.5166,17.6341],[95.5331,17.625],[95.5507,17.6213],[95.5655,17.6143],[95.5615,17.5974],[95.541,17.5598],[95.5403,17.5443],[95.5425,17.5211],[95.5479,17.5001],[95.5575,17.4909],[95.5701,17.4844],[95.6041,17.4533],[95.6231,17.4431],[95.6484,17.4401],[95.665,17.4407],[95.6742,17.4366],[95.677,17.419],[95.6699,17.4081],[95.6231,17.381],[95.6104,17.366],[95.5995,17.3455],[95.5917,17.3232],[95.5889,17.3026],[95.5889,17.2619],[95.5913,17.2514],[95.6399,17.1477],[95.6465,17.1099],[95.6359,17.0732],[95.5958,17.0364],[95.5717,17.0188],[95.561,17.0148],[95.5631,16.9817],[95.5674,16.9641],[95.5752,16.9422],[95.6122,16.8797],[95.6126,16.864],[95.5933,16.8489],[95.5757,16.8477],[95.5569,16.8502],[95.5337,16.8466],[95.5215,16.8378],[95.4923,16.8113],[95.4752,16.8057],[95.4502,16.8038],[95.4331,16.7982],[95.4033,16.7778],[95.3887,16.7725],[95.3486,16.7648],[95.335,16.7579],[95.3311,16.7435],[95.3325,16.7196],[95.3385,16.6942],[95.3486,16.6754],[95.3237,16.6614],[95.3233,16.6476],[95.3279,16.6313],[95.3176,16.6102],[95.3023,16.6021],[95.2817,16.5961],[95.2627,16.5877],[95.2517,16.5729],[95.2532,16.5633],[95.2646,16.545],[95.2661,16.5382],[95.2589,16.5292],[95.2309,16.5082],[95.2214,16.504],[95.2007,16.4991],[95.1882,16.4864],[95.1777,16.4688],[95.1631,16.4494],[95.0801,16.3939],[95.0606,16.3675],[95.04,16.2952],[95.0338,16.2813],[95.0071,16.2607],[94.9924,16.2508]]}},{"type":"Feature","properties":{"scalerank":4,"name":"Malyy Yenisey"},"geometry":{"type":"LineString","coordinates":[[95.78,51.295],[95.7539,51.303],[95.747,51.3193],[95.7526,51.3596],[95.7427,51.3704],[95.6572,51.4168],[95.6445,51.428],[95.6192,51.4551],[95.6021,51.4692],[95.4846,51.536],[95.4519,51.543],[95.4321,51.5528],[95.4204,51.555],[95.3966,51.5533],[95.376,51.5482],[95.3287,51.5436],[95.1973,51.5823],[95.1608,51.5854],[95.1494,51.5886],[95.1415,51.5945],[95.1243,51.6127],[95.1187,51.6165],[95.0992,51.6223],[95.0554,51.6493],[95.0339,51.6575],[95.0213,51.6578],[95.0103,51.6558],[94.9924,51.6507],[94.9493,51.6428],[94.9185,51.6319],[94.8935,51.6394],[94.8552,51.6649],[94.8137,51.6853],[94.7876,51.6946],[94.6909,51.7115],[94.5125,51.7232],[94.4648,51.7337]]}},{"type":"Feature","properties":{"scalerank":4,"name":"Verkhniy Yenisey"},"geometry":{"type":"LineString","coordinates":[[91.5109,53.7354],[91.4937,53.7547],[91.4834,53.768],[91.4688,53.7781],[91.4429,53.7993],[91.4337,53.8237],[91.4356,53.8618],[91.4414,53.8905],[91.4484,53.9151],[91.4592,53.9321],[91.4907,53.9409],[91.5126,53.9581],[91.5276,53.9794],[91.5466,54.0043],[91.5588,54.0291],[91.5602,54.0629],[91.5478,54.0953],[91.5256,54.1319],[91.4927,54.1726],[91.4356,54.2259],[91.4059,54.2675],[91.3805,54.3106],[91.3394,54.347],[91.294,54.3823],[91.273,54.4255],[91.2739,54.4742],[91.2603,54.5114],[91.2315,54.5294],[91.1943,54.5468],[91.1598,54.5588],[91.1231,54.576],[90.9594,54.6397],[90.9343,54.6666],[90.9355,54.7003],[90.9465,54.7629],[90.9487,54.8056],[90.9465,54.8566],[90.9514,54.887],[90.9649,54.9063],[90.983,54.9366],[90.9999,54.9615],[91.0139,54.9796],[91.0348,55.0019],[91.0635,55.0228],[91.0991,55.0423],[91.1659,55.0585],[91.3473,55.0645],[91.4157,55.0783],[91.5337,55.107],[91.7495,55.1367],[91.8181,55.1491],[91.8588,55.158],[91.8954,55.1712],[92.013,55.1914],[92.1069,55.2208],[92.143,55.2381],[92.2066,55.2819],[92.2356,55.3072],[92.3184,55.3881],[92.3457,55.4207],[92.4084,55.5031]]}},{"type":"Feature","properties":{"scalerank":4,"name":"Verkhniy Yenisey"},"geometry":{"type":"LineString","coordinates":[[92.4946,55.6027],[92.4873,55.5932],[92.4668,55.5751],[92.4532,55.556],[92.4468,55.5349],[92.4363,55.5267],[92.4225,55.518],[92.4084,55.5031]]}},{"type":"Feature","properties":{"scalerank":4,"name":"Verkhniy Yenisey"},"geometry":{"type":"LineString","coordinates":[[94.4648,51.7337],[94.4448,51.7317],[94.4065,51.7114],[94.3858,51.7064],[94.3609,51.7044],[94.3336,51.6989],[94.3076,51.6901],[94.2866,51.6784],[94.2546,51.649],[94.2363,51.6365],[94.1944,51.6257],[94.1352,51.5903],[94.08,51.576],[93.9387,51.561],[93.9099,51.563],[93.8403,51.5867],[93.8237,51.5903],[93.6182,51.5903],[93.6074,51.5882],[93.5884,51.5788],[93.5772,51.5767],[93.5309,51.5826],[93.5183,51.5828],[93.5134,51.5804],[93.5022,51.5712],[93.4978,51.5692],[93.49,51.5704],[93.4755,51.5755],[93.4705,51.5767],[93.3942,51.5856],[93.3271,51.6039],[93.3032,51.6014],[93.247,51.5887],[93.2095,51.5991],[93.0113,51.6108],[92.9863,51.607],[92.9493,51.5887],[92.9292,51.5828],[92.867,51.5855],[92.8368,51.5833],[92.8064,51.5692],[92.7883,51.5777],[92.7692,51.5811],[92.7312,51.5828],[92.7105,51.5873],[92.6763,51.6011],[92.6589,51.6039],[92.6501,51.607],[92.6399,51.6207],[92.6313,51.6238],[92.6211,51.6256],[92.603,51.6343],[92.5934,51.6375],[92.5191,51.6343],[92.501,51.6412],[92.4856,51.6513],[92.4483,51.6655],[92.4257,51.6791],[92.4059,51.6849],[92.3866,51.6883],[92.3793,51.6942],[92.3738,51.701],[92.3676,51.7064],[92.3342,51.7169],[92.2498,51.73],[92.2097,51.7412],[92.2158,51.7547],[92.1943,51.766],[92.1484,51.7821],[92.1387,51.8052],[92.1411,51.8237],[92.1404,51.8402],[92.121,51.8572],[92.0391,51.8998],[92.004,51.9254],[91.9771,51.9596],[92.0051,51.9945],[92.3428,52.1691],[92.3731,52.1986],[92.4228,52.2613],[92.454,52.3111],[92.4668,52.3264],[92.4783,52.3477],[92.4718,52.3655],[92.455,52.38],[92.3554,52.437],[92.3174,52.4673],[92.2986,52.5015],[92.303,52.5228],[92.3248,52.5654],[92.3225,52.5806],[92.3034,52.5978],[92.2858,52.6087],[92.2656,52.6148],[92.2032,52.621],[92.19,52.6175],[92.1798,52.6113],[92.1592,52.5943],[92.1519,52.5908],[92.142,52.5877],[92.1223,52.5736],[92.1109,52.5704],[92.0933,52.5709],[92.084,52.5727],[92.0596,52.5841],[91.9863,52.596],[91.9462,52.6187],[91.9231,52.6158],[91.8809,52.5977],[91.8491,52.5902],[91.8139,52.5883],[91.7793,52.5927],[91.7505,52.6039],[91.7288,52.6254],[91.7205,52.6393],[91.727,52.6455],[91.7847,52.6455],[91.7791,52.6539],[91.7578,52.6747],[91.7505,52.6802],[91.7369,52.6848],[91.7041,52.6912],[91.6929,52.697],[91.668,52.7023],[91.5964,52.6796],[91.4755,52.6548],[91.4426,52.6591],[91.4277,52.6675],[91.4182,52.6767],[91.408,52.684],[91.3909,52.6871],[91.3825,52.6907],[91.3645,52.7079],[91.3533,52.7137],[91.3525,52.7199],[91.3315,52.7332],[91.3259,52.7448],[91.3242,52.7686],[91.3259,52.7772],[91.3328,52.7895],[91.3471,52.8077],[91.3622,52.8208],[91.4241,52.857],[91.4321,52.8647],[91.4394,52.8904],[91.4497,52.8932],[91.4631,52.8931],[91.4767,52.8994],[91.4805,52.9081],[91.4939,52.9538],[91.5183,52.9875],[91.4771,53.0487],[91.4597,53.067],[91.4475,53.0841],[91.4463,53.1009],[91.4527,53.1171],[91.4631,53.1321],[91.4669,53.139],[91.4699,53.1467],[91.4746,53.1539],[91.483,53.1595],[91.4976,53.1621],[91.5984,53.1571],[91.6221,53.1587],[91.6716,53.1717],[91.7273,53.1799],[91.7471,53.1901],[91.7914,53.2482],[91.9585,53.3745],[91.9702,53.3785],[91.934,53.4306],[91.9087,53.4567],[91.8775,53.4679],[91.8406,53.4662],[91.8233,53.4688],[91.8088,53.4781],[91.7678,53.5259],[91.7488,53.5352],[91.7266,53.5362],[91.7036,53.5345],[91.6821,53.5362],[91.6635,53.5443],[91.6563,53.5546],[91.6536,53.5678],[91.648,53.5846],[91.6257,53.6061],[91.5645,53.6268],[91.545,53.6461],[91.5624,53.655],[91.5817,53.6682],[91.5966,53.6839],[91.6004,53.7006],[91.5889,53.7142],[91.5362,53.7242],[91.5109,53.7354]]}},{"type":"Feature","properties":{"scalerank":4,"name":"Nu"},"geometry":{"type":"LineString","coordinates":[[96.5956,30.4479],[96.6159,30.451],[96.6816,30.4497],[96.7018,30.4418],[96.7039,30.4229],[96.6918,30.3807],[96.6917,30.3702],[96.6948,30.3496],[96.7099,30.3095],[96.7153,30.3014],[96.7222,30.2971],[96.7304,30.2962],[96.7472,30.2974],[96.756,30.2966],[96.7646,30.2947],[96.7726,30.2914],[96.7798,30.2862],[96.7935,30.273],[96.8009,30.2678],[96.8267,30.2586],[96.8499,30.2433],[96.8574,30.2399],[96.8655,30.2391],[96.8965,30.244],[96.918,30.2418],[96.9385,30.2342],[96.9826,30.2018],[96.992,30.1975],[97.0034,30.1946],[97.0094,30.194],[97.0154,30.194],[97.0332,30.1973],[97.0396,30.1975],[97.0534,30.1959],[97.0603,30.1943],[97.0669,30.1916],[97.079,30.1827],[97.1,30.1602],[97.1117,30.1509],[97.1474,30.1312],[97.169,30.1134],[97.1777,30.1094],[97.1869,30.1079],[97.2053,30.1081],[97.2144,30.107],[97.2227,30.1043],[97.2478,30.0897],[97.2587,30.0789],[97.2666,30.0661],[97.2876,30.0215],[97.2935,30.014],[97.3002,30.0074],[97.3067,30.0026],[97.3213,29.9947],[97.3274,29.9896],[97.3374,29.9743],[97.3442,29.9559],[97.3484,29.9366],[97.3497,29.9186],[97.3582,29.8995],[97.3776,29.8854],[97.4005,29.8735],[97.4181,29.8607],[97.4224,29.8446],[97.4282,29.7953],[97.4351,29.7849],[97.4473,29.7731],[97.4473,29.7466],[97.4385,29.7023],[97.4424,29.6847],[97.4535,29.6645],[97.4683,29.6478],[97.4832,29.6409],[97.4944,29.6383],[97.4991,29.6314],[97.5003,29.6214],[97.4999,29.6099],[97.5039,29.6028],[97.5615,29.548],[97.5717,29.5311],[97.5811,29.4861],[97.5951,29.4735],[97.6148,29.4666],[97.6821,29.4593],[97.7037,29.4509],[97.7129,29.4317],[97.7236,29.4227],[97.8292,29.3818],[97.8482,29.3718],[97.8562,29.3563],[97.8591,29.3465],[97.8665,29.3392],[97.8765,29.3347],[97.887,29.3331],[97.8977,29.3278],[97.8994,29.3155],[97.8974,29.3015],[97.8972,29.2908],[97.901,29.2821],[97.9067,29.2734],[97.9137,29.2668],[97.9324,29.2615],[97.9356,29.2549],[97.9361,29.246],[97.9434,29.2194],[97.9428,29.2065],[97.9443,29.1941],[97.9933,29.1164],[98.004,29.1039],[98.0251,29.0885],[98.0405,29.0725],[98.0343,29.0581],[98.047,29.0382],[98.0823,29.0192],[98.0897,29.0004],[98.0917,28.9586],[98.0958,28.9381],[98.1033,28.9215],[98.1824,28.8185],[98.2267,28.8048],[98.2575,28.7902],[98.2903,28.7676],[98.3206,28.7412],[98.3434,28.7154],[98.359,28.6775],[98.3707,28.5441],[98.3744,28.5312],[98.3782,28.5228],[98.3832,28.5168],[98.3912,28.5106],[98.4322,28.494],[98.4391,28.4929],[98.4431,28.4571],[98.4421,28.4517],[98.4483,28.4393],[98.4453,28.4207],[98.4527,28.407],[98.4483,28.3947],[98.4448,28.3544],[98.4453,28.3393],[98.4519,28.3242],[98.4575,28.3146],[98.4705,28.2977],[98.4699,28.2901],[98.4667,28.2822],[98.4663,28.2705],[98.4732,28.2342],[98.473,28.1781],[98.476,28.1527],[98.4854,28.1297],[98.5585,28.0975],[98.5689,28.096],[98.5723,28.0824],[98.5817,28.0677],[98.5962,28.0556],[98.614,28.0506],[98.6455,28.0107],[98.6514,28.0063],[98.6533,28.0017],[98.6597,27.972],[98.6582,27.9688],[98.667,27.9561],[98.6734,27.9554],[98.6855,27.9613],[98.6812,27.9497],[98.6759,27.9408],[98.6684,27.9337],[98.6582,27.9278],[98.6799,27.9041],[98.6863,27.8674],[98.6746,27.7706],[98.6731,27.7696],[98.6774,27.7617],[98.6901,27.751],[98.6929,27.7466],[98.6983,27.7316],[98.7217,27.6996],[98.7316,27.669],[98.7433,27.6568],[98.7749,27.6329],[98.8103,27.591],[98.8164,27.5815],[98.8185,27.5766],[98.823,27.5733],[98.8276,27.569],[98.8295,27.5613],[98.8295,27.5237],[98.8251,27.4886],[98.8198,27.4757],[98.809,27.4617],[98.8307,27.4219],[98.8397,27.3998],[98.8464,27.3712],[98.8609,27.3517],[98.8643,27.3419],[98.8633,27.313],[98.8643,27.304],[98.8679,27.2966],[98.8799,27.2798],[98.8848,27.2699],[98.8862,27.261],[98.8832,27.2033],[98.88,27.1934],[98.8687,27.1739],[98.8984,26.4549],[98.8916,26.3823],[98.8894,26.3734],[98.8839,26.3651],[98.8677,26.3485],[98.8595,26.3356],[98.8613,26.3253],[98.8668,26.3153],[98.8711,26.3035],[98.8715,26.2806],[98.8632,26.208],[98.8585,26.1884],[98.8574,26.1772],[98.8598,26.1676],[98.8696,26.1571],[98.8711,26.1458],[98.8692,26.1398],[98.8574,26.1185],[98.8569,26.108],[98.8591,26.0992],[98.857,26.0915],[98.843,26.0843],[98.8533,26.048],[98.8369,25.9205],[98.879,25.6659],[98.8801,25.5564],[98.8948,25.4713],[98.8916,25.4265],[98.8867,25.4158],[98.8736,25.3958],[98.8711,25.3817],[98.8792,25.3387],[98.8774,25.324],[98.8701,25.3151],[98.848,25.2957],[98.843,25.2862],[98.8505,25.2544],[98.8513,25.2389],[98.843,25.2278],[98.8486,25.221],[98.8554,25.2094],[98.8587,25.1985],[98.854,25.1937],[98.843,25.1881],[98.8428,25.1752],[98.8506,25.1521],[98.843,25.0733],[98.8484,25.0488],[98.872,25.0076],[98.8774,24.9913],[98.8804,24.9728],[98.9053,24.9187],[98.8886,24.9016],[98.8954,24.8736],[98.9233,24.8181],[98.9424,24.7961],[98.9468,24.7859],[98.9477,24.7724],[98.9505,24.7578],[98.9555,24.746],[98.9631,24.7412],[98.9834,24.7342],[99.0107,24.7174],[99.0355,24.6971],[99.0486,24.6798],[99.0547,24.6539],[99.0575,24.6248],[99.0543,24.5992],[99.0418,24.5836],[99.0405,24.5631],[99.025,24.4903],[99.0149,24.4688],[98.9865,24.4395],[98.9773,24.4226],[98.9793,24.4154],[99.0075,24.406],[99.0272,24.3966],[99.047,24.3839],[99.0616,24.3676],[99.0657,24.3474],[99.0631,24.3294],[99.065,24.3215],[99.0712,24.3135],[99.0796,24.308],[99.1083,24.2971],[99.1253,24.2842],[99.1189,24.2742],[99.1005,24.2675],[99.0527,24.2613],[99.0251,24.2543],[98.999,24.2432],[98.9751,24.2275],[98.9653,24.2176],[98.9473,24.1954],[98.9375,24.1866],[98.8971,24.1686],[98.8848,24.1584],[98.8549,24.1392],[98.8176,24.1292],[98.7158,24.1215],[98.6812,24.107],[98.6401,24.1009],[98.6122,24.0878],[98.5967,24.0833],[98.5849,24.076],[98.5444,24.0592],[98.5318,24.056],[98.5103,24.0533],[98.4929,24.0467],[98.4319,24.0001],[98.4176,23.9827],[98.4116,23.9634],[98.4153,23.9199],[98.4254,23.8784],[98.4449,23.8415],[98.4734,23.8142],[98.5489,23.7686],[98.5747,23.745],[98.6,23.7097],[98.6376,23.6376],[98.6489,23.6089],[98.6491,23.5968],[98.6445,23.583],[98.6382,23.5753],[98.6293,23.5671],[98.6213,23.5574],[98.6134,23.5338],[98.5942,23.5174],[98.5899,23.5042],[98.5928,23.4902],[98.5999,23.4747],[98.6178,23.4458],[98.6069,23.4265],[98.6179,23.4193],[98.6391,23.4204],[98.6582,23.426],[98.7202,23.388],[98.7332,23.3018],[98.7312,23.2766],[98.7242,23.2623],[98.7107,23.256],[98.6891,23.2547],[98.6834,23.2515],[98.665,23.2374],[98.6498,23.233],[98.6406,23.2279],[98.6343,23.2267],[98.6265,23.2285],[98.6168,23.2373],[98.6104,23.2403],[98.5885,23.2413],[98.5542,23.2298],[98.5318,23.2267],[98.5265,23.2235],[98.5164,23.2094],[98.5109,23.2062],[98.5,23.2075],[98.4786,23.2122],[98.4663,23.2124],[98.4435,23.2055],[98.4461,23.1951],[98.4588,23.1841],[98.4712,23.17],[98.4824,23.1644],[98.4951,23.1597],[98.5042,23.1578],[98.516,23.1528],[98.5241,23.1412],[98.5352,23.1175],[98.5593,23.0927],[98.5647,23.0764],[98.5451,23.069],[98.5272,23.0653],[98.5113,23.0557],[98.4995,23.0425],[98.4937,23.0281],[98.4965,23.0136],[98.5051,22.9895],[98.5176,22.9702],[98.5318,22.97],[98.5489,22.9747],[98.5663,22.964],[98.5899,22.9387],[98.6553,22.9099],[98.665,22.9012],[98.6646,22.8762],[98.6611,22.8592],[98.6511,22.847],[98.6309,22.8363],[98.6113,22.8308],[98.5451,22.8226],[98.5405,22.8183],[98.5247,22.7913],[98.522,22.7816],[98.5276,22.7703],[98.5415,22.7537],[98.5489,22.7373],[98.5481,22.7303],[98.544,22.7238],[98.5415,22.7093],[98.5445,22.7007],[98.5588,22.6859],[98.5632,22.6787],[98.563,22.6691],[98.5597,22.6613],[98.5562,22.6553],[98.5552,22.6513],[98.5588,22.6393],[98.5628,22.6378],[98.5725,22.6377],[98.5783,22.6349],[98.5807,22.6282],[98.5826,22.6202],[98.5908,22.6065],[98.5949,22.5881],[98.6001,22.5793],[98.6124,22.5635],[98.6163,22.5546],[98.6217,22.5281],[98.6394,22.4963],[98.6445,22.48],[98.6416,22.46],[98.6225,22.43],[98.6178,22.4149],[98.6132,22.3817],[98.6011,22.3466],[98.5854,22.314],[98.5689,22.2882],[98.5783,22.2731],[98.6311,22.1583],[98.6435,22.1394],[98.6983,22.087],[98.7201,22.0738],[98.7442,22.0685],[98.7564,22.0633],[98.7678,22.0518],[98.7744,22.0402],[98.7715,22.035],[98.7568,22.0349],[98.7457,22.0329],[98.738,22.0267],[98.7332,22.0139],[98.7407,22.007],[98.7348,21.9983],[98.7261,21.9801],[98.7202,21.9723],[98.7133,21.9676],[98.6972,21.9612],[98.6714,21.9429],[98.629,21.9265],[98.5693,21.8936],[98.5547,21.879],[98.5489,21.8593],[98.5512,21.8383],[98.5855,21.7153],[98.6358,21.6475],[98.6445,21.6303],[98.6485,21.5814],[98.6183,21.5621],[98.5823,21.5477],[98.5689,21.5136],[98.5781,21.4929],[98.6108,21.4555],[98.6253,21.417],[98.6423,21.4068],[98.6611,21.3995],[98.6731,21.3901],[98.6768,21.3729],[98.6787,21.3045],[98.6835,21.2908],[98.7061,21.2587],[98.7128,21.2393],[98.7109,21.221],[98.7056,21.1997],[98.7031,21.1785],[98.7097,21.1605],[98.7265,21.1429],[98.783,21.1021],[98.8017,21.0747],[98.7964,21.0434],[98.7739,21.014],[98.7407,20.9923],[98.7124,20.9898],[98.6734,20.9923],[98.6389,20.9905],[98.6074,20.9604],[98.5307,20.9628],[98.5079,20.9512]]}},{"type":"Feature","properties":{"scalerank":4,"name":"Hongshui"},"geometry":{"type":"LineString","coordinates":[[106.9705,25.2415],[106.9773,25.2232],[106.9791,25.2006],[106.9773,25.1558],[106.9819,25.1343],[107.0182,25.0695],[107.0278,25.0425],[107.0318,25.036],[107.0676,25.0189],[107.0857,24.9973],[107.113,24.9981],[107.1559,25.0087],[107.1682,24.9951],[107.1951,24.9442],[107.2075,24.933],[107.2128,24.9307],[107.2175,24.9258],[107.2239,24.921],[107.2462,24.9154],[107.2537,24.907],[107.2659,24.8852],[107.3103,24.8402],[107.3168,24.83],[107.3173,24.821],[107.3137,24.8067],[107.3151,24.7954],[107.332,24.7591],[107.3346,24.7511],[107.3341,24.7412],[107.3289,24.7327],[107.3113,24.7163],[107.3069,24.7071],[107.31,24.6956],[107.3341,24.6518],[107.3449,24.6226],[107.353,24.6112],[107.3677,24.5978],[107.4047,24.5728],[107.4155,24.5624],[107.4561,24.5091],[107.5142,24.3956],[107.522,24.362],[107.5198,24.3235],[107.5315,24.333],[107.5403,24.3417],[107.5496,24.3483],[107.5632,24.3508],[107.5796,24.3458],[107.5925,24.3336],[107.602,24.318],[107.6084,24.303],[107.6103,24.2775],[107.6013,24.2255],[107.6084,24.2137],[107.5899,24.1942],[107.5761,24.1743],[107.5595,24.1639],[107.5327,24.1726],[107.5022,24.1384],[107.4856,24.1146],[107.488,24.1038],[107.4929,24.1006],[107.5093,24.0865],[107.5157,24.0833],[107.5211,24.0784],[107.5142,24.068],[107.5037,24.0584],[107.4985,24.056],[107.5017,24.0431],[107.5208,24.0025],[107.5291,23.9939],[107.5366,23.9903],[107.5564,23.9634],[107.5669,23.9571],[107.5782,23.9558],[107.5899,23.9558],[107.6016,23.9536],[107.6147,23.9462],[107.621,23.9403],[107.6279,23.9374],[107.6426,23.9393],[107.6539,23.943],[107.6592,23.9476],[107.6638,23.9542],[107.6731,23.9634],[107.6891,23.9694],[107.6995,23.9596],[107.7177,23.9256],[107.7586,23.8772],[107.7823,23.8618],[107.7931,23.8409],[107.8071,23.8021],[107.8412,23.7397],[107.8648,23.7112],[107.8853,23.7099],[107.8941,23.7224],[107.8997,23.733],[107.9075,23.7414],[107.9225,23.7469],[107.9565,23.7409],[107.976,23.7408],[107.9882,23.7548],[108.0054,23.7531],[108.012,23.7543],[108.0168,23.762],[108.0183,23.7786],[108.0225,23.7853],[108.0344,23.7978],[108.042,23.8083],[108.0508,23.8167],[108.0665,23.8232],[108.0989,23.8255],[108.1104,23.8309],[108.121,23.8633],[108.1348,23.8592],[108.1627,23.8362],[108.1718,23.847],[108.1901,23.8784],[108.1973,23.8859],[108.2125,23.8946],[108.2214,23.9017],[108.2313,23.9054],[108.2598,23.9105],[108.2657,23.9156],[108.2673,23.9267],[108.2756,23.9562],[108.28,23.9666],[108.2862,23.9666],[108.3015,23.9584],[108.3106,23.9722],[108.3204,24.0075],[108.3528,24.0048],[108.4028,24.0482],[108.4341,24.0389],[108.4493,24.0288],[108.4742,24.0223],[108.4883,24.0113],[108.5034,24.0054],[108.5674,24.0075],[108.5851,24.0015],[108.6016,23.9939],[108.6052,23.9896],[108.6121,23.9779],[108.6152,23.974],[108.6504,23.9506],[108.6642,23.9356],[108.6699,23.9156],[108.7006,23.871],[108.7126,23.8611],[108.7212,23.8569],[108.7286,23.8632],[108.7519,23.8784],[108.7644,23.8518],[108.7966,23.8358],[108.8357,23.8288],[108.8697,23.8294],[108.8593,23.8151],[108.857,23.7991],[108.8645,23.7847],[108.8828,23.7748],[108.8828,23.7686],[108.8621,23.7604],[108.853,23.7547],[108.8486,23.7469],[108.8501,23.7346],[108.857,23.7238],[108.8673,23.7162],[108.8794,23.7133],[108.8914,23.7065],[108.8984,23.6905],[108.9034,23.6722],[108.9101,23.6587],[108.9225,23.649],[108.9424,23.6384],[108.964,23.6337],[108.9824,23.6413],[109.0003,23.6578],[109.0171,23.6669],[109.0772,23.6851],[109.1325,23.7099],[109.1511,23.7267],[109.1685,23.7363],[109.1878,23.7371],[109.2112,23.7276],[109.2126,23.7241],[109.2167,23.7105],[109.2184,23.7065],[109.2227,23.7055],[109.2348,23.7073],[109.239,23.7065],[109.2522,23.6892],[109.2612,23.6813],[109.2698,23.6826],[109.2858,23.6929],[109.3421,23.7065],[109.3984,23.7477],[109.419,23.757],[109.4249,23.7637],[109.4287,23.7716],[109.4274,23.7785],[109.4221,23.7901],[109.4263,23.7993],[109.4337,23.8074],[109.4382,23.8157],[109.437,23.8265],[109.4298,23.8425],[109.4309,23.8505],[109.4379,23.8579],[109.4495,23.8642],[109.4601,23.8644],[109.4649,23.8536],[109.4673,23.8356],[109.4743,23.8177],[109.4872,23.8031],[109.5064,23.7952],[109.5286,23.7964]]}},{"type":"Feature","properties":{"scalerank":4,"name":"Quan"},"geometry":{"type":"LineString","coordinates":[[109.5286,23.7964],[109.5439,23.7971],[109.561,23.7895],[109.568,23.7648],[109.5619,23.7472],[109.5502,23.7319],[109.5422,23.7185],[109.5475,23.7065],[109.5593,23.7019],[109.5684,23.7051],[109.5772,23.7108],[109.5879,23.7133],[109.6026,23.7117],[109.606,23.7086],[109.604,23.7019],[109.6021,23.6895],[109.6123,23.6826],[109.6344,23.6852],[109.6555,23.6823],[109.6636,23.6587],[109.6559,23.6424],[109.643,23.627],[109.6359,23.6112],[109.6463,23.5936],[109.6534,23.591],[109.6709,23.5924],[109.6773,23.5904],[109.6836,23.5823],[109.6915,23.555],[109.7227,23.4937],[109.7446,23.4652],[109.763,23.4632],[109.7871,23.4808],[109.8154,23.4852],[109.8389,23.4735],[109.8533,23.4294],[109.8652,23.4266],[109.8964,23.4322],[109.9098,23.4329],[109.9229,23.4317],[109.9365,23.4274],[109.9516,23.4185],[109.9783,23.4519],[109.9981,23.4673],[110.0171,23.4632],[110.0501,23.4236],[110.0686,23.4088],[110.0894,23.4049]]}},{"type":"Feature","properties":{"scalerank":4,"name":"Xun"},"geometry":{"type":"LineString","coordinates":[[110.0893,23.408],[110.0908,23.4068],[110.104,23.4074],[110.1137,23.4182],[110.1161,23.4328],[110.1165,23.4484],[110.1199,23.462],[110.1228,23.4664],[110.1266,23.4705],[110.1311,23.4737],[110.1359,23.4759],[110.143,23.4766],[110.1567,23.4746],[110.1632,23.4754],[110.1637,23.5135],[110.1651,23.5235],[110.1689,23.5296],[110.1755,23.5331],[110.1856,23.535],[110.2006,23.5733],[110.2083,23.5831],[110.2213,23.5891],[110.2379,23.5908],[110.2549,23.5895],[110.2759,23.5851],[110.2822,23.5828],[110.2879,23.5794],[110.2922,23.5744],[110.2949,23.5677],[110.2974,23.5532],[110.3005,23.5469],[110.3126,23.5401],[110.3298,23.5384],[110.3623,23.5394],[110.3798,23.5372],[110.3974,23.5324],[110.4142,23.5253],[110.4293,23.5164],[110.4625,23.4874],[110.4765,23.4825],[110.5066,23.4803],[110.5217,23.4774],[110.5346,23.4709],[110.541,23.4597],[110.5459,23.4451],[110.5532,23.4357],[110.5659,23.4403],[110.5712,23.4464],[110.5755,23.4532],[110.5807,23.459],[110.5879,23.4624],[110.5972,23.4617],[110.6137,23.4529],[110.6221,23.4496],[110.6289,23.4498],[110.6347,23.4523],[110.6401,23.4555],[110.6466,23.4578],[110.6549,23.4572],[110.6774,23.4469],[110.6935,23.4473],[110.7075,23.4545],[110.7208,23.4642],[110.7349,23.472],[110.7512,23.4755],[110.7691,23.4754],[110.7864,23.4719],[110.8014,23.465],[110.8283,23.4479],[110.8413,23.4418],[110.8469,23.4377],[110.8516,23.432],[110.8563,23.4187],[110.8606,23.39],[110.8687,23.3788],[110.8951,23.3715],[110.919,23.3837],[110.9413,23.4026],[110.9629,23.4156],[111.0706,23.4525],[111.086,23.4559],[111.0927,23.4561],[111.1359,23.4498],[111.1863,23.4331],[111.2017,23.4307],[111.2163,23.4309],[111.2309,23.4332],[111.232,23.4471],[111.2353,23.4602],[111.2418,23.4711],[111.2538,23.4783],[111.2714,23.4816],[111.3014,23.4807]]}},{"type":"Feature","properties":{"scalerank":4,"name":"Salween"},"geometry":{"type":"LineString","coordinates":[[98.5079,20.9512],[98.4946,20.9241],[98.4917,20.8768],[98.5005,20.7874],[98.5123,20.748],[98.593,20.6119],[98.6498,20.4849],[98.6562,20.461],[98.6592,20.4366],[98.6548,20.4202],[98.645,20.4013],[98.6441,20.3775],[98.6493,20.3538],[98.6582,20.3349],[98.6736,20.3172],[98.6869,20.3066],[98.6963,20.2939],[98.6997,20.2701],[98.6959,20.2246],[98.6895,20.2014],[98.6787,20.1841],[98.6612,20.1722],[98.6228,20.157],[98.6069,20.1466],[98.5999,20.1447],[98.5659,20.15],[98.5352,20.1295],[98.5054,20.0956],[98.4885,20.085],[98.4626,20.0811],[98.3998,20.0803],[98.3775,20.0748],[98.3433,20.0575],[98.2764,20.0144],[98.2337,19.9991],[98.1409,19.99],[98.0203,19.9532],[97.9968,19.9514],[97.9783,19.9539],[97.9407,19.9642],[97.9177,19.965],[97.877,19.9508],[97.8584,19.924],[97.8472,19.8919],[97.8295,19.8619],[97.8149,19.8517],[97.801,19.8507],[97.7644,19.8557],[97.7511,19.8465],[97.7459,19.8249],[97.7439,19.7998],[97.7402,19.7801],[97.6936,19.7202],[97.6819,19.7111],[97.6633,19.7053],[97.6554,19.6905],[97.6509,19.6497],[97.6372,19.6087],[97.6349,19.596],[97.6372,19.564],[97.6331,19.5472],[97.603,19.4858],[97.5855,19.4195],[97.5791,19.4095],[97.5581,19.4046],[97.5392,19.3919],[97.5256,19.3743],[97.5205,19.3548],[97.5224,19.348],[97.5309,19.3307],[97.5342,19.3207],[97.5346,19.1505],[97.5286,19.1373],[97.5105,19.1187],[97.5037,19.1039],[97.49,19.0504],[97.4767,18.9017],[97.4658,18.862],[97.4601,18.8518],[97.4413,18.8278],[97.4317,18.8204],[97.387,18.8236],[97.3657,18.8561],[97.3513,18.8717],[97.3349,18.8751],[97.3272,18.8509],[97.3349,18.7106],[97.3598,18.6242],[97.3628,18.5877],[97.3455,18.5616],[97.3574,18.5401],[97.3787,18.5209],[97.3901,18.502],[97.3945,18.4873],[97.4172,18.4414],[97.4428,18.4035],[97.4461,18.3814],[97.4465,18.3585],[97.4522,18.3338],[97.4662,18.3116],[97.4859,18.2923],[97.5077,18.2767],[97.5279,18.2656],[97.5372,18.2728],[97.5415,18.2805],[97.5602,18.3284],[97.562,18.3307],[97.5733,18.3333],[97.6243,18.3135],[97.6372,18.3065],[97.6433,18.2916],[97.6428,18.2732],[97.6353,18.2578],[97.6204,18.2513],[97.6176,18.2419],[97.6285,18.2211],[97.6801,18.1529],[97.6838,18.1463],[97.685,18.1404],[97.685,18.1318],[97.687,18.1201],[97.6964,18.1018],[97.6984,18.0908],[97.6977,18.0849],[97.6933,18.0753],[97.6924,18.0703],[97.6939,18.0617],[97.6973,18.0609],[97.7019,18.0621],[97.7061,18.0594],[97.7197,18.0533],[97.7218,18.0491],[97.7249,18.0369],[97.7394,18.0031],[97.7437,17.998],[97.7468,17.9927],[97.7514,17.981],[97.7538,17.9693],[97.7505,17.9639],[97.7472,17.961],[97.7197,17.9434],[97.6914,17.8958],[97.6851,17.8809],[97.6984,17.8336],[97.6758,17.8305],[97.676,17.8153],[97.686,17.7946],[97.6924,17.7752],[97.6951,17.7525],[97.7129,17.6901],[97.7207,17.5917],[97.7241,17.5819],[97.7295,17.5731],[97.7371,17.5635],[97.7437,17.5527],[97.7539,17.5189],[97.7713,17.4926],[97.7743,17.4841],[97.7727,17.4725],[97.7608,17.4466],[97.7615,17.419],[97.7599,17.4056],[97.7505,17.3981],[97.7265,17.3885],[97.6905,17.3614],[97.6748,17.3234],[97.6719,17.2377],[97.6765,17.1993],[97.6742,17.183],[97.6553,17.1731],[97.6522,17.1652],[97.6509,17.1551],[97.6509,17.1264],[97.6132,17.0555],[97.6098,17.035],[97.6126,17.0109],[97.6372,16.9565],[97.6401,16.9326],[97.6349,16.9127],[97.6279,16.8934],[97.6166,16.8293],[97.6192,16.8189],[97.6292,16.8021],[97.6304,16.7914],[97.6245,16.7712],[97.6066,16.7298],[97.603,16.7064],[97.6054,16.6844],[97.6114,16.6654],[97.6202,16.649],[97.6563,16.6],[97.6642,16.5856],[97.6736,16.555]]}},{"type":"Feature","properties":{"scalerank":5,"name":"Syr  Darya"},"geometry":{"type":"LineString","coordinates":[[68.4557,41.1068],[68.4355,41.1131],[68.3833,41.1057],[68.3547,41.1039],[68.3188,41.1031],[68.2634,41.1048],[68.2046,41.1119],[68.079,41.1372],[68.0455,41.1528],[67.9909,41.2075],[67.9726,41.235],[67.9649,41.2496]]}},{"type":"Feature","properties":{"scalerank":5,"name":"Syr  Darya"},"geometry":{"type":"LineString","coordinates":[[70.355,40.4354],[70.3633,40.4055],[70.3595,40.3807],[70.3466,40.3675],[70.3261,40.3571],[70.3062,40.3498],[70.1587,40.3226],[70.0281,40.3037],[69.9833,40.2927],[69.9375,40.2789],[69.905,40.2722],[69.8544,40.2677],[69.8345,40.2702],[69.8271,40.2727]]}},{"type":"Feature","properties":{"scalerank":5,"name":"Syr  Darya"},"geometry":{"type":"LineString","coordinates":[[67.9649,41.2496],[67.9644,41.275],[67.9718,41.2901],[67.985,41.3],[68.0027,41.3037],[68.0206,41.3053],[68.0377,41.3109],[68.0466,41.3216],[68.0401,41.3384],[68.0577,41.3466],[68.0847,41.3541],[68.104,41.3648],[68.0989,41.3828],[68.0873,41.4047],[68.0947,41.4222],[68.1084,41.4388],[68.1159,41.4582],[68.1078,41.4777],[68.0733,41.5031],[68.0681,41.5234],[68.0758,41.5334],[68.0879,41.5389],[68.0943,41.5463],[68.0849,41.5612],[68.0671,41.5786],[68.0588,41.5888],[68.0538,41.5991],[68.0659,41.6083],[68.0621,41.6232],[68.0401,41.6537],[68.0475,41.6756],[68.0479,41.7062],[68.043,41.7346],[68.0341,41.7499],[68.0341,41.7561],[68.058,41.7569],[68.0715,41.7664],[68.0989,41.8148],[68.1043,41.8291],[68.1016,41.8448],[68.0879,41.866],[68.1056,41.8804],[68.1113,41.8998],[68.109,41.938],[68.1132,41.9517],[68.123,41.9544],[68.1353,41.954],[68.1467,41.9588],[68.1528,41.9669],[68.1637,41.9964],[68.1729,42.0096],[68.1768,42.0183],[68.178,42.0305],[68.1749,42.0418],[68.1655,42.0616],[68.1671,42.0687],[68.2088,42.0653],[68.2149,42.0707],[68.229,42.0966],[68.2326,42.1055],[68.2367,42.1129],[68.2411,42.1184],[68.2413,42.1245],[68.2326,42.1335],[68.2227,42.1385],[68.2114,42.1401],[68.1879,42.1397],[68.1625,42.144],[68.1541,42.154],[68.1616,42.1656],[68.1842,42.1745],[68.197,42.1745],[68.2066,42.1715],[68.2153,42.1699],[68.2258,42.1745],[68.232,42.1829],[68.2427,42.2083],[68.2546,42.2271],[68.2584,42.2448],[68.2633,42.253],[68.2749,42.2602],[68.2837,42.2615],[68.2882,42.2646],[68.2879,42.2775],[68.2843,42.2869],[68.2774,42.2958],[68.268,42.3023],[68.2566,42.3048],[68.2468,42.3098],[68.249,42.3208],[68.2599,42.3389],[68.2599,42.352],[68.2584,42.3589],[68.2599,42.3654],[68.2701,42.3771],[68.2771,42.3875],[68.2759,42.3948],[68.2727,42.4028],[68.2735,42.4147],[68.2659,42.4205],[68.2578,42.4247],[68.249,42.4273],[68.2395,42.4283],[68.2395,42.4351],[68.2525,42.4488],[68.2413,42.472],[68.2016,42.5137],[68.1908,42.5296],[68.198,42.5371],[68.2114,42.5414],[68.2183,42.5478],[68.2201,42.5502],[68.2295,42.5598],[68.2326,42.5655],[68.2326,42.5731],[68.2265,42.586],[68.2258,42.5921],[68.2324,42.6052],[68.2525,42.6175],[68.2599,42.627],[68.2608,42.6413],[68.2559,42.6537],[68.2494,42.6639],[68.2463,42.6713],[68.2477,42.6968],[68.247,42.7104],[68.2429,42.7194],[68.2356,42.7309],[68.2359,42.7426],[68.239,42.7557],[68.2395,42.7709],[68.2302,42.7667],[68.2199,42.764],[68.2091,42.7628],[68.1978,42.7635],[68.2066,42.7753],[68.2201,42.783],[68.231,42.7912],[68.2326,42.8045],[68.2289,42.8082],[68.2149,42.8118],[68.2088,42.8153],[68.2022,42.8238],[68.2031,42.8284],[68.2057,42.8323],[68.2053,42.8392],[68.2071,42.8433],[68.208,42.8544],[68.205,42.8623],[68.1948,42.8563],[68.1865,42.8476],[68.1804,42.8438],[68.1738,42.8436],[68.1637,42.8455],[68.156,42.8498],[68.1431,42.8641],[68.1249,42.8692],[68.1165,42.8742],[68.1021,42.887],[68.1415,42.9017],[68.1604,42.9119],[68.1607,42.9252],[68.1586,42.9403],[68.166,42.9571],[68.169,42.9708],[68.1538,42.9764],[68.107,42.9749],[68.0955,42.9764],[68.0844,42.9838],[68.0792,42.9929],[68.0728,43.0005],[68.0576,43.0037],[68.0469,43.0026],[68.0372,42.9997],[68.0198,42.9901],[68.022,42.9945],[68.0273,43.0106],[68.0213,43.0118],[68.0118,43.016],[68.0061,43.0174],[68.0108,43.0218],[68.0154,43.0283],[68.0198,43.031],[68.0198,43.0372],[68.0007,43.0406],[67.983,43.0353],[67.9685,43.0364],[67.9583,43.0589],[67.9343,43.0465],[67.9273,43.0446],[67.9175,43.0467],[67.9114,43.0511],[67.9073,43.056],[67.9037,43.0589],[67.887,43.0628],[67.8777,43.0616],[67.8677,43.0573],[67.8484,43.0515],[67.8355,43.0733],[67.8384,43.0916],[67.8506,43.108],[67.8657,43.1238],[67.8707,43.135],[67.8667,43.1441],[67.8595,43.1525],[67.8552,43.1613],[67.8657,43.1833],[67.8652,43.1901],[67.8484,43.1818],[67.8452,43.1973],[67.8604,43.2182],[67.8552,43.229],[67.8428,43.2332],[67.8116,43.233],[67.8001,43.2365],[67.8001,43.2433],[67.8242,43.2517],[67.8279,43.2539],[67.8262,43.2627],[67.8215,43.2633],[67.8152,43.2617],[67.8081,43.2637],[67.8008,43.2669],[67.7915,43.2694],[67.7836,43.2733],[67.7802,43.2811],[67.7836,43.291],[67.7915,43.2916],[67.8008,43.2913],[67.8081,43.2979],[67.8077,43.3298],[67.7807,43.3389],[67.7467,43.3432],[67.7255,43.3606],[67.7354,43.3602],[67.7437,43.3612],[67.7597,43.3668],[67.7463,43.3755],[67.7322,43.3761],[67.7182,43.3706],[67.7051,43.3606],[67.6975,43.3485],[67.6846,43.3129],[67.684,43.3054],[67.6701,43.3112],[67.6646,43.3253],[67.6641,43.3569],[67.6591,43.3753],[67.6466,43.3775],[67.631,43.377],[67.6162,43.3873],[67.6318,43.3958],[67.6377,43.4068],[67.6329,43.4168],[67.6162,43.4221],[67.6069,43.4193],[67.5768,43.4053],[67.561,43.4016],[67.582,43.4293],[67.5879,43.4429],[67.5777,43.4488],[67.5631,43.4445],[67.5361,43.426],[67.5195,43.4221],[67.5263,43.4338],[67.5339,43.443],[67.5398,43.452],[67.5405,43.463],[67.5126,43.4971],[67.5004,43.5028],[67.4916,43.5043],[67.4864,43.5074],[67.4854,43.5176],[67.4888,43.5251],[67.4961,43.5315],[67.503,43.5394],[67.5064,43.5511],[67.4995,43.5711],[67.4828,43.5891],[67.4512,43.6138],[67.4431,43.6227],[67.4312,43.6395],[67.4233,43.648],[67.3977,43.6618],[67.3891,43.6685],[67.3939,43.6729],[67.3989,43.6793],[67.4028,43.6822],[67.3622,43.7111],[67.3479,43.7279],[67.3413,43.751],[67.3307,43.7416],[67.3209,43.7388],[67.311,43.7421],[67.3003,43.751],[67.2935,43.762],[67.2935,43.7715],[67.2949,43.7808],[67.2929,43.7913],[67.2861,43.8019],[67.2769,43.8108],[67.2656,43.8169],[67.2525,43.8193],[67.2402,43.816],[67.2304,43.8097],[67.2195,43.8063],[67.2041,43.8118],[67.214,43.8292],[67.215,43.8426],[67.2091,43.8544],[67.1978,43.8671],[67.2055,43.8862],[67.1969,43.8941],[67.1741,43.8978],[67.1715,43.9038],[67.1701,43.9187],[67.1672,43.9217],[67.1358,43.9291],[67.1221,43.9395],[67.1153,43.9422],[67.1049,43.9417],[67.0967,43.9386],[67.0885,43.9383],[67.0776,43.9459],[67.065,43.9575],[67.0545,43.9645],[67.026,43.9763],[67.0396,44.0021],[67.0283,44.0161],[67.0094,44.0196],[66.9994,44.0145],[66.9885,44.0027],[66.9644,43.9999],[66.9407,44.0063],[66.9298,44.0217],[66.9277,44.0297],[66.9238,44.0192],[66.9212,44.0056],[66.9236,44.0042],[66.9133,43.9876],[66.9072,43.9827],[66.8956,43.9763],[66.894,43.9737],[66.8941,43.9698],[66.8936,43.9659],[66.8896,43.9627],[66.8837,43.9625],[66.8746,43.9686],[66.8689,43.9702],[66.8609,43.9681],[66.854,43.9652],[66.8458,43.9648],[66.8342,43.9702],[66.8234,43.9459],[66.8018,43.9443],[66.7756,43.9556],[66.7516,43.9702],[66.7252,43.9561],[66.6992,43.9606],[66.6738,43.9688],[66.6314,43.9638],[66.6248,43.9753],[66.6209,43.9901],[66.6119,43.9974],[66.5984,43.994],[66.5875,43.9853],[66.5794,43.974],[66.5741,43.9627],[66.5686,43.9734],[66.5693,43.9822],[66.5723,43.9908],[66.5741,44.0008],[66.5693,44.0106],[66.5581,44.0101],[66.5455,44.0068],[66.5362,44.0076],[66.5247,44.0245],[66.5149,44.0576],[66.5059,44.0663],[66.5146,44.0717],[66.5185,44.0759],[66.5178,44.08],[66.5127,44.0856],[66.5322,44.0971],[66.54,44.0999],[66.533,44.1105],[66.5213,44.1146],[66.5086,44.1165],[66.4985,44.1209],[66.4985,44.1271],[66.5053,44.1295],[66.5112,44.1339],[66.5161,44.1401],[66.5195,44.1483],[66.5056,44.1494],[66.4931,44.1465],[66.4832,44.1392],[66.478,44.1271],[66.448,44.1413],[66.4395,44.1508],[66.4439,44.1619],[66.4309,44.1651],[66.4254,44.1648],[66.4164,44.1619],[66.4238,44.1993],[66.4253,44.2209],[66.4233,44.237],[66.4164,44.2464],[66.4072,44.2523],[66.3994,44.26],[66.396,44.2748],[66.3897,44.2778],[66.3482,44.2779],[66.3531,44.2993],[66.3516,44.2999]]}},{"type":"Feature","properties":{"scalerank":5,"name":"Syr  Darya"},"geometry":{"type":"LineString","coordinates":[[69.8271,40.2727],[69.8184,40.2799],[69.8105,40.299],[69.8018,40.3037],[69.7988,40.3004],[69.7911,40.293],[69.78,40.2857],[69.7676,40.2826],[69.7566,40.2855],[69.7493,40.2916],[69.7426,40.2984],[69.7334,40.3037],[69.7232,40.3054],[69.6665,40.3026],[69.655,40.3034],[69.637,40.3115],[69.6262,40.3074],[69.6157,40.3005],[69.5966,40.2922],[69.5899,40.2812],[69.5845,40.2685],[69.5786,40.2587],[69.5675,40.252],[69.5547,40.2497],[69.5274,40.2491],[69.4775,40.242],[69.3849,40.2129],[69.363,40.2093],[69.3393,40.2081],[69.3155,40.2145],[69.2774,40.2427],[69.2571,40.2491],[69.2319,40.2519],[69.178,40.2764],[69.1778,40.2945],[69.1587,40.3084],[69.1165,40.331],[69.1349,40.346],[69.1348,40.3727],[69.1506,40.3863],[69.109,40.3863],[69.1166,40.3956],[69.1353,40.4053],[69.1439,40.4136],[69.1331,40.4179],[69.1212,40.4204],[69.1087,40.4212],[69.0959,40.4204],[69.0999,40.4291],[69.1054,40.4366],[69.1196,40.4508],[69.1238,40.4595],[69.1221,40.4685],[69.1186,40.4772],[69.1165,40.4853],[69.1103,40.4916],[69.0997,40.4993],[69.0977,40.5074],[69.1165,40.5153],[69.1074,40.5205],[69.0976,40.5231],[69.0868,40.5237],[69.0755,40.5228],[69.0869,40.5587],[69.0964,40.5725],[69.1216,40.5812],[69.1212,40.5883],[69.1148,40.5953],[69.1059,40.5986],[69.0963,40.5943],[69.0857,40.5861],[69.0758,40.5806],[69.0681,40.5843],[69.0685,40.5917],[69.0849,40.6037],[69.0885,40.6122],[69.0836,40.6216],[69.0654,40.6332],[69.0536,40.6582],[69.0351,40.6594],[68.9929,40.6531],[69.0089,40.6734],[69.0127,40.6836],[69.0032,40.6879],[68.9879,40.684],[68.9741,40.6769],[68.96,40.6734],[68.9446,40.6805],[68.9578,40.6937],[68.9556,40.7071],[68.9443,40.7193],[68.9309,40.7289],[68.9238,40.7308],[68.9166,40.7299],[68.9097,40.7301],[68.9029,40.7351],[68.9022,40.7395],[68.9039,40.7512],[68.9029,40.7556],[68.8927,40.7718],[68.8873,40.7769],[68.8762,40.7835],[68.8496,40.7938],[68.8428,40.7978],[68.8355,40.8054],[68.8237,40.8225],[68.8149,40.8313],[68.7998,40.8396],[68.7781,40.847],[68.756,40.85],[68.7398,40.8449],[68.7364,40.8623],[68.7335,40.869],[68.7291,40.8688],[68.7202,40.8638],[68.7149,40.8664],[68.7125,40.8737],[68.7112,40.8975],[68.7079,40.9075],[68.7,40.9163],[68.6482,40.9523],[68.6333,40.9682],[68.6439,40.9753],[68.6655,40.9781],[68.67,40.9852],[68.6616,40.9942],[68.6435,41.0026],[68.634,41.0031],[68.623,41.0024],[68.6133,41.0043],[68.6094,41.0128],[68.6153,41.0235],[68.615,41.0284],[68.606,41.0305],[68.5878,41.0277],[68.572,41.0222],[68.5569,41.0192],[68.541,41.0237],[68.5296,41.0325],[68.5183,41.0452],[68.5098,41.0597],[68.5064,41.0743],[68.4985,41.0744],[68.481,41.0826],[68.4623,41.0947],[68.4557,41.1068]]}},{"type":"Feature","properties":{"scalerank":5,"name":"Naryn"},"geometry":{"type":"LineString","coordinates":[[73.3003,41.7762],[73.2743,41.7685],[73.2371,41.7735],[73.1998,41.7733],[73.1477,41.776],[73.1033,41.787],[73.0533,41.8045],[73.0029,41.8132],[72.9429,41.807],[72.8967,41.8002],[72.8535,41.8008],[72.8098,41.794],[72.7765,41.7797],[72.7478,41.7623],[72.7188,41.7346],[72.6869,41.6979],[72.6674,41.6829],[72.658,41.6749],[72.6537,41.6674]]}},{"type":"Feature","properties":{"scalerank":5,"name":"Naryn"},"geometry":{"type":"LineString","coordinates":[[77.7372,41.8797],[77.7786,41.8702],[77.8225,41.866],[77.8462,41.8695],[77.9351,41.8957],[77.9654,41.9005],[77.9767,41.9007],[77.9887,41.8978],[78.0098,41.889],[78.0215,41.8871],[78.0445,41.8806],[78.0579,41.8651],[78.0606,41.8467],[78.0524,41.8319],[77.9809,41.8015],[77.9612,41.7762],[77.9011,41.7499],[77.8652,41.7299],[77.8491,41.7182],[77.8171,41.6883],[77.7765,41.664],[77.7315,41.6177],[77.7211,41.6012],[77.7168,41.5817],[77.6274,41.5621],[77.5876,41.5362],[77.566,41.5255],[77.542,41.5211],[77.4788,41.5287],[77.4561,41.5286],[77.4317,41.5238],[77.3875,41.5098],[77.3633,41.5069],[77.3416,41.5091],[77.2983,41.5189],[77.2774,41.5211],[77.2544,41.5168],[77.2133,41.4981],[77.1925,41.4938],[77.0073,41.5006],[76.9659,41.5069],[76.9601,41.5031],[76.9456,41.4857],[76.9353,41.4802],[76.9171,41.4799],[76.7774,41.4946],[76.6616,41.4876],[76.6493,41.4854],[76.6289,41.4755],[76.6168,41.4733],[76.6062,41.4761],[76.5835,41.4894],[76.5723,41.4938],[76.5608,41.4949],[76.5244,41.4938],[76.4985,41.5048],[76.4865,41.5069],[76.0916,41.4493],[76.0099,41.446],[75.812,41.4628],[75.7122,41.4433],[75.6914,41.4311],[75.6536,41.3998],[75.6318,41.3899],[75.6051,41.3835],[75.5518,41.3793],[75.5055,41.3822],[75.4797,41.3865],[75.4624,41.3936],[75.4556,41.3862],[75.4326,41.3972],[75.377,41.4073],[75.2797,41.4377],[75.2564,41.4483],[75.2495,41.4409],[75.229,41.4481],[74.8113,41.421],[74.8007,41.425],[74.7763,41.4381],[74.7664,41.4409],[74.7389,41.4376],[74.6666,41.4135],[74.6417,41.4095],[74.621,41.4114],[74.6033,41.419],[74.5881,41.4312],[74.5711,41.4396],[74.5465,41.4427],[74.4954,41.4409],[74.4702,41.4352],[74.4282,41.4173],[74.4036,41.4135],[74.394,41.4104],[74.3755,41.3968],[74.3694,41.3936],[74.3053,41.3833],[74.2812,41.375],[74.2695,41.3725],[74.2573,41.3729],[74.2251,41.3793],[74.2197,41.3816],[74.2021,41.3914],[74.1909,41.3936],[74.1567,41.3925],[74.1459,41.3936],[74.0796,41.4175],[74.0298,41.4239],[74.0115,41.4314],[73.9475,41.4832],[73.9369,41.5019],[73.9439,41.5203],[73.9536,41.5375],[73.9532,41.558],[73.9404,41.5991],[73.9397,41.6057],[73.9414,41.6187],[73.9404,41.6264],[73.9262,41.6537],[73.8751,41.7134],[73.8683,41.7187],[73.7828,41.7294],[73.7575,41.7377],[73.6873,41.7772],[73.6012,41.7957],[73.5841,41.8045],[73.5673,41.8011],[73.5284,41.8011],[73.5086,41.7971],[73.4957,41.7901],[73.4837,41.7812],[73.4695,41.7736],[73.4505,41.7704],[73.2979,41.776]]}},{"type":"Feature","properties":{"scalerank":5,"name":"Naryn"},"geometry":{"type":"LineString","coordinates":[[72.6537,41.6674],[72.6308,41.6339],[72.5976,41.6173],[72.5616,41.6044],[72.4124,41.5097],[72.375,41.515],[72.3246,41.4947],[72.2769,41.4649],[72.2478,41.4409],[72.2429,41.4342],[72.2395,41.4268],[72.2341,41.4073],[72.2307,41.3695],[72.2061,41.3375],[72.1933,41.3156],[72.1865,41.2974],[72.1884,41.2935],[72.193,41.2882],[72.1978,41.284],[72.2001,41.2838],[72.1991,41.2773],[72.1948,41.2676],[72.1902,41.2515],[72.1819,41.2324],[72.1802,41.2254],[72.1759,41.2204],[72.1567,41.2106],[72.1524,41.2047],[72.1503,41.1909],[72.1448,41.1816],[72.1362,41.1744],[72.0706,41.1364],[72.0548,41.1105],[71.8997,40.9902],[71.7978,40.9368],[71.7786,40.9238],[71.7582,40.913],[71.6441,40.8899],[71.5055,40.8795],[71.4363,40.8859],[71.4238,40.885],[71.401,40.8807],[71.3882,40.8797],[71.377,40.8824],[71.3566,40.8928],[71.3434,40.8934],[71.3321,40.8892],[71.3186,40.8771],[71.3093,40.8723],[71.2809,40.8666],[71.2506,40.8654],[71.2276,40.859],[71.2009,40.8463],[71.1751,40.8372],[71.1546,40.8419],[71.1378,40.8515],[71.1135,40.8589],[71.0868,40.862],[71.0624,40.8586],[71.0522,40.8551],[71.0424,40.8497],[71.0385,40.8411],[71.0457,40.8279],[71.0562,40.8142],[71.0623,40.7995],[71.0592,40.786],[71.0425,40.7761],[71.0154,40.8162],[70.9713,40.8022],[70.8842,40.7425],[70.871,40.7412],[70.843,40.7433],[70.8296,40.7425],[70.8128,40.7364],[70.8017,40.7272],[70.7925,40.717],[70.7817,40.7078],[70.7402,40.6879],[70.7367,40.6839],[70.735,40.6791],[70.7315,40.6752],[70.7153,40.6724],[70.7067,40.6693],[70.6924,40.6606],[70.6774,40.6501],[70.6167,40.6122],[70.5816,40.579],[70.5689,40.5706],[70.5537,40.5653],[70.5391,40.5621],[70.525,40.5573],[70.5115,40.5471],[70.4876,40.5158],[70.4775,40.5057],[70.4678,40.5028],[70.3989,40.4904],[70.3692,40.4758],[70.3534,40.4564],[70.355,40.4354]]}},{"type":"Feature","properties":{"scalerank":5,"name":"Pamir"},"geometry":{"type":"LineString","coordinates":[[73.6046,37.4461],[73.4849,37.4812],[73.4402,37.4802],[73.3779,37.4528],[73.3613,37.4566],[73.3447,37.4647],[73.3208,37.4672],[73.2959,37.4652],[73.2758,37.4597],[73.2599,37.4503],[73.2112,37.4085],[73.2001,37.4044],[73.1786,37.411],[73.1699,37.4085],[73.1318,37.3846],[73.1161,37.3692],[73.0989,37.3402],[73.0874,37.3263],[73.0671,37.3154],[72.9951,37.3095],[72.9238,37.2751],[72.9019,37.254],[72.877,37.2471],[72.8301,37.24],[72.7903,37.2206],[72.7605,37.1878],[72.714,37.1103],[72.6723,37.0579],[72.6661,37.0386],[72.6573,37.0291]]}},{"type":"Feature","properties":{"scalerank":5,"name":"Panj"},"geometry":{"type":"LineString","coordinates":[[72.6573,37.0291],[72.5083,37.0113],[72.4746,36.9977],[72.4055,37.0079],[72.3606,37.0006],[72.2593,36.9676],[72.2198,36.9458],[72.2099,36.9368],[72.1956,36.9192],[72.1865,36.9116],[72.1524,36.8959],[72.1262,36.8729],[71.8362,36.6994],[71.7973,36.6863],[71.7481,36.6789],[71.6996,36.6789],[71.6528,36.6872],[71.6108,36.7051],[71.5769,36.7335],[71.5635,36.7509],[71.5524,36.7698],[71.5449,36.7902],[71.5382,36.8364],[71.5281,36.8564],[71.4713,36.9303],[71.4626,36.9483],[71.4595,36.97],[71.4595,37.011],[71.4561,37.0228],[71.4389,37.0444],[71.4329,37.055],[71.4308,37.0672],[71.4329,37.1276],[71.4407,37.1687],[71.4464,37.1839],[71.4533,37.1928],[71.4497,37.2169],[71.4867,37.2673],[71.4876,37.2952],[71.4933,37.3077],[71.4962,37.3288],[71.4944,37.3709],[71.4868,37.4094],[71.4898,37.4236],[71.5012,37.4461],[71.5108,37.4862],[71.4968,37.5668],[71.5012,37.6105],[71.5046,37.6163],[71.5169,37.6295],[71.5216,37.6379],[71.5243,37.648],[71.5291,37.6788],[71.5405,37.71],[71.5421,37.7198],[71.54,37.7308],[71.5308,37.752],[71.5291,37.7613],[71.5374,37.7793],[71.5742,37.7983],[71.5899,37.816],[71.5938,37.834],[71.5947,37.8577],[71.593,37.8796],[71.5899,37.8917],[71.5973,37.8985],[71.5669,37.9283],[71.5367,37.9446],[71.5007,37.9465],[71.3788,37.9132],[71.3604,37.9023],[71.3408,37.8936],[71.3193,37.9008],[71.2815,37.9252],[71.2708,37.9264],[71.2631,37.9246],[71.2578,37.9267],[71.2542,37.9395],[71.2554,37.9501],[71.2654,37.9728],[71.2722,37.9982],[71.3019,38.0425],[71.3155,38.0835],[71.3341,38.1119],[71.3406,38.1412],[71.3587,38.1844],[71.3639,38.2071],[71.3576,38.2515],[71.3341,38.2809],[71.2997,38.2989],[71.2173,38.3261],[71.1555,38.3764],[71.117,38.3988],[71.0889,38.41],[71.0767,38.4125],[71.0645,38.4121],[71.0567,38.4092],[71.0493,38.4089],[71.0391,38.4156],[71.0326,38.4239],[71.0241,38.4422],[71.0182,38.45],[71.0081,38.4588],[70.9977,38.4659],[70.9864,38.4711],[70.9736,38.4739],[70.9503,38.4733],[70.943,38.4662],[70.9463,38.4435],[70.9358,38.4332],[70.9117,38.4379],[70.8705,38.4534],[70.8589,38.4519],[70.8533,38.4477],[70.8492,38.4431],[70.8427,38.4404],[70.8336,38.4408],[70.8175,38.4453],[70.8085,38.4466],[70.7768,38.4467],[70.7608,38.4438],[70.7539,38.4366],[70.7413,38.4197],[70.6829,38.4148],[70.6645,38.4056],[70.6645,38.3988],[70.6843,38.3869],[70.6763,38.3752],[70.6409,38.3544],[70.6318,38.3504],[70.6089,38.3514],[70.5996,38.3473],[70.5955,38.3384],[70.5952,38.328],[70.5962,38.3178],[70.5962,38.3094],[70.5825,38.2753],[70.5725,38.2713],[70.559,38.2684],[70.5468,38.2629],[70.5374,38.2383],[70.5081,38.1927],[70.482,38.1376],[70.4699,38.1207],[70.4596,38.1125],[70.4255,38.1009],[70.415,38.0948],[70.3707,38.0585],[70.3258,38.0115],[70.3175,38.0065],[70.2935,37.9964],[70.2883,37.991],[70.2834,37.9821],[70.2722,37.9784],[70.2605,37.9767],[70.2537,37.9737],[70.25,37.9644],[70.2496,37.9558],[70.2533,37.9476],[70.2612,37.9395],[70.2377,37.9326],[70.2143,37.9295],[70.1918,37.9331],[70.1716,37.9464],[70.1601,37.9209],[70.1648,37.8902],[70.1788,37.861],[70.1956,37.8402],[70.207,37.8359],[70.2398,37.8278],[70.2468,37.8194],[70.2494,37.805],[70.2561,37.7921],[70.2651,37.7814],[70.2747,37.7744],[70.2691,37.7629],[70.2713,37.7489],[70.2815,37.7198],[70.2827,37.705],[70.28,37.6963],[70.2765,37.6883],[70.2747,37.6757],[70.2621,37.6611],[70.2573,37.6583],[70.253,37.6549],[70.2534,37.6468],[70.2548,37.6377],[70.2537,37.631],[70.2478,37.6236],[70.2457,37.6214],[70.2405,37.6174],[70.2372,37.6184],[70.218,37.6177],[70.2159,37.6174],[70.2016,37.5882],[70.199,37.5795],[70.1924,37.5762],[70.1573,37.5416],[70.1288,37.5325],[70.0986,37.5368],[70.0688,37.5455],[70.0413,37.5491],[70.0475,37.5416],[70.0165,37.5462],[70.0071,37.5491],[69.9981,37.5559],[69.9942,37.5624],[69.989,37.5676],[69.9761,37.5696],[69.9548,37.5758],[69.944,37.59],[69.9348,37.6059],[69.9185,37.6174],[69.8948,37.6184],[69.8528,37.6015],[69.8324,37.5969],[69.8227,37.5931],[69.8123,37.586],[69.8018,37.5817],[69.7914,37.5863],[69.7839,37.5906],[69.7618,37.5961],[69.7539,37.5969],[69.7293,37.5943],[69.6869,37.5799],[69.6646,37.5764],[69.5283,37.5862],[69.5083,37.5793],[69.4908,37.5372],[69.4693,37.5204],[69.4249,37.4945],[69.4213,37.4898],[69.4153,37.4778],[69.4112,37.4727],[69.4037,37.4671],[69.3893,37.4591],[69.384,37.4536],[69.3779,37.4377],[69.3759,37.4191],[69.3766,37.3809],[69.3785,37.3774],[69.3878,37.3753],[69.3909,37.3709],[69.3906,37.3655],[69.3882,37.364],[69.3853,37.3633],[69.384,37.3604],[69.3844,37.3511],[69.3859,37.3417],[69.3891,37.3332],[69.3942,37.3263],[69.4026,37.3113],[69.4093,37.2769],[69.4175,37.2679],[69.4094,37.2459],[69.4264,37.2397],[69.4448,37.2366],[69.4417,37.2238],[69.4072,37.1777],[69.3909,37.1649],[69.3505,37.1444],[69.3342,37.1293],[69.3234,37.1212],[69.3116,37.1177],[69.2852,37.1131],[69.2652,37.1057],[69.2454,37.1041],[69.1506,37.1552],[69.1454,37.1573],[69.1231,37.1694],[69.1139,37.1778],[69.0959,37.2133],[69.0781,37.2254],[69.0552,37.2374],[69.0354,37.2518],[69.0208,37.2882],[69.005,37.3058],[68.9849,37.3206],[68.9649,37.3294],[68.8969,37.3362],[68.8932,37.3373],[68.8875,37.3384],[68.8847,37.335],[68.8899,37.3231],[68.8963,37.3167],[68.9125,37.307],[68.9172,37.3027],[68.9207,37.2882],[68.9155,37.2792],[68.9043,37.2769],[68.8899,37.2822],[68.8766,37.2963],[68.8677,37.3124],[68.8564,37.3251],[68.8354,37.3294],[68.8134,37.3237],[68.8098,37.3123],[68.8217,37.2822],[68.8242,37.2609],[68.8199,37.2512],[68.808,37.2518],[68.7709,37.2709],[68.7593,37.2755],[68.7461,37.2764],[68.7255,37.2747],[68.6865,37.2792],[68.6685,37.2785],[68.6572,37.2679],[68.6624,37.264],[68.665,37.2596],[68.6708,37.2474],[68.6482,37.2446],[68.6359,37.2301],[68.6303,37.2141],[68.6265,37.2065],[68.6084,37.2044],[68.5709,37.1949],[68.551,37.1928],[68.5462,37.1885],[68.5322,37.1693],[68.5234,37.1649],[68.513,37.1643],[68.4654,37.1556],[68.4033,37.1519],[68.4176,37.1285],[68.4111,37.1136],[68.3914,37.1057],[68.3655,37.1035],[68.3456,37.1071],[68.3262,37.1133],[68.3071,37.1145],[68.2879,37.1035],[68.2803,37.0869],[68.2812,37.0667],[68.2879,37.0246],[68.2774,37.0103],[68.2534,37.0104],[68.212,37.0215]]}},{"type":"Feature","properties":{"scalerank":5,"name":"Amu  Darya"},"geometry":{"type":"LineString","coordinates":[[68.212,37.0215],[68.186,37.0186],[68.1675,37.0064],[68.1515,36.993],[68.1331,36.9868],[68.1206,36.9805],[68.0545,36.9349],[68.0444,36.9295],[68.0322,36.9255],[68.0198,36.9259],[68.0107,36.9311],[68.0056,36.9389],[68.0016,36.9477],[67.9957,36.9561],[67.9614,36.9902],[67.9526,36.9964],[67.929,37.0065],[67.918,37.0141],[67.9019,37.0346],[67.8916,37.0523],[67.8777,37.0646],[67.8325,37.0734],[67.8076,37.0835],[67.7851,37.0968],[67.7726,37.1103],[67.7716,37.1252],[67.7802,37.1891],[67.7756,37.2078],[67.7637,37.2211],[67.7463,37.2296],[67.7255,37.2338],[67.6899,37.2325],[67.6772,37.2338],[67.666,37.2382],[67.6441,37.2515],[67.6327,37.2543],[67.6215,37.2532],[67.6023,37.2486],[67.5918,37.2474],[67.5857,37.2429],[67.5795,37.2329],[67.5718,37.2234],[67.561,37.2202],[67.5445,37.2318],[67.5256,37.2731],[67.5027,37.2822],[67.4819,37.2777],[67.4636,37.2665],[67.4307,37.24],[67.4107,37.2281],[67.3907,37.2198],[67.3691,37.2149],[67.3447,37.2133],[67.319,37.2087],[67.281,37.1889],[67.2588,37.1854],[67.2363,37.1927],[67.225,37.208],[67.2175,37.2265],[67.2075,37.2437],[67.1874,37.2584],[67.1431,37.2721],[67.1228,37.2822],[67.1135,37.2974],[67.0971,37.3408],[67.0846,37.3499],[67.0637,37.3548],[67.0237,37.3778],[67.0055,37.3846],[66.9573,37.3854],[66.8652,37.3682],[66.7346,37.3636],[66.7241,37.3604],[66.7042,37.3467],[66.6936,37.3437],[66.6666,37.3446],[66.6543,37.3464],[66.5883,37.3687],[66.5641,37.3709],[66.5386,37.3694],[66.5191,37.3644],[66.5025,37.3559],[66.4848,37.3437],[66.4697,37.33],[66.4609,37.3247],[66.4507,37.3231],[66.4382,37.3282],[66.4233,37.346],[66.4131,37.3499],[66.3892,37.3474],[66.3203,37.3294],[66.294,37.3314],[66.2739,37.3435],[66.2573,37.357],[66.2415,37.3636],[66.232,37.3656],[66.2182,37.375],[66.2074,37.3771],[66.1743,37.3758],[66.1626,37.3771],[66.1426,37.3853],[66.1253,37.399],[66.0976,37.4287],[66.0792,37.4411],[65.8547,37.5081],[65.8357,37.5194],[65.8287,37.5259],[65.8206,37.5355],[65.8038,37.5655],[65.7962,37.5696],[65.7761,37.5731],[65.7107,37.5969],[65.6692,37.5999],[65.6487,37.6038],[65.6316,37.614],[65.6015,37.6385],[65.5519,37.6649],[65.5367,37.6693],[65.5204,37.6718],[65.5016,37.6726],[65.4854,37.6764],[65.4585,37.694],[65.4028,37.7112],[65.3071,37.7086],[65.2651,37.7272],[65.2554,37.7427],[65.239,37.7876],[65.2275,37.8057],[65.2133,37.8216],[65.1463,37.9435],[65.1183,37.9813],[65.0864,38.0078],[65.0251,38.0442],[65.0078,38.0494],[64.9541,38.0925],[64.9361,38.1039],[64.8977,38.1198],[64.877,38.1248],[64.8541,38.1245],[64.676,38.1797],[64.608,38.2092],[64.5833,38.2132],[64.5689,38.2186],[64.5381,38.2447],[64.5185,38.2542],[64.4891,38.2605]]}},{"type":"Feature","properties":{"scalerank":6,"name":"Ishikari"},"geometry":{"type":"LineString","coordinates":[[143.0659,43.6995],[143.0523,43.7088],[142.983,43.7398],[142.944,43.7493],[142.928,43.7586],[142.9168,43.7719],[142.8997,43.7984],[142.8845,43.8096],[142.8652,43.8173],[142.8081,43.8252],[142.7892,43.8303],[142.7091,43.869],[142.678,43.8959],[142.668,43.9007],[142.6439,43.9049],[142.6193,43.9027],[142.5244,43.8771],[142.4834,43.856],[142.3735,43.7728],[142.3526,43.7638],[142.315,43.7726],[142.2925,43.7654],[142.2141,43.724],[142.1728,43.7106],[142.084,43.6964],[142.074,43.6971],[142.0647,43.6993],[142.0547,43.7],[142.0425,43.6964],[142.0304,43.6881],[142.0247,43.6812],[142.0176,43.6765],[141.9813,43.6709],[141.9599,43.6612],[141.9028,43.6207],[141.8922,43.6096],[141.8868,43.5943],[141.8853,43.5692],[141.8888,43.5489],[141.901,43.5104],[141.899,43.4897],[141.8933,43.48],[141.887,43.4786],[141.8799,43.478],[141.8718,43.4705],[141.87,43.4603],[141.8706,43.4462],[141.8689,43.4337],[141.8611,43.4283],[141.8523,43.4251],[141.8423,43.4172],[141.834,43.4073],[141.8258,43.3868],[141.814,43.3807],[141.7892,43.3736],[141.7818,43.3677],[141.7681,43.3514],[141.762,43.3464],[141.7506,43.3432],[141.7283,43.3415],[141.6769,43.3102],[141.6594,43.2959],[141.6522,43.278],[141.6546,43.2527],[141.6589,43.2362],[141.6576,43.2208],[141.6293,43.1804],[141.6109,43.1422],[141.5973,43.1273],[141.5611,43.1162],[141.5186,43.1226],[141.4776,43.1381],[141.4203,43.1679],[141.4117,43.175],[141.4067,43.1822],[141.4015,43.197],[141.398,43.2023],[141.37,43.2181],[141.3598,43.2297],[141.3576,43.2379]]}},{"type":"Feature","properties":{"scalerank":6,"name":"Yarkant"},"geometry":{"type":"LineString","coordinates":[[77.5249,35.5207],[77.5478,35.5257],[77.5641,35.5338],[77.5772,35.5446],[77.5899,35.5579],[77.6117,35.5744],[77.6577,35.5913],[77.6752,35.6026],[77.6817,35.6192],[77.6923,35.6734],[77.6925,35.6852],[77.6978,35.6876],[77.7022,35.6943],[77.7057,35.7039],[77.7084,35.7152],[77.7109,35.7382],[77.7109,35.7474],[77.71,35.7534],[77.689,35.7849],[77.5527,35.8797],[77.5454,35.89],[77.544,35.9038],[77.5489,35.913],[77.5557,35.9202],[77.5591,35.9282],[77.5635,35.9431],[77.6422,36.0793],[77.6616,36.0961],[77.7295,36.121],[77.7595,36.1426],[77.7577,36.1718],[77.7459,36.178],[77.6957,36.178],[77.6274,36.1991],[77.5579,36.2554],[77.5312,36.2674],[77.5332,36.2718],[77.5366,36.2835],[77.5386,36.2879],[77.5312,36.2928],[77.5244,36.3002],[77.5195,36.3092],[77.5175,36.3189],[77.5139,36.3231],[77.4966,36.3355],[77.4907,36.3425],[77.4981,36.3724],[77.4806,36.4068],[77.4508,36.4297],[77.4213,36.425],[77.4047,36.4318],[77.3154,36.4418],[77.2732,36.4559],[77.25,36.4592],[77.2258,36.4572],[77.1812,36.4482],[77.1581,36.4462],[77.1362,36.4486],[77.1011,36.4585],[77.0792,36.4592],[76.9644,36.4344],[76.9142,36.4046],[76.9043,36.4017],[76.8745,36.3977],[76.8383,36.3853],[76.8289,36.3834],[76.8204,36.3857],[76.8062,36.3955],[76.795,36.3977],[76.7898,36.3967],[76.78,36.392],[76.7739,36.3909],[76.7661,36.3928],[76.7558,36.4017],[76.7496,36.4046],[76.728,36.4058],[76.6645,36.3977],[76.644,36.4003],[76.5138,36.4309],[76.4937,36.4325],[76.4786,36.4403],[76.4702,36.4583],[76.4624,36.4933],[76.4584,36.4984],[76.4475,36.5033],[76.4425,36.5076],[76.4415,36.5121],[76.4434,36.5236],[76.4425,36.528],[76.4295,36.545],[76.4208,36.5523],[76.4107,36.5554],[76.3899,36.5581],[76.3692,36.5647],[76.3326,36.5827],[76.2747,36.6195],[76.2532,36.6243],[76.2288,36.6252],[76.209,36.6284],[76.1917,36.6345],[76.1187,36.6752],[76.1026,36.6888],[76.0774,36.7242],[76.0582,36.7608],[76.0445,36.8018],[76.0435,36.8084],[76.0445,36.8182],[76.0445,36.8223],[76.0418,36.8287],[76.0328,36.8402],[76.0309,36.8462],[76.0265,36.8686],[76.0156,36.8858],[75.9894,36.9116],[75.9705,36.9379],[75.962,36.9458],[75.9522,36.9497],[75.9337,36.9505],[75.9244,36.9561],[75.9201,36.9718],[75.9319,36.9872],[75.962,37.0141],[75.9909,37.0731],[76.0081,37.0931],[76.0107,37.1162],[76.0099,37.1587],[76.0115,37.1669],[76.0144,37.1719],[76.0151,37.1771],[76.0099,37.1854],[76.0016,37.1914],[75.9791,37.2007],[75.9695,37.2065],[75.9561,37.2242],[75.938,37.2668],[75.9185,37.293],[75.9111,37.3059],[75.9068,37.3179],[75.9108,37.3231],[75.9374,37.3238],[75.9547,37.3285],[75.9596,37.3198],[75.9626,37.3074],[75.9658,37.2989],[75.9745,37.2921],[75.9822,37.2899],[76.0037,37.2884],[76.0309,37.2822],[76.0435,37.2827],[76.0693,37.2877],[76.0794,37.2884],[76.0865,37.2853],[76.0909,37.2801],[76.0962,37.2757],[76.106,37.2747],[76.1222,37.2801],[76.1298,37.2893],[76.1349,37.3006],[76.1436,37.3129],[76.1526,37.3177],[76.1753,37.3219],[76.1848,37.3263],[76.1891,37.3353],[76.19,37.3588],[76.1917,37.3636],[76.2018,37.371],[76.235,37.4066],[76.2494,37.4182],[76.2442,37.4294],[76.2324,37.4481],[76.229,37.4597],[76.229,37.471],[76.2363,37.5081],[76.2365,37.5447],[76.2325,37.5667],[76.2227,37.5826],[76.227,37.5854],[76.2315,37.5921],[76.2363,37.5969],[76.2159,37.6328],[76.2104,37.649],[76.2085,37.6689],[76.2044,37.6861],[76.1858,37.7143],[76.1812,37.7335],[76.1929,37.7808],[76.2071,37.8102],[76.198,37.8203],[76.1814,37.8276],[76.1675,37.8371],[76.1758,37.8409],[76.1943,37.8457],[76.2017,37.8508],[76.206,37.8606],[76.2131,37.8864],[76.219,37.8917],[76.2599,37.8917],[76.2677,37.8968],[76.2677,37.9089],[76.2631,37.9327],[76.268,37.9573],[76.2761,37.9669],[76.2909,37.9679],[76.315,37.9669],[76.3271,37.9701],[76.3491,37.9846],[76.363,37.9879],[76.3748,37.9863],[76.3899,37.9776],[76.4009,37.9737],[76.4253,37.9708],[76.4507,37.9724],[76.4744,37.979],[76.4937,37.991],[76.5051,37.9957],[76.5181,37.9941],[76.5415,37.9879],[76.5468,37.9822],[76.5425,37.9698],[76.5352,37.9576],[76.5313,37.9525],[76.5372,37.9316],[76.5533,37.9285],[76.5747,37.9299],[76.6128,37.9143],[76.6538,37.9105],[76.6746,37.906],[76.7081,37.8885],[76.7273,37.8811],[76.753,37.878],[76.7754,37.8826],[76.7906,37.8936],[76.8117,37.919],[76.8838,37.9702],[76.9252,38.0204],[76.9421,38.0351],[76.9617,38.0433],[76.9841,38.05],[77.0027,38.0605],[77.0103,38.0798],[77.0191,38.0914],[77.0792,38.1245],[77.2097,38.2337],[77.2847,38.2694],[77.3814,38.3393],[77.394,38.3544],[77.3593,38.4456],[77.3633,38.4609],[77.353,38.4752],[77.3257,38.5633],[77.329,38.5694],[77.3296,38.5832],[77.3325,38.59],[77.3406,38.5958],[77.3596,38.6007],[77.3667,38.6043],[77.3757,38.6193],[77.3818,38.6527],[77.3872,38.6663],[77.3989,38.675],[77.4351,38.6905],[77.4492,38.6999],[77.4579,38.7139],[77.4596,38.7281],[77.4595,38.744],[77.4629,38.7625],[77.4838,38.7961],[77.5469,38.8447],[77.5728,38.8712],[77.5815,38.8913],[77.5791,38.9055],[77.5718,38.9178],[77.5654,38.9326],[77.566,38.9517],[77.5703,38.9705],[77.5689,38.9861],[77.5517,38.9953],[77.5554,39.0066],[77.5613,39.013],[77.5912,39.0267],[77.5994,39.0288],[77.6069,39.0318],[77.6171,39.0394],[77.6162,39.0433],[77.6211,39.0855],[77.6231,39.093],[77.6348,39.1114],[77.6392,39.1218],[77.6388,39.1275],[77.6397,39.1319],[77.6479,39.1387],[77.6539,39.1395],[77.6604,39.1368],[77.6659,39.1332],[77.669,39.1319],[77.6741,39.1365],[77.6824,39.1496],[77.686,39.1524],[77.7001,39.1586],[77.7102,39.1604],[77.7201,39.1558],[77.73,39.1476],[77.7349,39.1483],[77.7441,39.166],[77.7431,39.1677],[77.7424,39.1739],[77.7427,39.1813],[77.7441,39.1871],[77.7486,39.1925],[77.7545,39.1957],[77.7605,39.1981],[77.7996,39.2253],[77.8049,39.2311],[77.867,39.2752],[77.9129,39.2861],[77.9295,39.2962],[77.9358,39.3199],[77.9439,39.3325],[77.9628,39.3475],[78.0048,39.3714],[78.0192,39.3744],[78.0569,39.377],[78.0693,39.382],[78.0747,39.3894],[78.0829,39.4065],[78.0873,39.4124],[78.0942,39.4158],[78.1113,39.4195],[78.1306,39.4317],[78.1604,39.4427],[78.2144,39.4837],[78.2273,39.4887],[78.2597,39.4934],[78.4408,39.5668],[78.4702,39.5843],[78.4909,39.5766],[78.5125,39.5847],[78.5334,39.5975],[78.5524,39.6042],[78.5628,39.5999],[78.5637,39.5894],[78.5624,39.5762],[78.5659,39.5638],[78.5753,39.5574],[78.5862,39.5581],[78.5979,39.5617],[78.6109,39.5638],[78.6277,39.5695],[78.669,39.596],[78.6895,39.6042],[78.7144,39.6039],[78.7398,39.6007],[78.7603,39.6024],[78.7719,39.6179],[78.7842,39.613],[78.8067,39.6151],[78.8198,39.6116],[78.8183,39.6232],[78.8201,39.633],[78.8251,39.6407],[78.834,39.6458],[78.8438,39.6337],[78.8541,39.6334],[78.8657,39.6351],[78.8783,39.6287],[78.8909,39.6195],[78.9024,39.6175],[78.929,39.6253],[78.936,39.6285],[78.9491,39.6364],[78.9567,39.639],[78.9622,39.6368],[78.9683,39.6314],[78.9746,39.6272],[78.9805,39.6287],[78.9928,39.6351],[79.0055,39.6339],[79.0186,39.6343],[79.032,39.6458],[79.0512,39.6434],[79.0734,39.6539],[79.1108,39.6837],[79.1304,39.6954],[79.1531,39.7022],[79.2449,39.7072],[79.2577,39.7106],[79.2788,39.7197],[79.2975,39.7237],[79.3132,39.733],[79.324,39.7352],[79.3357,39.7362],[79.3473,39.7391],[79.3683,39.7482],[79.3862,39.7609],[79.4264,39.8068],[79.4423,39.8206],[79.4575,39.8281],[79.5906,39.8376],[79.6088,39.8447],[79.6626,39.8928],[79.7213,39.9164],[79.7346,39.9195],[79.7454,39.9249],[79.7564,39.9366],[79.7704,39.9483],[79.7896,39.9536],[79.8076,39.9558],[79.8317,39.962],[79.8528,39.972],[79.8618,39.985],[79.8704,39.9945],[79.8892,39.9975],[79.908,40.0045],[79.9282,40.0621],[79.9574,40.0787],[80.0515,40.0864],[80.0655,40.09],[80.1254,40.1227],[80.1418,40.1285],[80.1559,40.1262],[80.1648,40.1385],[80.199,40.1708],[80.2112,40.1802],[80.2223,40.1836],[80.2476,40.1844],[80.259,40.187],[80.2664,40.1922],[80.2786,40.2073],[80.2857,40.2144],[80.3046,40.2226],[80.3469,40.2312],[80.3615,40.2416],[80.3621,40.2476],[80.3608,40.2688],[80.3615,40.2764],[80.3668,40.2838],[80.3824,40.2956],[80.3894,40.3037],[80.3819,40.3105],[80.3967,40.321],[80.4175,40.3308],[80.436,40.3433],[80.4439,40.3621],[80.4473,40.3752],[80.4557,40.3925],[80.4668,40.4041],[80.4783,40.3999],[80.4884,40.4046],[80.499,40.4064],[80.5226,40.4061],[80.5339,40.4095],[80.5532,40.4239],[80.5844,40.4318],[80.6008,40.4406],[80.6172,40.4457],[80.6376,40.4396],[80.6426,40.4341],[80.7459,40.4509],[80.7951,40.4525],[80.814,40.4273],[80.8208,40.4273],[80.8302,40.4334],[80.8569,40.4431],[80.87,40.461],[80.888,40.4671]]}},{"type":"Feature","properties":{"scalerank":6,"name":"Liao"},"geometry":{"type":"LineString","coordinates":[[123.554,43.4835],[123.6031,43.4396],[123.6093,43.4251],[123.6148,43.4036],[123.626,43.3873],[123.6338,43.3702],[123.629,43.3464],[123.6163,43.3334],[123.5981,43.3236],[123.5816,43.3121],[123.5745,43.2948],[123.572,43.274],[123.5479,43.1849],[123.5471,43.175],[123.5501,43.1772],[123.5512,43.1783],[123.5519,43.1795],[123.554,43.1818],[123.5608,43.175],[123.5512,43.158],[123.5396,43.0856],[123.5313,43.0726],[123.5203,43.0602],[123.5151,43.0476],[123.5272,43.0252],[123.5244,43.0012],[123.5265,42.9901],[123.5265,42.9963],[123.5309,42.9841],[123.5497,42.9678],[123.554,42.9587],[123.5585,42.9537],[123.5802,42.9469],[123.5881,42.9422],[123.5899,42.9351],[123.5838,42.9232],[123.5891,42.8989],[123.5928,42.8358],[123.6017,42.8187],[123.5904,42.8023],[123.5847,42.7772],[123.571,42.7604],[123.5662,42.746],[123.5714,42.73],[123.5738,42.7147],[123.5608,42.702],[123.5703,42.6912],[123.5733,42.686],[123.5745,42.6782],[123.579,42.6743],[123.6008,42.6756],[123.6093,42.6748],[123.6155,42.6682],[123.6253,42.6471],[123.6324,42.6375],[123.6495,42.6201],[123.6546,42.6177],[123.668,42.6133],[123.694,42.5972],[123.6953,42.5908],[123.6837,42.5792],[123.7052,42.5701],[123.7622,42.5345],[123.7737,42.5208],[123.769,42.4982],[123.7668,42.4966],[123.7735,42.4893],[123.7809,42.487],[123.7881,42.4862],[123.7935,42.4829],[123.801,42.4697],[123.8047,42.4551],[123.803,42.4409],[123.7935,42.4283],[123.8076,42.4118],[123.8311,42.4115],[123.8533,42.4171],[123.863,42.4178],[123.8677,42.412],[123.8897,42.4058],[123.8972,42.4004],[123.8994,42.3892],[123.8946,42.3795],[123.8621,42.3449],[123.8316,42.3261],[123.8181,42.3148],[123.7988,42.305],[123.7571,42.306],[123.7389,42.2911],[123.7273,42.3015],[123.7067,42.3065],[123.6836,42.3074],[123.6638,42.3048],[123.6476,42.2982],[123.6352,42.2874],[123.6269,42.2733],[123.6228,42.2564],[123.6126,42.2627],[123.6036,42.2635],[123.5957,42.2609],[123.5881,42.2564],[123.5574,42.2099],[123.5333,42.1965],[123.4858,42.1813],[123.4429,42.1734],[123.4225,42.1671],[123.4072,42.1574],[123.3999,42.1503],[123.3923,42.1447],[123.3838,42.1411],[123.3728,42.1397],[123.3665,42.1417],[123.3634,42.1463],[123.3617,42.1522],[123.3591,42.1574],[123.3517,42.1612],[123.3453,42.1591],[123.3399,42.1553],[123.3355,42.154],[123.2725,42.1725],[123.2493,42.1745],[123.2398,42.1723],[123.2178,42.163],[123.1956,42.1586],[123.1904,42.1527],[123.1865,42.144],[123.1773,42.1335],[123.1606,42.1245],[123.1414,42.1206],[123.0984,42.1199],[123.0897,42.1176],[123.0737,42.1079],[123.0517,42.1018],[123.0466,42.0926],[123.0427,42.0816],[123.0332,42.0721],[123.0205,42.0688],[122.9912,42.0684],[122.978,42.0653],[122.9682,42.0605],[122.9604,42.055],[122.9599,42.0494],[122.9717,42.0441],[122.9505,42.0092],[122.9369,41.9927],[122.9246,41.9827],[122.9265,41.9791],[122.9308,41.969],[122.9197,41.9698],[122.9089,41.9693],[122.8989,41.9669],[122.8899,41.9622],[122.9067,41.9508],[122.9246,41.9417],[122.9142,41.9237],[122.8948,41.9023],[122.873,41.8851],[122.855,41.8797],[122.8626,41.8728],[122.8538,41.8607],[122.8428,41.8497],[122.8296,41.84],[122.8147,41.8319],[122.8056,41.8311],[122.794,41.832],[122.7842,41.8303],[122.78,41.8216],[122.7783,41.8146],[122.7734,41.808],[122.7666,41.802],[122.7588,41.7971],[122.7787,41.7911],[122.7868,41.7909],[122.7691,41.772],[122.7662,41.767],[122.7726,41.7505],[122.7744,41.7406],[122.7696,41.7363],[122.7437,41.7342],[122.7385,41.7272],[122.7412,41.7144],[122.739,41.6946],[122.729,41.6845],[122.6973,41.6697],[122.6907,41.6639],[122.6943,41.6362],[122.6948,41.6187],[122.6907,41.6053],[122.6948,41.6013],[122.6997,41.592],[122.7042,41.5854],[122.6624,41.5526],[122.6436,41.5314],[122.6359,41.5063],[122.6338,41.493],[122.6245,41.4708],[122.6223,41.4582],[122.6241,41.4454],[122.629,41.4378],[122.6355,41.4312],[122.6428,41.421],[122.6305,41.4151],[122.6362,41.4052],[122.6487,41.3928],[122.6563,41.3793],[122.6542,41.3792],[122.6454,41.3646],[122.6428,41.3589],[122.6391,41.3332],[122.6359,41.3248],[122.6418,41.3057],[122.6207,41.285],[122.5671,41.2565],[122.5403,41.2496],[122.5334,41.2451],[122.5234,41.233],[122.5192,41.2292],[122.4771,41.1996],[122.4678,41.195],[122.4533,41.1928],[122.4302,41.183],[122.4129,41.1807],[122.3976,41.1767],[122.3909,41.1663],[122.3888,41.152],[122.3889,41.1367],[122.4015,41.0982],[122.4059,41.092],[122.4148,41.086],[122.4142,41.0718],[122.4087,41.0555],[122.4026,41.0429],[122.4078,41.036],[122.4097,41.0264],[122.4094,41.0026],[122.3418,40.9958],[122.3438,40.9835],[122.343,40.9625],[122.3399,40.9409],[122.335,40.9269],[122.3233,40.9425],[122.3186,40.9368],[122.3137,40.9064],[122.3047,40.8922],[122.2921,40.8779],[122.2783,40.8659],[122.2661,40.8586],[122.2605,40.8598],[122.2526,40.8636],[122.2441,40.8658],[122.2354,40.862],[122.2289,40.8557],[122.2236,40.8525],[122.2163,40.8515],[122.2039,40.8518],[122.1944,40.8633],[122.1869,40.8695],[122.1804,40.8688],[122.1736,40.8611],[122.1701,40.8549],[122.1709,40.8497],[122.1773,40.8449],[122.1255,40.8251],[122.1104,40.8085],[122.1152,40.7835],[122.1445,40.7595],[122.164,40.7506],[122.1816,40.7253],[122.1909,40.7153],[122.2421,40.7027],[122.2585,40.6935],[122.2388,40.6805],[122.2099,40.6827],[122.1655,40.71],[122.1563,40.7016]]}},{"type":"Feature","properties":{"scalerank":6,"name":"Yuan"},"geometry":{"type":"LineString","coordinates":[[112.9936,29.1475],[112.9924,29.165],[112.9954,29.189],[113,29.2161],[113.0346,29.2881],[113.0479,29.3632],[113.0693,29.3876],[113.0708,29.3892]]}},{"type":"Feature","properties":{"scalerank":6,"name":"Yuan"},"geometry":{"type":"LineString","coordinates":[[112.9048,29.0314],[112.9001,29.0174],[112.8818,28.9915],[112.8731,28.9749],[112.8628,28.9527],[112.8433,28.9315],[112.7666,28.8925],[112.6997,28.8709],[112.6694,28.8669],[112.6426,28.8618],[112.6111,28.8594],[112.5747,28.8742],[112.5391,28.8657],[112.5078,28.8315],[112.4707,28.8198],[112.4356,28.8207],[112.4125,28.8383],[112.3876,28.8712],[112.3615,28.8917],[112.3331,28.9007],[112.3243,28.8929],[112.3276,28.8705],[112.3206,28.8582],[112.3076,28.8432],[112.2721,28.8496],[112.2284,28.8915],[112.1865,28.9141],[112.1506,28.913],[112.1196,28.9203],[112.0699,28.9354],[112.0288,28.9439],[112.0078,28.9502],[111.9978,28.9612],[111.9944,28.9761],[111.9929,28.9847]]}},{"type":"Feature","properties":{"scalerank":6,"name":"Yuan"},"geometry":{"type":"LineString","coordinates":[[113.0693,29.3876],[113.0859,29.4045],[113.1111,29.4449],[113.1276,29.4628]]}},{"type":"Feature","properties":{"scalerank":6,"name":"Yuan"},"geometry":{"type":"LineString","coordinates":[[112.9048,29.0314],[112.9216,29.0389],[112.9356,29.0546],[112.943,29.0653],[112.9434,29.074],[112.9407,29.0833],[112.939,29.096],[112.9446,29.1148],[112.9583,29.1278],[112.9936,29.1475]]}},{"type":"Feature","properties":{"scalerank":6,"name":"Yuan"},"geometry":{"type":"LineString","coordinates":[[107.5048,26.3376],[107.4981,26.3262],[107.4933,26.3057],[107.4937,26.2831],[107.505,26.2576],[107.506,26.2451],[107.505,26.2326],[107.4963,26.2142],[107.4995,26.2055],[107.5061,26.1987],[107.5274,26.183],[107.5603,26.1656],[107.5774,26.1495],[107.5955,26.1405],[107.6183,26.1425],[107.6407,26.1507],[107.6563,26.1601],[107.6721,26.1752],[107.7078,26.2181],[107.7126,26.2259],[107.7158,26.2369],[107.7195,26.2686],[107.7241,26.2759],[107.7383,26.2904],[107.7856,26.3619],[107.8037,26.4046],[107.8071,26.4412],[107.7975,26.4595],[107.7851,26.475],[107.7792,26.4915],[107.7898,26.5123],[107.8086,26.5303],[107.8214,26.5362],[107.8618,26.5436],[107.8665,26.5474],[107.8709,26.5594],[107.8754,26.5642],[107.8801,26.5651],[107.8916,26.5634],[107.8965,26.5642],[107.9299,26.5815],[107.9361,26.5812],[107.9419,26.5968],[107.969,26.6265],[107.9778,26.6392],[107.9867,26.6706],[107.9915,26.6802],[108.0149,26.7032],[108.0189,26.7115],[108.0283,26.7235],[108.0876,26.7559],[108.1157,26.7812],[108.1325,26.7923],[108.1528,26.7969],[108.1593,26.8016],[108.1738,26.8227],[108.1764,26.8279],[108.1808,26.8311],[108.2026,26.8413],[108.2377,26.8533],[108.2769,26.8604],[108.3124,26.857],[108.3279,26.8345],[108.3354,26.8272],[108.3517,26.8244],[108.3682,26.8267],[108.3756,26.8345],[108.3827,26.8388],[108.396,26.8325],[108.4043,26.8177],[108.3961,26.7969],[108.4,26.784],[108.3994,26.7789],[108.3961,26.7696],[108.4019,26.7724],[108.4166,26.7764],[108.4146,26.7733],[108.4132,26.7722],[108.412,26.7716],[108.4099,26.7696],[108.4174,26.7646],[108.426,26.7534],[108.4303,26.7491],[108.4373,26.7453],[108.443,26.7436],[108.4854,26.7398],[108.4968,26.7328],[108.5054,26.715],[108.4961,26.7047],[108.4973,26.6965],[108.5061,26.6907],[108.5191,26.6877],[108.5191,26.6724],[108.5383,26.663],[108.5635,26.6556],[108.5811,26.6461],[108.5811,26.6597],[108.5959,26.6456],[108.6099,26.601],[108.6255,26.5914],[108.6411,26.5993],[108.6548,26.6176],[108.6633,26.6384],[108.6631,26.6535],[108.6841,26.6644],[108.6934,26.6712],[108.6972,26.6771],[108.6984,26.6918],[108.7027,26.6965],[108.7213,26.6945],[108.763,26.6945],[108.7588,26.6896],[108.7553,26.6783],[108.7519,26.6566],[108.7587,26.6335],[108.776,26.6238],[108.7986,26.6192],[108.8213,26.6114],[108.8372,26.5943],[108.8521,26.572],[108.8686,26.5576],[108.8897,26.5642],[108.9053,26.556],[108.9176,26.5604],[108.9246,26.5736],[108.9243,26.5914],[108.9397,26.5859],[108.9502,26.5908],[108.9596,26.601],[108.9716,26.6114],[108.985,26.6175],[109.033,26.6331],[109.0391,26.6182],[109.06,26.6018],[109.067,26.5914],[109.0802,26.5997],[109.0921,26.6179],[109.1013,26.6256],[109.1069,26.6265],[109.1209,26.6241],[109.1292,26.6256],[109.1335,26.6288],[109.1423,26.6375],[109.1463,26.6392],[109.1501,26.6433],[109.1905,26.6666],[109.197,26.6772],[109.2061,26.706],[109.2149,26.7181],[109.248,26.7433],[109.2526,26.7525],[109.2598,26.76],[109.3074,26.7696],[109.3178,26.7759],[109.3316,26.7868],[109.3438,26.8001],[109.3489,26.814],[109.3544,26.8186],[109.3809,26.8301],[109.3899,26.8379],[109.3692,26.8519],[109.3814,26.8727],[109.4089,26.8917],[109.4346,26.8999],[109.4539,26.9121],[109.4553,26.9392],[109.4444,26.9819],[109.446,26.9956],[109.4557,27.0203],[109.4581,27.0337],[109.4507,27.0462],[109.4179,27.06],[109.4102,27.0672],[109.4141,27.0805],[109.4239,27.0824],[109.437,27.0794],[109.4592,27.0779],[109.4634,27.077],[109.4683,27.0781],[109.4786,27.0843],[109.4861,27.1123],[109.4952,27.104],[109.5099,27.0814],[109.5201,27.0781],[109.5309,27.0875],[109.5315,27.1035],[109.5357,27.1185],[109.5679,27.1275],[109.5836,27.1373],[109.5913,27.1395],[109.6008,27.1385],[109.617,27.1338],[109.6257,27.1327],[109.6319,27.1417],[109.6384,27.1619],[109.648,27.1829],[109.6636,27.1942],[109.6633,27.1634],[109.6668,27.1402],[109.6786,27.1269],[109.7046,27.1253],[109.7175,27.128],[109.732,27.1326],[109.7447,27.139],[109.7524,27.147],[109.7526,27.1587],[109.749,27.1727],[109.747,27.1874],[109.7524,27.2016],[109.7631,27.2097],[109.7739,27.2087],[109.8008,27.1942],[109.8442,27.1795],[109.856,27.1737],[109.8677,27.1643],[109.8744,27.1576],[109.8818,27.1522],[109.8964,27.147],[109.9319,27.1395],[109.9448,27.1327],[109.9516,27.1395],[109.9663,27.13],[109.9853,27.1243],[110.0029,27.1264],[110.0137,27.1395],[109.9955,27.1456],[110.0103,27.1662],[110.0546,27.2078],[110.0579,27.2147],[110.0601,27.2224],[110.0615,27.2388],[110.0647,27.2475],[110.0793,27.2576],[110.0875,27.2838],[110.1005,27.2939],[110.1177,27.2982],[110.1359,27.2978],[110.1257,27.3282],[110.1245,27.3447],[110.1328,27.3518],[110.1774,27.3655],[110.1934,27.3822],[110.2328,27.4549],[110.2779,27.5206],[110.2874,27.5442],[110.2922,27.5689],[110.2905,27.579],[110.2839,27.5886],[110.2761,27.5973],[110.2699,27.608],[110.268,27.6202],[110.273,27.6329],[110.2837,27.6273],[110.294,27.6258],[110.3042,27.628],[110.3147,27.6329],[110.3293,27.6433],[110.3302,27.6496],[110.325,27.6569],[110.3215,27.6705],[110.3246,27.6769],[110.332,27.68],[110.3523,27.6814],[110.3583,27.6852],[110.3718,27.7054],[110.3767,27.7149],[110.3697,27.722],[110.3672,27.7288],[110.3659,27.7356],[110.363,27.7428],[110.359,27.7484],[110.3455,27.7599],[110.3368,27.7724],[110.3414,27.778],[110.3507,27.7831],[110.3599,27.8074],[110.3788,27.8362],[110.3829,27.8459],[110.3785,27.8662],[110.3683,27.8675],[110.3555,27.8631],[110.3421,27.8663],[110.3247,27.9118],[110.3215,27.9104],[110.3141,27.9022],[110.297,27.9017],[110.2444,27.9083],[110.2385,27.9134],[110.2405,27.9221],[110.2503,27.9435],[110.2579,27.9531],[110.2682,27.9586],[110.2805,27.9551],[110.2822,27.9581],[110.282,27.9597],[110.2827,27.9605],[110.2874,27.9613],[110.2874,27.9688],[110.2615,27.9721],[110.1804,28.0012],[110.1539,28.014],[110.1465,28.0165],[110.1392,28.0218],[110.1372,28.034],[110.1375,28.0478],[110.1359,28.0582],[110.1072,28.0856],[110.1025,28.096],[110.1074,28.1053],[110.1192,28.1029],[110.1327,28.0978],[110.1433,28.0991],[110.1493,28.1123],[110.144,28.1236],[110.1372,28.1339],[110.1397,28.1438],[110.1501,28.1486],[110.1607,28.1502],[110.1651,28.1545],[110.157,28.1673],[110.1712,28.1725],[110.1765,28.1779],[110.1791,28.1851],[110.1843,28.1953],[110.2022,28.2195],[110.2048,28.2258],[110.1995,28.2345],[110.176,28.2393],[110.1707,28.2465],[110.1699,28.2596],[110.1645,28.2909],[110.1992,28.2799],[110.215,28.2784],[110.2328,28.284],[110.2452,28.2936],[110.2874,28.3393],[110.3106,28.383],[110.3215,28.3933],[110.3385,28.4012],[110.3576,28.4072],[110.3757,28.4151],[110.3897,28.4287],[110.363,28.4375],[110.3711,28.452],[110.4034,28.4721],[110.4034,28.5137],[110.4089,28.5184],[110.4358,28.5216],[110.4451,28.5236],[110.454,28.5398],[110.4519,28.5777],[110.4622,28.5851],[110.4805,28.5856],[110.5,28.5895],[110.5151,28.6],[110.5208,28.6205],[110.5173,28.629],[110.5099,28.6381],[110.5029,28.6451],[110.4996,28.6472],[110.5064,28.6594],[110.5173,28.6605],[110.5444,28.654],[110.5662,28.6561],[110.6072,28.6656],[110.6672,28.6693],[110.6887,28.6763],[110.6983,28.6918],[110.7603,28.7229],[110.7654,28.7296],[110.7682,28.7358],[110.7719,28.7423],[110.7803,28.7496],[110.791,28.7546],[110.8158,28.7616],[110.8403,28.7747],[110.9385,28.798],[110.9722,28.8101],[110.9832,28.8116],[111.0034,28.8044],[111.0083,28.7906],[111.0133,28.7821],[111.0347,28.7906],[111.062,28.8116],[111.0814,28.821],[111.0868,28.8277],[111.0886,28.8427],[111.0919,28.8489],[111.1,28.8567],[111.1103,28.8634],[111.1204,28.8663],[111.1279,28.8626],[111.1367,28.8424],[111.144,28.8321],[111.1638,28.8235],[111.1865,28.8206],[111.2051,28.814],[111.2129,28.7943],[111.2148,28.7709],[111.2219,28.7584],[111.2364,28.7526],[111.2957,28.7462],[111.3215,28.7468],[111.3391,28.753],[111.36,28.7685],[111.363,28.7738],[111.3682,28.7866],[111.3804,28.7891],[111.3942,28.7883],[111.4046,28.7906],[111.4111,28.8001],[111.4172,28.8215],[111.4251,28.8321],[111.4334,28.836],[111.4539,28.8383],[111.4626,28.8427],[111.468,28.8505],[111.4723,28.8623],[111.4736,28.8743],[111.4695,28.8837],[111.4673,28.8938],[111.4754,28.9051],[111.4933,28.9215],[111.5147,28.9962],[111.5317,29.0341],[111.5616,29.0513],[111.5859,29.0462],[111.5933,29.031],[111.5897,28.9867],[111.5911,28.9774],[111.5956,28.9722],[111.603,28.9698],[111.6135,28.9693],[111.6266,28.9711],[111.6314,28.9764],[111.6332,28.9851],[111.6523,29.0284],[111.6653,29.0394],[111.6858,29.0376],[111.6968,29.0267],[111.699,28.9959],[111.7057,28.983],[111.7184,28.9768],[111.7751,28.9693],[111.7954,28.9705],[111.811,28.9776],[111.815,28.9907],[111.8013,29.0096],[111.8117,29.0171],[111.8225,29.0205],[111.8347,29.0204],[111.8496,29.0171],[111.8635,29.0095],[111.8888,28.9876],[111.9009,28.983],[111.9584,29.0013],[111.9867,29.0037],[111.9929,28.9849]]}},{"type":"Feature","properties":{"scalerank":6,"name":"Sutlej"},"geometry":{"type":"LineString","coordinates":[[76.7647,31.4086],[76.751,31.4026],[76.7365,31.3919],[76.735,31.3829],[76.739,31.3758],[76.7473,31.3712],[76.7503,31.3583],[76.7439,31.3323],[76.7431,31.3177],[76.7365,31.3087],[76.7239,31.3084],[76.7092,31.3099],[76.6936,31.3124],[76.688,31.3074],[76.6894,31.2923],[76.6831,31.2789],[76.67,31.2696],[76.6497,31.2677],[76.6283,31.2741],[76.6099,31.2888],[76.5701,31.331],[76.5522,31.353],[76.5241,31.3782],[76.5081,31.3907],[76.492,31.4105],[76.4692,31.426],[76.4351,31.4222]]}},{"type":"Feature","properties":{"scalerank":6,"name":"Sutlej"},"geometry":{"type":"LineString","coordinates":[[81.2947,30.7917],[81.2937,30.7923],[81.2886,30.7996],[81.2683,30.8129],[81.2219,30.8311],[81.1993,30.8521]]}},{"type":"Feature","properties":{"scalerank":6,"name":"Sutlej"},"geometry":{"type":"LineString","coordinates":[[76.4351,31.4222],[76.4301,31.4185],[76.419,31.4177],[76.4094,31.4209],[76.4009,31.4291],[76.3946,31.4171],[76.3847,31.4125],[76.3741,31.4095],[76.3667,31.4024],[76.3648,31.391],[76.3782,31.339],[76.4373,31.2427],[76.4679,31.2191],[76.5381,31.1833],[76.5534,31.1706],[76.5641,31.1538],[76.5702,31.1336],[76.5723,31.1107],[76.5847,31.0902],[76.5873,31.0786],[76.5756,31.0734],[76.5624,31.0721],[76.5491,31.0675],[76.5381,31.0589],[76.5313,31.0455],[76.5317,31.0367],[76.5386,31.0159],[76.5381,31.0046],[76.5322,30.9973],[76.5146,30.9868],[76.5108,30.9803],[76.5058,30.9779],[76.4729,30.9704],[76.4595,30.9712],[76.4529,30.9737],[76.4262,30.9977],[76.4116,31.0069],[76.3954,31.0115],[76.373,31.0114],[76.3434,31.0048],[76.3326,31.0046],[76.3218,31.0071],[76.3023,31.0161],[76.291,31.0188],[76.2872,31.0168],[76.2764,31.007],[76.2705,31.0046],[76.2197,31.0186],[76.2085,31.0188],[76.1993,31.0164],[76.1792,31.0073],[76.1675,31.0046],[76.1228,31.0046],[76.1137,31.0025],[76.094,30.993],[76.0825,30.9909],[75.9998,30.9943],[75.9802,30.9996],[75.9658,31.008],[75.9229,31.0225],[75.8297,30.9971],[75.7907,31.0046],[75.7545,30.9953],[75.6349,30.9871],[75.6064,30.9909],[75.5757,30.9774],[75.5392,30.9726],[75.3956,30.9852],[75.3604,30.9932],[75.332,31.0046],[75.3204,31.0139],[75.3092,31.0252],[75.2965,31.0347],[75.2802,31.0387],[75.2717,31.0396],[75.2649,31.0418],[75.2564,31.0455],[75.251,31.0471],[75.2471,31.0489],[75.2436,31.0517],[75.2393,31.056],[75.2332,31.06],[75.2291,31.0578],[75.226,31.0539],[75.2222,31.0523],[75.2141,31.0528],[75.2056,31.052],[75.1975,31.0523],[75.1912,31.056],[75.187,31.064],[75.1821,31.0821],[75.1772,31.0899],[75.1651,31.0974],[75.1497,31.1014],[75.1332,31.1025],[75.1186,31.1008],[75.1123,31.107],[75.1165,31.1096],[75.126,31.1213],[75.1155,31.1297],[75.0782,31.148],[75.0424,31.1791],[75.0332,31.1833],[75.0172,31.1818],[74.9635,31.1673],[74.9338,31.163],[74.8613,31.1625],[74.8364,31.1586],[74.8113,31.148],[74.762,31.1081],[74.7402,31.1014],[74.7083,31.1144],[74.6878,31.0977],[74.6006,31.0568],[74.5791,31.0429],[74.5637,31.0252],[74.5636,31.0046],[74.5484,30.9924],[74.5344,30.9764],[74.5191,30.9627],[74.499,30.9568],[74.4767,30.9563],[74.4581,30.9536],[74.4412,30.9464],[74.4241,30.9326],[74.413,30.9153],[74.4087,30.9012],[74.4009,30.8933],[74.3793,30.8947],[74.3533,30.9013],[74.3421,30.9022],[74.3294,30.8998],[74.3189,30.8936],[74.3105,30.8847],[74.3036,30.8742],[74.311,30.8561],[74.2998,30.8384],[74.2796,30.825],[74.2598,30.8196],[74.2563,30.8155],[74.2654,30.7956],[74.2662,30.7886],[74.2588,30.7813],[74.2437,30.7714],[74.2353,30.7644],[74.2149,30.7377],[74.1983,30.7252],[74.1907,30.7172],[74.1842,30.6971],[74.1697,30.6874],[74.1664,30.6793],[74.1632,30.6651],[74.1554,30.6598],[74.1323,30.6557],[74.1111,30.6465],[74.0955,30.6373],[74.0817,30.6262],[74.0671,30.6107],[74.0567,30.5918],[74.0579,30.5747],[74.0611,30.5558],[74.0571,30.5316],[74.0437,30.5189],[74.004,30.5091],[73.9957,30.5012],[73.9894,30.4881],[73.9387,30.4262],[73.9288,30.4193],[73.9163,30.4173],[73.8995,30.4224],[73.9018,30.4158],[73.9038,30.4016],[73.9057,30.395],[73.8872,30.3968],[73.8672,30.3877],[73.8515,30.3729],[73.8449,30.3572],[73.8341,30.3526],[73.7698,30.3677],[73.6998,30.3392],[73.6646,30.3175],[73.6489,30.3176],[73.6327,30.3228],[73.6122,30.3261],[73.6004,30.3253],[73.5898,30.3229],[73.5801,30.3188],[73.5706,30.3131],[73.5398,30.2777],[73.5337,30.277],[73.5054,30.2683],[73.4539,30.2442],[73.4365,30.2337],[73.4179,30.2247],[73.3975,30.2186],[73.3406,30.2163],[73.3316,30.2101],[73.3331,30.1968],[73.3393,30.1845],[73.344,30.1815],[73.3347,30.1714],[73.324,30.1695],[73.3111,30.1686],[73.2969,30.1617],[73.2903,30.15],[73.2869,30.1367],[73.2798,30.1289],[73.2627,30.1343],[73.2533,30.1463],[73.2446,30.162],[73.233,30.1707],[73.2149,30.1617],[73.2123,30.1492],[73.2256,30.1251],[73.218,30.1207],[73.2033,30.1174],[73.1392,30.0865],[73.1318,30.0857],[73.0532,30.0934],[73.0471,30.0858],[73.0338,30.0553],[72.9451,29.9896],[72.9326,29.9826],[72.9269,29.9866],[72.9229,30.0036],[72.9133,30.008],[72.8884,30.004],[72.8696,29.9966],[72.8342,29.9637],[72.8132,29.9562],[72.7874,29.9527],[72.7677,29.9434],[72.7283,29.9152],[72.7281,29.9063],[72.71,29.9024],[72.6627,29.9016],[72.6355,29.8925],[72.6301,29.871],[72.63,29.846],[72.6183,29.8259],[72.5994,29.8393],[72.5821,29.8414],[72.5427,29.8333],[72.5221,29.8347],[72.4915,29.8485],[72.4737,29.8532],[72.4531,29.8516],[72.3919,29.8333],[72.3721,29.8386],[72.3621,29.8384],[72.3576,29.8296],[72.3543,29.8176],[72.3456,29.8076],[72.3345,29.8026],[72.3237,29.8054],[72.3007,29.7887],[72.282,29.7713],[72.266,29.7483],[72.2581,29.7329],[72.2546,29.7198],[72.2496,29.7117],[72.2376,29.7113],[72.2104,29.716],[72.1962,29.7132],[72.1856,29.7055],[72.178,29.6946],[72.1728,29.6818],[72.1841,29.6761],[72.1843,29.6717],[72.1787,29.6674],[72.1728,29.6614],[72.1699,29.6608],[72.1558,29.6614],[72.1482,29.6595],[72.148,29.6552],[72.1508,29.6504],[72.1524,29.6471],[72.1497,29.6297],[72.1524,29.6109],[72.1586,29.5933],[72.166,29.5795],[72.1161,29.5557],[72.1007,29.5521],[72.0772,29.5511],[72.0647,29.547],[72.0425,29.5242],[72.0185,29.5067],[71.9843,29.4914],[71.9468,29.4841],[71.9132,29.4901],[71.9166,29.4739],[71.9189,29.4696],[71.9011,29.4625],[71.8814,29.4622],[71.8169,29.4762],[71.8062,29.4771],[71.8014,29.4644],[71.7959,29.4549],[71.7886,29.4491],[71.7776,29.4587],[71.7636,29.462],[71.7493,29.4597],[71.7197,29.4427],[71.7109,29.4504],[71.7046,29.4654],[71.6935,29.4771],[71.6677,29.4737],[71.6187,29.4232],[71.5899,29.4081],[71.5919,29.4036],[71.5952,29.3922],[71.5973,29.3876],[71.5894,29.388],[71.5752,29.3929],[71.5681,29.394],[71.5142,29.39],[71.5034,29.3936],[71.4944,29.4081],[71.4893,29.3814],[71.4828,29.3704],[71.4671,29.3665],[71.4527,29.3709],[71.4464,29.3805],[71.4397,29.4081],[71.4081,29.3765],[71.3884,29.3663],[71.3639,29.374],[71.3604,29.3818],[71.3604,29.3922],[71.3587,29.402],[71.3496,29.4081],[71.3409,29.4066],[71.3344,29.3996],[71.323,29.3802],[71.313,29.392],[71.3019,29.4007],[71.3051,29.4051],[71.3067,29.4088],[71.3093,29.412],[71.3155,29.415],[71.3058,29.4222],[71.2955,29.4263],[71.2843,29.4282],[71.2715,29.4286],[71.2546,29.4264],[71.2494,29.421],[71.2493,29.4143],[71.2473,29.4081],[71.2291,29.3912],[71.2182,29.3868],[71.2078,29.4087],[71.1961,29.4185],[71.1845,29.4213],[71.1791,29.4116],[71.1682,29.3974],[71.1446,29.3846],[71.121,29.3767],[71.11,29.3771],[71.0973,29.39],[71.0686,29.3848],[71.022,29.3665]]}},{"type":"Feature","properties":{"scalerank":6,"name":"Sutlej"},"geometry":{"type":"LineString","coordinates":[[81.1993,30.8521],[81.1834,30.8963],[81.1509,30.9191],[81.0747,30.9363],[81.0541,30.9442],[81.0147,30.9659],[80.9955,30.9704],[80.9703,30.9722],[80.9518,30.9781],[80.937,30.9886],[80.8949,31.0348],[80.8632,31.0579],[80.7929,31.0933],[80.7874,31.0983],[80.7713,31.1163],[80.7656,31.1213],[80.7551,31.1246],[80.7328,31.1278],[80.6528,31.1267],[80.6284,31.1213],[80.5847,31.1071],[80.5632,31.0961],[80.5538,31.0831],[80.5455,31.0664],[80.5255,31.0548],[80.5025,31.048],[80.485,31.0455],[80.4605,31.0479],[80.4247,31.0626],[80.3994,31.066],[80.3901,31.0692],[80.3712,31.0833],[80.3652,31.0865],[80.3535,31.088],[80.2857,31.1144],[80.2616,31.1382],[80.249,31.1449],[80.2316,31.159],[80.2208,31.1622],[80.2114,31.1638],[80.1524,31.186],[80.1388,31.1967],[80.086,31.2604],[80.0769,31.2652],[80.0621,31.2663],[80.0505,31.2692],[80.032,31.2783],[80.0121,31.2908],[80.0034,31.2984],[79.9982,31.3062],[80.0035,31.3356],[80.0017,31.3435],[79.9302,31.4024],[79.8949,31.4617],[79.8853,31.4713],[79.8666,31.4751],[79.8279,31.4925],[79.8067,31.498],[79.6795,31.4873],[79.6421,31.4912],[79.613,31.5023],[79.6006,31.5048],[79.5493,31.5048],[79.5259,31.5096],[79.5083,31.521],[79.4931,31.5345],[79.4771,31.5458],[79.4683,31.5482],[79.4524,31.5488],[79.4435,31.5532],[79.436,31.5614],[79.428,31.5789],[79.4229,31.5867],[79.3701,31.6151],[79.3609,31.6178],[79.3541,31.6332],[79.3378,31.6359],[79.3176,31.634],[79.2994,31.6352],[79.2529,31.6688],[79.2449,31.6727],[79.2266,31.6696],[79.1213,31.6966],[79.1133,31.6944],[79.0968,31.6851],[79.0872,31.6824],[79.0763,31.6828],[79.0588,31.6884],[79.0491,31.6898],[79.0313,31.6856],[79.0134,31.675],[78.999,31.6616],[78.9909,31.6489],[78.9709,31.6563],[78.9487,31.661],[78.9303,31.6706],[78.9228,31.6932],[78.9195,31.7164],[78.9107,31.7294],[78.8818,31.7512],[78.8587,31.7864],[78.8427,31.8052],[78.8234,31.8133],[78.812,31.8122],[78.7925,31.8076],[78.7825,31.8065],[78.7696,31.8081],[78.7634,31.8126],[78.7588,31.8192],[78.7388,31.8397],[78.7315,31.8439],[78.7173,31.8475],[78.7031,31.8466],[78.6907,31.8416],[78.6802,31.8359],[78.6633,31.8308],[78.6542,31.8248],[78.6382,31.8099],[78.6331,31.7995],[78.6313,31.7741],[78.6279,31.7655],[78.609,31.7591],[78.5814,31.7565],[78.5562,31.7506],[78.5453,31.7342],[78.5385,31.7185],[78.522,31.7063],[78.4548,31.6754],[78.4353,31.6578],[78.4296,31.6338],[78.4424,31.6004],[78.4236,31.5951],[78.3706,31.5943],[78.3535,31.5983],[78.3344,31.6057],[78.3137,31.6089],[78.2921,31.6004],[78.2848,31.5931],[78.2815,31.5856],[78.2722,31.5284],[78.2613,31.5211],[78.2363,31.5154],[78.2085,31.5122],[78.1891,31.5123],[78.1016,31.5284],[78.0185,31.5532],[77.9854,31.5677],[77.9688,31.5716],[77.9458,31.5731],[77.8293,31.5639],[77.7877,31.5502],[77.7031,31.5048],[77.6889,31.4925],[77.676,31.4766],[77.6621,31.4628],[77.6332,31.4544],[77.6283,31.4473],[77.6272,31.4373],[77.6274,31.4257],[77.6296,31.4118],[77.6328,31.4051],[77.6316,31.4009],[77.6205,31.395],[77.5783,31.3942],[77.5554,31.3892],[77.538,31.3544],[77.5198,31.3506],[77.4766,31.354],[77.4412,31.3471],[77.4287,31.3472],[77.4205,31.35],[77.4031,31.3594],[77.3906,31.3614],[77.3682,31.3587],[77.3562,31.3505],[77.3204,31.2879],[77.3076,31.2761],[77.2881,31.2714],[77.267,31.2697],[77.1591,31.2407],[77.1377,31.2379],[77.1298,31.241],[77.115,31.2547],[77.1033,31.2578],[77.0913,31.2589],[77.0796,31.262],[76.9937,31.3067],[76.9838,31.3168],[76.9762,31.326],[76.9409,31.359],[76.9291,31.3677],[76.9058,31.3704],[76.8906,31.3663],[76.8824,31.3688],[76.8801,31.3915],[76.8825,31.4024],[76.8859,31.41],[76.8842,31.4146],[76.8583,31.4185],[76.836,31.4284],[76.8255,31.4291],[76.811,31.4232],[76.7986,31.4154],[76.7846,31.4093],[76.7647,31.4086]]}},{"type":"Feature","properties":{"scalerank":6,"name":"Sutlej"},"geometry":{"type":"LineString","coordinates":[[81.3757,30.7581],[81.3652,30.7626],[81.3545,30.7644],[81.331,30.7644],[81.3225,30.7681],[81.3028,30.7862],[81.2937,30.7923]]}},{"type":"Feature","properties":{"scalerank":6,"name":"Biya"},"geometry":{"type":"LineString","coordinates":[[87.7558,51.3644],[87.7686,51.3901],[87.7631,51.4124],[87.7563,51.4467],[87.7376,51.4795],[87.7138,51.5122],[87.7031,51.5417],[87.6804,51.5974],[87.6713,51.645],[87.6675,51.6903],[87.6624,51.7264],[87.631,51.7447],[87.5173,51.7476],[87.4126,51.7567],[87.392,51.7616]]}},{"type":"Feature","properties":{"scalerank":6,"name":"Biya"},"geometry":{"type":"LineString","coordinates":[[87.392,51.7616],[87.3591,51.7859],[87.3164,51.7957],[87.2476,51.7963],[87.238,51.7984],[87.1388,51.8572],[87.1284,51.8619],[87.1192,51.8644],[87.1113,51.8684],[87.1047,51.8777],[87.1031,51.8872],[87.106,51.909],[87.1047,51.9186],[87.0964,51.9285],[87.0865,51.9339],[87.079,51.9403],[87.0772,51.9534],[87.0833,51.9639],[87.0942,51.9681],[87.1069,51.9701],[87.1183,51.9739],[87.1358,51.9901],[87.1339,52.0031],[87.1047,52.0353],[87.0945,52.0575],[87.0943,52.076],[87.0977,52.0947],[87.0986,52.1179],[87.0959,52.1277],[87.0874,52.1414],[87.0841,52.152],[87.0855,52.1616],[87.0897,52.17],[87.0911,52.1781],[87.0841,52.1861],[87.0952,52.1971],[87.0948,52.2067],[87.0909,52.2163],[87.0911,52.2271],[87.0982,52.2356],[87.1209,52.2526],[87.1257,52.2582],[87.1144,52.2692],[87.0608,52.2764],[87.0432,52.2818],[87.0403,52.2888],[87.0388,52.3094],[87.0364,52.3165],[87.0278,52.3232],[87.0151,52.3299],[87.002,52.335],[86.9758,52.3414],[86.9566,52.3521],[86.9384,52.3653],[86.9265,52.378],[86.9201,52.3946],[86.913,52.4337],[86.9024,52.4503],[86.8818,52.46],[86.8554,52.4626],[86.7751,52.4614],[86.7638,52.4634],[86.7546,52.4674],[86.7307,52.492],[86.7273,52.4981],[86.6159,52.54],[86.6016,52.5526],[86.574,52.5875],[86.5582,52.5969],[86.4951,52.6175],[86.4863,52.6244],[86.4806,52.6305],[86.4736,52.6356],[86.4609,52.6393],[86.449,52.639],[86.3873,52.6296],[86.3622,52.6198],[86.3506,52.6175],[86.3416,52.6123],[86.3451,52.6007],[86.353,52.5892],[86.3574,52.5841],[86.3565,52.5598],[86.3442,52.5496],[86.3301,52.5421],[86.3233,52.5257],[86.3102,52.5078],[86.2803,52.5046],[86.2481,52.5092],[86.1887,52.5283],[86.1724,52.5403],[86.1655,52.5598],[86.1646,52.5779],[86.1596,52.5921],[86.1475,52.6045],[86.1253,52.6175],[86.0828,52.6324],[86.0579,52.6351],[86.0392,52.6284],[86.0241,52.6209],[85.9717,52.606],[85.9539,52.6039],[85.9514,52.5672],[85.9033,52.5611],[85.803,52.5772],[85.7673,52.5757],[85.7546,52.5772],[85.7436,52.5841],[85.7208,52.6065],[85.71,52.6114],[85.4942,52.5841],[85.4824,52.5808],[85.4617,52.5662],[85.4536,52.5629],[85.4413,52.5644],[85.419,52.5701],[85.3059,52.5704],[85.2857,52.5672],[85.2666,52.5591],[85.2271,52.5362],[85.2085,52.5206],[85.1901,52.4997],[85.1694,52.4814],[85.1445,52.4736],[85.1124,52.4727],[85.0992,52.468],[85.0862,52.4571],[85.0772,52.4472],[85.0676,52.4389],[85.0562,52.4336]]}},{"type":"Feature","properties":{"scalerank":6,"name":"Han"},"geometry":{"type":"LineString","coordinates":[[111.4776,32.5678],[111.465,32.5779],[111.4478,32.5811],[111.433,32.5788],[111.4145,32.5737],[111.3897,32.5724],[111.3648,32.5749],[111.3445,32.5825],[111.3225,32.5985],[111.2691,32.6208],[111.248,32.6351],[111.2294,32.6494],[111.2043,32.661],[111.1584,32.679],[111.1388,32.6891],[111.1152,32.695],[111.0942,32.6953],[111.0458,32.704],[111.0286,32.7154],[111.0209,32.7239],[111,32.7407]]}},{"type":"Feature","properties":{"scalerank":6,"name":"Han"},"geometry":{"type":"LineString","coordinates":[[106.3984,33.0677],[106.4212,33.0723],[106.4342,33.0834],[106.444,33.0968],[106.4566,33.1087],[106.4734,33.1153],[106.6656,33.144],[106.6763,33.1422],[106.6829,33.1373],[106.6861,33.1306],[106.6904,33.1248],[106.7005,33.1223],[106.8058,33.1244],[106.8413,33.1338],[106.8643,33.136],[106.8836,33.1314],[106.8999,33.1203],[106.9295,33.095],[106.9804,33.0642],[106.9946,33.0504],[107.0156,33.0384],[107.0383,33.0377],[107.0588,33.0339],[107.0734,33.0125],[107.0869,33.0191],[107.1025,33.0384],[107.1144,33.0467],[107.1266,33.0474],[107.1426,33.046],[107.1563,33.0475],[107.1621,33.0572],[107.1697,33.0762],[107.1882,33.0889],[107.2126,33.0967],[107.2617,33.1033],[107.3233,33.1013],[107.3321,33.1066],[107.3467,33.1306],[107.3576,33.136],[107.3686,33.1343],[107.3899,33.1285],[107.4024,33.1292],[107.4208,33.1368],[107.4902,33.1874],[107.5136,33.2009],[107.5226,33.208],[107.5349,33.2154],[107.5419,33.2085],[107.5471,33.1906],[107.5673,33.1878],[107.6235,33.187],[107.6353,33.1804],[107.6449,33.1707],[107.6676,33.1702],[107.7114,33.1769],[107.7354,33.1774],[107.7514,33.174],[107.7644,33.1668],[107.7792,33.1558],[107.7874,33.1688],[107.797,33.1748],[107.8208,33.1838],[107.8329,33.1916],[107.8383,33.1978],[107.8576,33.2376],[107.8637,33.2429],[107.8754,33.2459],[107.8887,33.2436],[107.8979,33.236],[107.9052,33.2279],[107.9126,33.2241],[107.939,33.2193],[107.9557,33.2064],[107.9596,33.1881],[107.9421,33.159],[107.9373,33.1463],[107.9373,33.1344],[107.947,33.1292],[107.9551,33.1231],[107.9576,33.109],[107.9567,33.0808],[107.978,33.0866],[107.995,33.0769],[108.0261,33.0467],[108.0478,33.0371],[108.0647,33.0353],[108.0811,33.0393],[108.1013,33.0467],[108.1414,33.0377],[108.2197,33.0323],[108.2589,33.0193],[108.275,33.0057],[108.2791,32.9893],[108.2748,32.9708],[108.2657,32.9504],[108.2603,32.9422],[108.2537,32.9344],[108.2481,32.9262],[108.2454,32.9163],[108.2473,32.906],[108.2571,32.8923],[108.2589,32.8821],[108.2522,32.867],[108.2415,32.8527],[108.2377,32.8394],[108.2522,32.8275],[108.2599,32.829],[108.2661,32.836],[108.2737,32.8405],[108.2862,32.8343],[108.2918,32.8249],[108.2898,32.8161],[108.2862,32.8077],[108.2862,32.7996],[108.3125,32.7698],[108.3526,32.7498],[108.4378,32.7245],[108.4378,32.7176],[108.4287,32.714],[108.4072,32.7091],[108.3961,32.704],[108.4138,32.6739],[108.4166,32.6624],[108.4319,32.6697],[108.4395,32.6664],[108.4439,32.6578],[108.4502,32.6487],[108.4717,32.6334],[108.4684,32.629],[108.4541,32.6184],[108.4482,32.5994],[108.4697,32.5828],[108.4981,32.5669],[108.5122,32.5498],[108.523,32.5288],[108.5484,32.5184],[108.5781,32.5126],[108.6016,32.5054],[108.6157,32.4883],[108.6221,32.4849],[108.6333,32.4859],[108.6392,32.4904],[108.6442,32.4956],[108.6817,32.505],[108.6929,32.5042],[108.6972,32.4918],[108.7581,32.5374],[108.774,32.5664],[108.7599,32.6016],[108.7599,32.6078],[108.7709,32.6092],[108.7778,32.6146],[108.7807,32.6236],[108.7798,32.6351],[108.7871,32.6307],[108.7929,32.6246],[108.7973,32.617],[108.8002,32.6078],[108.8125,32.6208],[108.8189,32.6182],[108.8228,32.6088],[108.8276,32.6016],[108.8427,32.5887],[108.8516,32.5865],[108.8555,32.5982],[108.8549,32.6071],[108.856,32.6096],[108.8794,32.6078],[108.8904,32.6117],[108.8942,32.621],[108.8967,32.6325],[108.9033,32.6425],[108.9213,32.649],[108.9961,32.6562],[109.0035,32.664],[109.0225,32.7003],[109.033,32.7115],[109.043,32.714],[109.0645,32.7152],[109.0745,32.7176],[109.0864,32.7245],[109.0932,32.732],[109.098,32.7399],[109.1338,32.784],[109.1485,32.7879],[109.2551,32.7524],[109.2984,32.7479],[109.3346,32.7586],[109.3432,32.7669],[109.3452,32.774],[109.3466,32.7811],[109.3521,32.79],[109.3589,32.796],[109.3741,32.8057],[109.3831,32.8133],[109.387,32.8227],[109.3862,32.8317],[109.3891,32.8385],[109.4034,32.8412],[109.4118,32.8446],[109.4083,32.8526],[109.4024,32.8618],[109.4034,32.8685],[109.4129,32.8677],[109.439,32.8604],[109.4488,32.8687],[109.5143,32.8838],[109.5259,32.8922],[109.5339,32.9095],[109.5479,32.8992],[109.5566,32.8887],[109.5657,32.8835],[109.5816,32.8889],[109.5859,32.8946],[109.5894,32.9028],[109.5938,32.9109],[109.6021,32.9163],[109.6124,32.9164],[109.6187,32.9117],[109.6245,32.906],[109.6328,32.9033],[109.6505,32.9047],[109.6674,32.909],[109.6824,32.9164],[109.6946,32.9265],[109.7064,32.939],[109.7182,32.9484],[109.7295,32.9493],[109.7393,32.9368]]}},{"type":"Feature","properties":{"scalerank":6,"name":"Han"},"geometry":{"type":"LineString","coordinates":[[109.7393,32.93],[109.7585,32.915],[109.7828,32.9012],[109.8095,32.8931],[109.8355,32.8958],[109.8682,32.9129],[109.8833,32.9163],[109.8989,32.9144],[109.9251,32.9007],[109.9379,32.8958],[109.9926,32.8889],[110.0033,32.8841],[110.0403,32.8616],[110.0817,32.8482],[110.0956,32.8412],[110.1034,32.8342],[110.1148,32.8188],[110.1235,32.8133],[110.2154,32.8133],[110.2379,32.8076],[110.2571,32.7967],[110.2741,32.7899],[110.2905,32.7965],[110.2998,32.8019],[110.31,32.8046],[110.3181,32.8085],[110.3257,32.8277],[110.3355,32.8343],[110.3976,32.858],[110.4118,32.8561],[110.4034,32.8343],[110.4185,32.8299],[110.4317,32.8329],[110.4457,32.8383],[110.4622,32.8412],[110.4771,32.8369],[110.4972,32.818],[110.5071,32.8133],[110.5668,32.8291],[110.5917,32.8297],[110.589,32.8071],[110.6126,32.8194],[110.617,32.8207],[110.625,32.8145],[110.6309,32.7987],[110.6367,32.7934],[110.6514,32.7919],[110.7051,32.7996],[110.7051,32.8071],[110.696,32.8082],[110.6929,32.8102],[110.6907,32.8141],[110.6853,32.8207],[110.7188,32.838],[110.7461,32.8616],[110.7964,32.8319],[110.8115,32.8275],[110.8147,32.825],[110.818,32.8196],[110.8242,32.8146],[110.8355,32.8133],[110.8457,32.8172],[110.8574,32.8313],[110.8665,32.8343],[110.8753,32.8326],[110.8824,32.8282],[110.8936,32.817],[110.9023,32.8109],[110.9102,32.8111],[110.9192,32.8133],[110.9311,32.8133],[110.9382,32.8102],[110.9522,32.8014],[110.9624,32.7996],[110.9826,32.8069],[110.9932,32.8071],[110.9837,32.7989],[110.9684,32.7907],[110.9581,32.7812],[110.9624,32.7692],[110.9832,32.7525],[110.9922,32.7482],[111,32.7407]]}},{"type":"Feature","properties":{"scalerank":6,"name":"Han"},"geometry":{"type":"LineString","coordinates":[[111.4776,32.5678],[111.4841,32.5545],[111.4922,32.5301],[111.5479,32.4849],[111.6152,32.4545],[111.6439,32.4341],[111.6653,32.4024],[111.6407,32.3679],[111.6331,32.3493],[111.6373,32.3273],[111.6464,32.3187],[111.6729,32.3034],[111.6995,32.2652],[111.6936,32.2242],[111.727,32.1912],[111.772,32.1629],[111.8013,32.1354],[111.8147,32.0929],[111.8272,32.0787],[111.853,32.0734],[111.8762,32.076],[111.9317,32.0939],[111.9531,32.0949],[111.9756,32.0913],[111.9933,32.0828],[112.0081,32.0545],[112.0265,32.0464],[112.1578,32.0342],[112.1929,32.022],[112.1929,31.9915],[112.186,31.9849],[112.1777,31.9812],[112.1701,31.9759],[112.165,31.9642],[112.1645,31.9515],[112.1677,31.9395],[112.1738,31.9285],[112.1821,31.9195],[112.2175,31.8951],[112.2202,31.8836],[112.1825,31.8224],[112.1773,31.7973],[112.1959,31.786],[112.2159,31.7799],[112.2507,31.7495],[112.2681,31.7376],[112.3367,31.7244],[112.3536,31.714],[112.3699,31.6925],[112.381,31.6727],[112.4067,31.6067],[112.4168,31.5926],[112.4424,31.5697],[112.4524,31.5502],[112.45,31.5281],[112.4426,31.5054],[112.4386,31.4844],[112.4408,31.4747],[112.4502,31.4531],[112.4524,31.4434],[112.4492,31.4335],[112.4351,31.4124],[112.4319,31.4055],[112.4254,31.386],[112.4124,31.373],[112.4023,31.3583],[112.4046,31.3335],[112.4148,31.3189],[112.4467,31.3022],[112.4629,31.2888],[112.4878,31.2547],[112.5005,31.242],[112.5206,31.2305],[112.5454,31.2235],[112.5605,31.222],[112.5676,31.2154],[112.5698,31.1929],[112.5664,31.1826],[112.5518,31.1619],[112.5484,31.1517],[112.5528,31.1395],[112.5746,31.1184],[112.5828,31.107],[112.5842,31.0861],[112.5674,31.0862],[112.5418,31.0951],[112.5175,31.1008],[112.5068,31.0892],[112.5081,31.063],[112.5206,31.0188],[112.5337,30.9907],[112.5617,30.9534],[112.5671,30.9412],[112.5722,30.8887],[112.5777,30.877],[112.5894,30.8692],[112.6646,30.8429],[112.679,30.8333],[112.6682,30.8303],[112.6371,30.8257],[112.6305,30.8233],[112.6355,30.8079],[112.6448,30.7955],[112.6497,30.7832],[112.6416,30.7681],[112.626,30.7476],[112.5963,30.6762],[112.6244,30.6579],[112.7033,30.6616],[112.7198,30.652],[112.7141,30.6405],[112.6875,30.6311],[112.679,30.621],[112.6792,30.6053],[112.6909,30.571],[112.6926,30.5521],[112.7285,30.574],[112.7481,30.5831],[112.7714,30.5869],[112.7836,30.5767],[112.816,30.5179],[112.8296,30.5093],[112.8526,30.4993],[112.8748,30.496],[112.8843,30.508],[112.8816,30.5557],[112.8909,30.5707],[112.9185,30.5732],[112.9334,30.5638],[112.9514,30.5313],[112.9699,30.5241],[113.0044,30.5255],[113.023,30.5238],[113.042,30.5179],[113.0466,30.5176],[113.0592,30.519],[113.0631,30.5179],[113.0664,30.5109],[113.0655,30.5052],[113.0635,30.5008],[113.0631,30.4974],[113.0635,30.489],[113.0603,30.4825],[113.0625,30.4784],[113.0796,30.477],[113.0992,30.4834],[113.1074,30.4832],[113.1109,30.4733],[113.1114,30.4619],[113.1134,30.4531],[113.1173,30.4467],[113.124,30.4422],[113.1373,30.4396],[113.1467,30.4435],[113.155,30.4488],[113.1655,30.4497],[113.1753,30.4445],[113.1866,30.4312],[113.1962,30.4285],[113.2891,30.4285],[113.4273,30.3952],[113.4666,30.395],[113.4859,30.399],[113.4915,30.4017],[113.5007,30.4081],[113.5088,30.4158],[113.5182,30.4317],[113.5325,30.4478],[113.5403,30.465],[113.5457,30.4733],[113.5559,30.4817],[113.59,30.4974],[113.6074,30.5119],[113.623,30.5317],[113.6343,30.554],[113.6384,30.5762],[113.647,30.5862],[113.7388,30.6269],[113.7482,30.6278],[113.7609,30.623],[113.7825,30.6048],[113.7892,30.6005],[113.7989,30.6048],[113.8076,30.6143],[113.8175,30.6221],[113.8303,30.621],[113.8384,30.6109],[113.8345,30.6],[113.8251,30.5911],[113.8167,30.5869],[113.8234,30.576],[113.8303,30.5751],[113.8373,30.5802],[113.844,30.5869],[113.8506,30.5954],[113.8521,30.6032],[113.8507,30.6175],[113.8388,30.6441],[113.8406,30.6483],[113.8434,30.6495],[113.8452,30.652],[113.8482,30.6546],[113.8545,30.6557],[113.8622,30.6539],[113.8633,30.6495],[113.8623,30.6447],[113.8644,30.6415],[113.8782,30.6343],[113.8849,30.6331],[113.9118,30.6337],[113.9204,30.6328],[113.9251,30.637],[113.9265,30.652],[113.9309,30.6727],[113.9415,30.6789],[113.9551,30.6741],[113.968,30.6619],[113.9839,30.634],[113.9957,30.6246],[114.0186,30.621],[114.0274,30.6166],[114.0284,30.607],[114.0278,30.5974],[114.032,30.593],[114.0435,30.5942],[114.0698,30.6005],[114.1707,30.5982],[114.2896,30.5664]]}},{"type":"Feature","properties":{"scalerank":6,"name":"Mahäna Nadï"},"geometry":{"type":"LineString","coordinates":[[83.8576,21.5201],[83.857,21.5203],[83.8565,21.5205],[83.8473,21.5243],[83.8335,21.5328],[83.8186,21.5676],[83.7958,21.5876],[83.7739,21.6123],[83.7354,21.6682],[83.7144,21.6947],[83.6895,21.7128],[83.665,21.7242],[83.6017,21.742],[83.5753,21.7476],[83.5489,21.7405],[83.5281,21.7203],[83.5192,21.7005],[83.5132,21.6805],[83.5029,21.6661],[83.4871,21.6507],[83.4671,21.6455],[83.4462,21.657],[83.4252,21.6717],[83.4089,21.6856],[83.3902,21.6925],[83.3643,21.693],[83.3428,21.6919],[83.3233,21.6917],[83.3081,21.6934],[83.2997,21.6951]]}},{"type":"Feature","properties":{"scalerank":6,"name":"Mahäna Nadï"},"geometry":{"type":"LineString","coordinates":[[83.8565,21.5205],[83.8963,21.5091],[83.9338,21.4924],[83.9635,21.4674],[83.9801,21.4317],[83.9746,21.3902],[83.9484,21.3611],[83.9177,21.3362],[83.8975,21.3076],[83.8965,21.2886],[83.908,21.2506],[83.9111,21.229],[83.9092,21.2049],[83.9033,21.1884],[83.8302,21.0551]]}},{"type":"Feature","properties":{"scalerank":6,"name":"Mahäna Nadï"},"geometry":{"type":"LineString","coordinates":[[81.8741,21.7799],[81.879,21.7816],[81.9126,21.8066],[81.9414,21.8341],[81.9722,21.8563],[81.9822,21.8601],[82.0029,21.8654],[82.0131,21.8699],[82.0215,21.8763],[82.0279,21.883],[82.0349,21.8883],[82.0442,21.8904],[82.0616,21.8846],[82.1094,21.8494],[82.1296,21.8494],[82.1519,21.8538],[82.1701,21.8518],[82.1777,21.8323],[82.1796,21.8074],[82.1865,21.7884],[82.1991,21.7749],[82.2192,21.7669],[82.2765,21.76],[82.2864,21.7536],[82.3105,21.7255],[82.3247,21.7191],[82.3619,21.722],[82.3916,21.7297],[82.4444,21.7538],[82.458,21.7465],[82.4719,21.7425],[82.5032,21.7402],[82.5102,21.7423],[82.5239,21.7517],[82.5305,21.7538],[82.5388,21.7512],[82.5537,21.7384],[82.5611,21.7333],[82.5776,21.7291],[82.6196,21.7333],[82.6362,21.7311],[82.6586,21.7213],[82.6744,21.7191],[82.6812,21.7213],[82.6873,21.7262],[82.692,21.7311],[82.6952,21.7333],[82.7043,21.7324],[82.7556,21.7196],[82.7705,21.7206],[82.7843,21.7296],[82.8062,21.7352],[82.8523,21.7025],[82.8759,21.7054],[82.8911,21.7045],[82.9487,21.7213],[82.9928,21.7282],[83.0048,21.7325],[83.017,21.7355],[83.0342,21.7333],[83.0625,21.7173],[83.0786,21.7115],[83.0925,21.7159],[83.1157,21.7269],[83.1411,21.7234],[83.1856,21.7054],[83.2765,21.6953],[83.2997,21.6951]]}},{"type":"Feature","properties":{"scalerank":6,"name":"Gan"},"geometry":{"type":"LineString","coordinates":[[115.9819,29.2792],[115.9814,29.2902],[116,29.3026],[116.0415,29.3124],[116.0519,29.3325],[116.0512,29.3654],[116.0409,29.4031],[116.0458,29.4237],[116.0707,29.4454],[116.0914,29.4689],[116.1147,29.4925],[116.1274,29.5179],[116.127,29.5458],[116.1345,29.5804],[116.1491,29.6163],[116.1618,29.6514],[116.157,29.6807],[116.1607,29.7032],[116.1773,29.7198],[116.1924,29.7359],[116.1975,29.7514]]}},{"type":"Feature","properties":{"scalerank":6,"name":"Gan"},"geometry":{"type":"LineString","coordinates":[[114.4125,24.7071],[114.4321,24.7106],[114.4488,24.7077],[114.4654,24.7028],[114.4849,24.7002],[114.502,24.7088],[114.522,24.7464],[114.5396,24.7548],[114.5598,24.7582],[114.5753,24.7669],[114.5875,24.7781],[114.6028,24.7966],[114.6138,24.8155],[114.6192,24.8242],[114.6257,24.8309],[114.6353,24.8352],[114.6489,24.8368],[114.6655,24.8452],[114.6855,24.8621],[114.707,24.8751],[114.7278,24.8715],[114.7344,24.8917],[114.7395,24.9029],[114.749,24.9125],[114.7689,24.9041],[114.7711,24.9219],[114.7664,24.948],[114.7654,24.964],[114.7763,24.9805],[114.7825,24.9991],[114.7846,25.0181],[114.7793,25.0555],[114.7761,25.0606],[114.7689,25.0695],[114.7603,25.0762],[114.7512,25.0806],[114.7443,25.0871],[114.7415,25.1005],[114.752,25.1039],[114.8171,25.1385],[114.8283,25.1415],[114.8575,25.1453],[114.8614,25.1485],[114.8738,25.1547],[114.8868,25.1571],[114.8949,25.1456],[114.8994,25.1446],[114.9039,25.1456],[114.9059,25.1487],[114.9048,25.1546],[114.9024,25.1579],[114.9001,25.16],[114.899,25.1626],[114.8976,25.1906],[114.899,25.1937],[114.8925,25.2018],[114.8779,25.212],[114.8718,25.2203],[114.8692,25.2296],[114.865,25.2657],[114.8687,25.273],[114.896,25.2927],[114.8985,25.3045],[114.891,25.3165],[114.8816,25.3278],[114.8787,25.3377],[114.8857,25.3439],[114.9116,25.3538],[114.9197,25.3582],[114.9223,25.3677],[114.9219,25.379],[114.9247,25.3884],[114.937,25.3923],[114.9557,25.4016],[114.9644,25.4226],[114.9634,25.4458],[114.9537,25.4612],[114.969,25.4755],[114.9905,25.4888],[115.0039,25.5054],[114.9952,25.5295],[115.0073,25.5519],[115.0085,25.571],[115.0026,25.6219],[115.0093,25.6427],[115.0247,25.6578],[115.0427,25.6713],[115.0574,25.6871],[115.0733,25.6866],[115.0839,25.7065],[115.0898,25.733],[115.0916,25.7523],[115.0897,25.7618],[115.0864,25.7684],[115.0867,25.7753],[115.1031,25.7984],[115.1026,25.8077],[115.0989,25.8175],[115.0984,25.8305],[115.1109,25.8509],[115.1119,25.8584],[115.1066,25.8658],[115.0886,25.8819],[115.0847,25.8889],[115.0798,25.8922],[115.0338,25.8939],[115.0278,25.8956],[115.0234,25.8939],[115.0157,25.8851],[115.0112,25.8755],[115.0103,25.8666],[115.0071,25.8587],[114.9952,25.8516],[114.9837,25.8509],[114.9678,25.8532],[114.9535,25.8574],[114.9475,25.8621],[114.9443,25.8673],[114.9373,25.8745],[114.9302,25.8841],[114.927,25.896],[114.9304,25.9064],[114.9373,25.9171],[114.9424,25.9283],[114.9407,25.9404],[114.9326,25.9453],[114.9081,25.9473],[114.899,25.954],[114.8975,25.9663],[114.9024,25.9777],[114.9093,25.9885],[114.9179,26.0206],[114.9298,26.0341],[114.9435,26.0444],[114.9537,26.0571],[114.9595,26.0775],[114.9575,26.0913],[114.9496,26.1],[114.938,26.1054],[114.9097,26.114],[114.8985,26.1208],[114.8928,26.1321],[114.8953,26.1405],[114.9182,26.196],[114.9246,26.2073],[114.9351,26.2139],[114.9537,26.2147],[114.9197,26.2762],[114.9238,26.3056],[114.9014,26.3406],[114.7925,26.4399],[114.7861,26.4475],[114.7713,26.4525],[114.7036,26.5021],[114.6843,26.5203],[114.672,26.5406],[114.6763,26.5604],[114.8036,26.6756],[114.8098,26.6911],[114.8113,26.7109],[114.8164,26.7366],[114.8252,26.7609],[114.8376,26.7764],[114.8547,26.7821],[114.9234,26.7901],[114.9408,26.7942],[114.9897,26.8155],[115.0026,26.8248],[115.0099,26.8625],[114.9722,26.9207],[114.9816,26.9551],[114.9951,26.965],[115.0136,26.975],[115.0299,26.9879],[115.0368,27.0064],[115.03,27.0284],[115.0142,27.0408],[114.9956,27.0504],[114.9816,27.0638],[114.9747,27.1085],[114.9981,27.1422],[115.0899,27.2005],[115.1026,27.2124],[115.1099,27.2283],[115.1119,27.2528],[115.1109,27.2745],[115.1118,27.2858],[115.1153,27.2941],[115.1152,27.302],[115.0984,27.3387],[115.0953,27.367],[115.0916,27.3797],[115.0734,27.4121],[115.068,27.4332],[115.0636,27.4434],[115.0635,27.4515],[115.0741,27.4549],[115.0864,27.4551],[115.0957,27.4568],[115.1038,27.4609],[115.1119,27.4685],[115.1211,27.4877],[115.1355,27.5349],[115.1495,27.5442],[115.1665,27.5508],[115.1807,27.5665],[115.2149,27.626],[115.2206,27.6329],[115.229,27.6373],[115.2493,27.6436],[115.2761,27.6625],[115.3144,27.6808],[115.3305,27.6951],[115.3316,27.6993],[115.3297,27.7105],[115.3305,27.7149],[115.333,27.7166],[115.3422,27.7206],[115.3447,27.7224],[115.3683,27.7539],[115.3721,27.7599],[115.3754,27.7808],[115.3839,27.8044],[115.4253,27.8749],[115.4317,27.893],[115.4361,27.959],[115.4401,27.9774],[115.4478,27.996],[115.4832,28.056],[115.4922,28.065],[115.5159,28.0692],[115.5327,28.0802],[115.5571,28.1128],[115.583,28.137],[115.6221,28.1592],[115.6665,28.1769],[115.7079,28.1879],[115.7577,28.1899],[115.7726,28.1984],[115.7834,28.2137],[115.7892,28.2281],[115.7988,28.2389],[115.8208,28.2431],[115.833,28.2475],[115.8466,28.2582],[115.8584,28.2718],[115.8655,28.284],[115.8682,28.3005],[115.8648,28.3133],[115.8517,28.3393],[115.8417,28.3925],[115.8345,28.4007],[115.8245,28.4059],[115.8196,28.4187],[115.8178,28.4517],[115.8203,28.4687],[115.8253,28.4814],[115.8281,28.4939],[115.824,28.5106],[115.7966,28.5653],[115.8032,28.581],[115.8074,28.6061],[115.8159,28.6295],[115.8345,28.6397],[115.8859,28.7154],[115.9011,28.7512],[115.9111,28.7692],[115.9386,28.7875],[115.9815,28.8533],[115.9864,28.879],[115.989,28.8868],[116.0015,28.902],[116.0071,28.9116],[116.013,28.938],[116.0274,28.9742],[116.0299,28.9966],[116.0232,29.0376],[116.0186,29.0465],[116.0049,29.0664],[116.002,29.0755],[116.0011,29.086],[115.9968,29.1064],[115.9972,29.1802],[115.9959,29.1884],[116.0022,29.2085],[115.999,29.23],[115.9819,29.2792]]}},{"type":"Feature","properties":{"scalerank":6,"name":"Angara"},"geometry":{"type":"LineString","coordinates":[[106.4973,52.3831],[106.4898,52.4004],[106.4675,52.4165],[106.418,52.4255],[106.3536,52.41],[106.2676,52.3851],[106.1549,52.3383],[106.1193,52.3156]]}},{"type":"Feature","properties":{"scalerank":6,"name":"Helmand"},"geometry":{"type":"LineString","coordinates":[[68.4893,34.5716],[68.4707,34.5582],[68.4507,34.5489],[68.3707,34.5254],[68.3617,34.5201],[68.358,34.5126],[68.3546,34.5011],[68.3489,34.4906],[68.3385,34.486],[68.3198,34.49],[68.2874,34.5083],[68.2667,34.5133],[68.2118,34.513],[68.0357,34.4971],[68.0131,34.4925],[67.9957,34.4826],[67.9778,34.4663],[67.9594,34.4533],[67.9397,34.4437],[67.918,34.4376],[67.7392,34.4103],[67.6773,34.3859],[67.6504,34.3792],[67.6309,34.3656],[67.6194,34.3625],[67.5968,34.3603],[67.5747,34.355],[67.5303,34.3352],[67.4307,34.2526],[67.3536,34.2163],[67.3311,34.2117],[67.3135,34.2056],[67.2963,34.191],[67.2662,34.1571]]}},{"type":"Feature","properties":{"scalerank":6,"name":"Helmand"},"geometry":{"type":"LineString","coordinates":[[67.2662,34.1632],[67.2301,34.1105],[67.2216,34.1018],[67.2161,34.0913],[67.23,34.0681],[67.2588,34.0335],[67.2616,34.0136],[67.2433,33.9774],[67.2383,33.9544],[67.1682,33.9543],[67.1495,33.951],[67.1337,33.9396],[67.0914,33.8929],[67.0734,33.8815],[67.0294,33.8657],[67.013,33.8553],[66.929,33.7628],[66.8956,33.7387],[66.8755,33.7299],[66.8552,33.726],[66.7769,33.7254],[66.7689,33.7216],[66.7529,33.7042],[66.7427,33.6959],[66.7312,33.6915],[66.6994,33.7032]]}},{"type":"Feature","properties":{"scalerank":6,"name":"Hong"},"geometry":{"type":"LineString","coordinates":[[106.501,20.2995],[106.4924,20.2902],[106.4868,20.2864],[106.4809,20.2841],[106.4746,20.2831],[106.4617,20.2833],[106.4551,20.2845],[106.4498,20.2872],[106.4094,20.3163],[106.3945,20.333],[106.3862,20.3404],[106.3545,20.3555],[106.3491,20.3645],[106.3342,20.3656],[106.3228,20.3607],[106.302,20.3414],[106.2913,20.3342],[106.2781,20.3295],[106.2673,20.3315],[106.2639,20.3441],[106.2681,20.3569],[106.2747,20.3675],[106.2798,20.3784],[106.2793,20.3925],[106.272,20.4061],[106.2613,20.411],[106.2337,20.4096],[106.2193,20.4136],[106.2139,20.4243],[106.2139,20.4386],[106.2179,20.4612],[106.2175,20.4685],[106.2144,20.4749],[106.208,20.4801],[106.2017,20.4825],[106.1953,20.4842],[106.1895,20.4864],[106.1841,20.4908],[106.1774,20.5037],[106.172,20.5326],[106.1676,20.5463],[106.1582,20.5579],[106.1365,20.5752],[106.13,20.5887],[106.1276,20.6168],[106.125,20.6251],[106.1121,20.6315],[106.0762,20.6151],[106.0593,20.6166],[106.0534,20.6223],[106.0313,20.6534],[106.0268,20.6632],[106.0249,20.6737],[106.0272,20.6846],[106.0309,20.694],[106.0327,20.7019],[106.0299,20.708],[106.02,20.7123],[105.9905,20.7141],[105.981,20.7171],[105.9683,20.7317],[105.9644,20.7709],[105.956,20.7867],[105.9473,20.7911],[105.9282,20.7958],[105.92,20.8013],[105.9148,20.8096],[105.9121,20.8194],[105.9111,20.8297],[105.9114,20.8396],[105.9165,20.8559],[105.9236,20.8721],[105.9246,20.8867],[105.9102,20.8978],[105.9011,20.902],[105.8961,20.9072],[105.895,20.9143],[105.8993,20.9339],[105.8959,20.9386],[105.8901,20.9427],[105.8845,20.9498],[105.8855,20.9667],[105.895,20.984],[105.9009,21.0004],[105.8907,21.0154],[105.8595,21.0306],[105.8511,21.0397],[105.8469,21.0499],[105.8411,21.0708],[105.8341,21.0791],[105.8225,21.0856],[105.749,21.1092],[105.7382,21.114],[105.7085,21.1368],[105.6699,21.1575],[105.6563,21.1605],[105.5141,21.1674],[105.5035,21.1695],[105.4942,21.1737],[105.4771,21.1859],[105.4653,21.1967],[105.4556,21.2085],[105.4399,21.2359],[105.4338,21.2525],[105.4259,21.2921],[105.4145,21.3072],[105.3949,21.3116],[105.3735,21.3089],[105.3535,21.3013],[105.3484,21.2921],[105.3362,21.2658],[105.3293,21.2604],[105.312,21.2593],[105.303,21.2609],[105.2915,21.2666],[105.2681,21.284],[105.2642,21.2908],[105.2664,21.2998],[105.2756,21.309],[105.2778,21.3184],[105.2747,21.3336],[105.2583,21.3773],[105.2505,21.3901],[105.2245,21.4051],[105.2149,21.3935],[105.2117,21.3735],[105.2057,21.3628],[105.2007,21.3577],[105.2009,21.3476],[105.1995,21.3399],[105.1885,21.3423],[105.1831,21.3481],[105.1754,21.3764],[105.1588,21.404],[105.1371,21.4318],[105.0867,21.4801],[105.0574,21.4965],[105.0488,21.503],[104.9622,21.6031],[104.9533,21.6097],[104.9434,21.6143],[104.9321,21.616],[104.9228,21.6153],[104.9201,21.6155],[104.921,21.6203],[104.9221,21.6334],[104.9249,21.6409],[104.9308,21.6439],[104.9356,21.6478],[104.9352,21.6576],[104.9316,21.6651],[104.9265,21.6697],[104.9208,21.6734],[104.9146,21.6781],[104.9059,21.6913],[104.9003,21.6965],[104.8907,21.6986],[104.888,21.6975],[104.8859,21.6951],[104.8833,21.6928],[104.8775,21.6917],[104.874,21.6939],[104.8745,21.7032],[104.8706,21.7054],[104.863,21.7077],[104.8565,21.7132],[104.8464,21.7259],[104.8123,21.7538],[104.8034,21.7631],[104.8041,21.7665],[104.8048,21.7777],[104.8033,21.7867],[104.7988,21.7919],[104.7915,21.7943],[104.7813,21.7948],[104.7671,21.7996],[104.7553,21.811],[104.7365,21.8358],[104.6455,21.9046],[104.6404,21.9251],[104.6276,21.9234],[104.6249,21.922],[104.6205,21.9177],[104.5943,21.9381],[104.5874,21.9493],[104.5925,21.9593],[104.4933,22.0391],[104.4902,22.0446],[104.4864,22.0445],[104.4714,22.0645],[104.4697,22.0685],[104.4215,22.0985],[104.4076,22.1095],[104.384,22.1405],[104.3696,22.1527],[104.3643,22.1597],[104.3598,22.1715],[104.353,22.1715],[104.3418,22.1647],[104.3325,22.1753],[104.3189,22.205],[104.3081,22.2153],[104.271,22.2404],[104.2646,22.2477],[104.2556,22.2618],[104.2499,22.2678],[104.2437,22.2716],[104.2306,22.277],[104.2227,22.2814],[104.1808,22.316],[104.1377,22.3616],[104.127,22.3702],[104.0991,22.3838],[104.0518,22.4241],[103.988,22.4758],[103.9771,22.4877],[103.9693,22.5005],[103.9592,22.5073],[103.9506,22.5167],[103.9404,22.5248],[103.9251,22.5284],[103.9168,22.5335],[103.9024,22.5588],[103.8942,22.5694],[103.8882,22.572],[103.8722,22.5738],[103.8663,22.5756],[103.8438,22.5995],[103.8359,22.6029],[103.8295,22.6094],[103.8093,22.639],[103.8049,22.6476],[103.794,22.6596],[103.7261,22.7165],[103.6582,22.7935],[103.6466,22.7993],[103.6054,22.8378],[103.5921,22.8477],[103.5903,22.8502],[103.5899,22.8536],[103.5889,22.8575],[103.5859,22.8607],[103.5811,22.8614],[103.5689,22.8596],[103.5647,22.8607],[103.5575,22.8685],[103.5442,22.8887],[103.5195,22.9105],[103.4618,22.9431],[103.418,22.9776],[103.3901,22.9914],[103.3609,23.0143],[103.3285,23.0325],[103.2879,23.0616],[103.1743,23.1084],[103.1329,23.1179],[103.0955,23.1221],[103.0844,23.1246],[103.0762,23.1306],[103.0645,23.1419],[103.0234,23.1562],[102.9756,23.1863],[102.9484,23.193],[102.9407,23.1992],[102.9338,23.206],[102.9273,23.2108],[102.9182,23.213],[102.912,23.212],[102.9063,23.2105],[102.8993,23.2108],[102.8912,23.2141],[102.8845,23.2185],[102.876,23.2222],[102.8627,23.2238],[102.8546,23.2282],[102.8484,23.2474],[102.8367,23.2553],[102.8255,23.2791],[102.8189,23.2845],[102.7792,23.2999],[102.762,23.304],[102.7256,23.3064],[102.7144,23.3041],[102.698,23.2945],[102.6878,23.2928],[102.6851,23.2945],[102.6008,23.3278],[102.5916,23.3374],[102.5868,23.3407],[102.5572,23.3474],[102.5413,23.3542],[102.5068,23.3796],[102.4993,23.3821],[102.4763,23.3771],[102.4661,23.3774],[102.4618,23.3855],[102.4509,23.3946],[102.4259,23.397],[102.3792,23.3964],[102.3424,23.4052],[102.3076,23.4188],[102.2495,23.4504],[102.209,23.4641],[102.1684,23.4689],[102.1358,23.4805],[102.1192,23.5141],[102.1043,23.5379],[102.0783,23.5526],[102.023,23.5768],[101.9967,23.5981],[101.9863,23.6121],[101.9778,23.6428],[101.9673,23.6475],[101.9537,23.6484],[101.9404,23.6519],[101.9309,23.6595],[101.9102,23.6826],[101.9015,23.6993],[101.891,23.7058],[101.8784,23.7109],[101.8687,23.7167],[101.8306,23.7543],[101.8279,23.7559],[101.8198,23.7592],[101.8169,23.7611],[101.8135,23.7667],[101.8125,23.7776],[101.8106,23.7823],[101.8043,23.7873],[101.7975,23.7908],[101.7924,23.7959],[101.7901,23.8058],[101.7867,23.815],[101.7786,23.8276],[101.7686,23.8388],[101.7598,23.8437],[101.7507,23.8509],[101.7288,23.8983],[101.7173,23.9138],[101.698,23.9119],[101.6933,23.9154],[101.6875,23.9237],[101.6829,23.9339],[101.6809,23.9427],[101.6748,23.9577],[101.5774,24.0819],[101.5711,24.1174],[101.563,24.1265],[101.5518,24.1341],[101.5294,24.1447],[101.5294,24.1522],[101.5336,24.1636],[101.5098,24.1869],[101.5029,24.2031],[101.5003,24.2177],[101.4663,24.3194],[101.4507,24.3482],[101.4458,24.3851],[101.4407,24.3985],[101.4351,24.402],[101.4093,24.4129],[101.4014,24.4176],[101.3972,24.4287],[101.3941,24.4411],[101.3892,24.4501],[101.3776,24.4622],[101.3189,24.541],[101.3081,24.5455],[101.3034,24.5258],[101.2988,24.5156],[101.2879,24.5095],[101.2743,24.5071],[101.2626,24.5084],[101.2573,24.5126],[101.2478,24.5281],[101.2415,24.5351],[101.2312,24.5371],[101.2199,24.5351],[101.2109,24.5376],[101.2073,24.5528],[101.2031,24.5584],[101.1848,24.5681],[101.1807,24.5729],[101.1787,24.5847],[101.1741,24.5921],[101.1323,24.6245],[101.1267,24.6353],[101.1202,24.6604],[101.1152,24.6692],[101.0878,24.6968],[101.0419,24.73],[100.9495,24.8355],[100.9146,24.9014],[100.9092,24.9088],[100.9043,24.9118],[100.8985,24.9138],[100.894,24.9167],[100.8921,24.9224],[100.8941,24.9282],[100.898,24.9329],[100.8998,24.9377],[100.8958,24.9435],[100.8665,24.9656],[100.8579,24.9739],[100.8525,24.9821],[100.8445,25.0002],[100.8374,25.0087],[100.8189,25.0255],[100.808,25.0274],[100.8032,25.0118],[100.7991,25.0085],[100.7803,25.0021],[100.7708,24.9947],[100.7586,24.9904],[100.7447,24.9874],[100.7344,24.9876],[100.7297,24.992],[100.7206,25.0086],[100.7139,25.0149],[100.6951,25.0198],[100.6508,25.0244],[100.6357,25.0323],[100.617,25.0516],[100.5982,25.0646],[100.5786,25.0726],[100.5569,25.077],[100.5211,25.0801],[100.4986,25.0871],[100.4885,25.1005],[100.4059,25.1112],[100.3666,25.1221],[100.3505,25.1325],[100.344,25.1487],[100.3408,25.1743],[100.332,25.1955],[100.303,25.2346],[100.283,25.2669],[100.2348,25.3854],[100.2254,25.4007],[100.1829,25.4432]]}},{"type":"Feature","properties":{"scalerank":6,"name":"Yamuna"},"geometry":{"type":"LineString","coordinates":[[78.3399,30.9151],[78.2506,30.8403],[78.2171,30.8196],[78.1311,30.7941],[78.0955,30.7755],[78.0724,30.7377],[78.0637,30.6896],[78.0537,30.6658],[78.0205,30.647],[78.0095,30.6273],[77.9717,30.5323],[77.9699,30.5211],[77.9581,30.5111],[77.9322,30.5184],[77.8942,30.5384],[77.8859,30.5357],[77.8682,30.5225],[77.86,30.5179],[77.8389,30.5126],[77.7916,30.5074],[77.7686,30.4982],[77.6886,30.4553],[77.665,30.446],[77.6445,30.4422],[77.6231,30.4412],[77.5977,30.4371],[77.5759,30.4288],[77.5654,30.4149],[77.5675,30.4064],[77.5815,30.389],[77.5864,30.3807],[77.5879,30.3705],[77.585,30.3253],[77.5701,30.2783],[77.5382,30.2094],[77.5137,30.1774],[77.4843,30.1529],[77.3701,30.0965],[77.339,30.0697],[77.3233,30.0644],[77.3203,30.0601],[77.319,30.0545],[77.3179,30.0405],[77.315,30.0395],[77.3108,30.0405],[77.3052,30.0382],[77.301,30.0371],[77.2892,30.0388],[77.2847,30.0382],[77.28,30.033],[77.2791,30.0272],[77.2791,30.0217],[77.2774,30.0176],[77.24,29.9835],[77.23,29.9767],[77.2209,29.9608],[77.2097,29.9289],[77.1804,29.8043],[77.1619,29.7713],[77.1562,29.7691],[77.1484,29.77],[77.1406,29.7698],[77.1339,29.7644],[77.1323,29.7559],[77.1349,29.7476],[77.1393,29.74],[77.1414,29.7334],[77.1375,29.7228],[77.1282,29.7143],[77.1066,29.7023],[77.1138,29.6822],[77.0879,29.6586],[77.0937,29.6409],[77.0857,29.6241],[77.0889,29.6116],[77.0959,29.6009],[77.0999,29.5891],[77.0933,29.5812],[77.0789,29.5764],[77.0647,29.5696],[77.0581,29.5555],[77.0605,29.5486],[77.0703,29.5364],[77.0724,29.5279],[77.0708,29.5112],[77.0688,29.503],[77.0657,29.5037],[77.0776,29.4923],[77.1052,29.4954],[77.1202,29.4838],[77.1072,29.4693],[77.0728,29.4401],[77.0657,29.4249],[77.0769,29.4239],[77.1026,29.427],[77.1306,29.4265],[77.1482,29.415],[77.1499,29.4034],[77.1454,29.3956],[77.1387,29.3887],[77.1339,29.3802],[77.1328,29.3723],[77.1339,29.3426],[77.138,29.3336],[77.1455,29.3239],[77.15,29.3133],[77.1448,29.3017],[77.134,29.2893],[77.1306,29.2806],[77.1414,29.1304],[77.1402,29.1242],[77.1377,29.121],[77.1349,29.119],[77.1339,29.1164],[77.1358,29.1085],[77.1401,29.1048],[77.1449,29.1026],[77.1482,29.0997],[77.1694,29.0365],[77.1956,28.9976],[77.1897,28.9882],[77.1777,28.9807],[77.1755,28.9632],[77.2022,28.9425],[77.2097,28.9352],[77.2168,28.9237],[77.2207,28.9144],[77.2199,28.9061],[77.2131,28.8973],[77.2022,28.8771],[77.2167,28.8436],[77.2064,28.8219],[77.1984,28.8131],[77.1956,28.8068],[77.1959,28.7943],[77.1978,28.791],[77.2024,28.7901],[77.2131,28.7906],[77.2166,28.7883],[77.2168,28.7827],[77.2158,28.7761],[77.2166,28.7707],[77.2149,28.7702],[77.2166,28.7496],[77.2192,28.7449],[77.2283,28.7387],[77.2301,28.7329],[77.229,28.7211],[77.2239,28.7008],[77.2232,28.694]]}},{"type":"Feature","properties":{"scalerank":6,"name":"Yamuna"},"geometry":{"type":"LineString","coordinates":[[77.2232,28.694],[77.2227,28.6888],[77.2227,28.6949],[77.2232,28.694]]}},{"type":"Feature","properties":{"scalerank":6,"name":"Yamuna"},"geometry":{"type":"LineString","coordinates":[[77.2232,28.694],[77.2299,28.6814],[77.2444,28.6603],[77.25,28.6472],[77.2532,28.6102],[77.259,28.5926],[77.29,28.5789],[77.3032,28.5629],[77.3274,28.5198],[77.3352,28.5079],[77.3434,28.4984],[77.3528,28.4919],[77.3633,28.4895],[77.377,28.4842],[77.3785,28.4725],[77.376,28.4608],[77.3772,28.4554],[77.3849,28.4576],[77.4024,28.4674],[77.4076,28.4691],[77.4153,28.465],[77.4171,28.4598],[77.4175,28.454],[77.4246,28.442],[77.4252,28.4357],[77.4282,28.4307],[77.4387,28.4287],[77.4566,28.4346],[77.4658,28.4344],[77.4697,28.425],[77.4682,28.3968],[77.4757,28.3914],[77.4971,28.3933],[77.4719,28.3405],[77.4664,28.3153],[77.4879,28.299],[77.4895,28.2864],[77.4888,28.2726],[77.4907,28.2636],[77.5037,28.2568],[77.5289,28.2535],[77.5386,28.2431],[77.5326,28.2412],[77.5283,28.2379],[77.5259,28.2329],[77.5249,28.2258],[77.5206,28.2173],[77.5112,28.2135],[77.5016,28.2117],[77.4971,28.209],[77.5016,28.1967],[77.5286,28.193],[77.5386,28.181],[77.5073,28.1703],[77.4949,28.1519],[77.4956,28.126],[77.5038,28.0929],[77.4697,28.1128],[77.4707,28.0994],[77.4765,28.0716],[77.468,28.0469],[77.4797,28.0365],[77.4957,28.0284],[77.5038,28.0203],[77.5123,27.9996],[77.5265,27.9745],[77.5293,27.9526],[77.5038,27.9415],[77.5105,27.9195],[77.5196,27.8983],[77.533,27.8798],[77.5517,27.8663],[77.565,27.8631],[77.5759,27.8631],[77.5851,27.8597],[77.5933,27.8459],[77.5943,27.8336],[77.5911,27.8203],[77.5796,27.7974],[77.6055,27.7988],[77.6505,27.8117],[77.669,27.8111],[77.6793,27.8078],[77.6863,27.8043],[77.6899,27.7973],[77.6895,27.7838],[77.684,27.7845],[77.6721,27.7723],[77.6646,27.7575],[77.6721,27.7503],[77.6764,27.7445],[77.6873,27.7157],[77.6895,27.7047],[77.6871,27.6914],[77.6773,27.6731],[77.6752,27.6634],[77.6782,27.655],[77.6855,27.6492],[77.6924,27.6422],[77.6957,27.6296],[77.6904,27.6212],[77.6645,27.6142],[77.6553,27.605],[77.6648,27.6026],[77.6874,27.6021],[77.6957,27.5994],[77.7057,27.588],[77.7046,27.5783],[77.699,27.5679],[77.6936,27.5461],[77.6846,27.5326],[77.6826,27.5272],[77.6846,27.5149],[77.6897,27.5084],[77.6963,27.5034],[77.7031,27.4958],[77.7207,27.4365],[77.727,27.4269],[77.7325,27.4238],[77.7382,27.4161],[77.7424,27.4063],[77.7471,27.3831],[77.7545,27.381],[77.7714,27.3859],[77.7839,27.3924],[77.7919,27.3917],[77.7988,27.3797],[77.7969,27.3712],[77.7818,27.353],[77.7783,27.3419],[77.7826,27.333],[77.7922,27.323],[77.8024,27.3148],[77.8086,27.3115],[77.8218,27.3091],[77.8277,27.303],[77.8316,27.294],[77.839,27.2835],[77.8609,27.2661],[77.8657,27.2755],[77.8682,27.294],[77.8844,27.304],[77.8984,27.2924],[77.9029,27.2691],[77.9092,27.2513],[77.9284,27.2562],[77.9331,27.2668],[77.9334,27.2806],[77.9371,27.2927],[77.9526,27.2978],[77.96,27.291],[77.9592,27.2758],[77.9612,27.2595],[77.9767,27.2494],[77.9806,27.2702],[77.9933,27.2731],[78.0081,27.2659],[78.0185,27.2562],[78.0281,27.2375],[78.0312,27.2193],[78.0293,27.2008],[78.0247,27.1805],[78.0458,27.1872],[78.0552,27.1918],[78.0628,27.1979],[78.0747,27.2021],[78.087,27.1953],[78.0994,27.1856],[78.1109,27.1805],[78.1587,27.1737],[78.1687,27.1788],[78.1786,27.1888],[78.1889,27.1956],[78.2,27.191],[78.2109,27.1691],[78.207,27.1507],[78.1987,27.1326],[78.1972,27.1123],[78.2139,27.0865],[78.2356,27.0835],[78.2482,27.0933],[78.2369,27.106],[78.2369,27.1123],[78.2514,27.1121],[78.2612,27.107],[78.2677,27.0974],[78.2722,27.0843],[78.2842,27.094],[78.2949,27.116],[78.3064,27.1253],[78.309,27.1241],[78.331,27.1245],[78.3338,27.1253],[78.3416,27.1259],[78.3486,27.1275],[78.355,27.1246],[78.3604,27.1123],[78.3413,27.1096],[78.3228,27.0975],[78.3076,27.0806],[78.2989,27.0638],[78.3106,27.0633],[78.3301,27.0749],[78.343,27.0781],[78.3575,27.0759],[78.38,27.066],[78.3911,27.0638],[78.4111,27.056],[78.4299,27.0374],[78.4404,27.015],[78.4355,26.9962],[78.4566,26.9935],[78.479,26.9813],[78.4971,26.9653],[78.5044,26.9515],[78.5071,26.94],[78.5139,26.9294],[78.523,26.9256],[78.5317,26.9347],[78.5278,26.9401],[78.5112,26.9819],[78.5315,26.9769],[78.5559,26.9757],[78.5595,26.9702],[78.5625,26.9464],[78.5833,26.9291],[78.5906,26.9268],[78.5938,26.9378],[78.5914,26.9392],[78.5869,26.9442],[78.584,26.9503],[78.5864,26.9551],[78.5917,26.9564],[78.5986,26.956],[78.6047,26.9542],[78.6074,26.9515],[78.61,26.9317],[78.6172,26.9104],[78.6279,26.8933],[78.6416,26.8863],[78.6757,26.9141],[78.6956,26.9215],[78.7036,26.8999],[78.7223,26.916],[78.729,26.919],[78.731,26.9136],[78.7524,26.9041],[78.7582,26.8999],[78.762,26.8939],[78.7695,26.8765],[78.7719,26.872],[78.7937,26.8679],[78.7993,26.8658],[78.8082,26.8505],[78.815,26.8417],[78.8389,26.8315],[78.8579,26.8033],[78.8715,26.7969],[78.9065,26.7932],[78.9433,26.7833],[78.9387,26.7779],[78.9334,26.7675],[78.929,26.7622],[78.949,26.762],[78.9854,26.7575],[79.0046,26.7622],[79.0029,26.7539],[78.9988,26.7469],[78.9922,26.7409],[78.9835,26.7354],[78.9937,26.7333],[79.0025,26.7288],[79.009,26.7215],[79.0115,26.7115],[79.0157,26.7005],[79.0346,26.6921],[79.0388,26.6839],[79.0377,26.6712],[79.0382,26.6544],[79.046,26.6412],[79.0667,26.6392],[79.0667,26.6331],[79.062,26.631],[79.0571,26.6278],[79.0524,26.6256],[79.062,26.6202],[79.0806,26.6022],[79.0835,26.5983],[79.0952,26.5996],[79.1155,26.6048],[79.1275,26.6051],[79.1386,26.6024],[79.1602,26.5934],[79.1729,26.5914],[79.1803,26.5875],[79.1954,26.5694],[79.2032,26.5642],[79.204,26.5452],[79.2312,26.5356],[79.2927,26.5232],[79.2822,26.5153],[79.2449,26.5021],[79.262,26.4804],[79.2477,26.4671],[79.2236,26.457],[79.2107,26.4444],[79.2193,26.431],[79.24,26.4331],[79.2649,26.44],[79.2858,26.4412],[79.2966,26.4341],[79.3027,26.4238],[79.3069,26.4134],[79.3131,26.4065],[79.3247,26.4044],[79.3368,26.4071],[79.3482,26.4112],[79.3744,26.4176],[79.416,26.4366],[79.4373,26.4412],[79.4626,26.4383],[79.4742,26.4288],[79.4771,26.4143],[79.4771,26.3966],[79.4802,26.3839],[79.4949,26.3648],[79.4981,26.3553],[79.5042,26.3497],[79.517,26.3538],[79.5288,26.361],[79.5322,26.3649],[79.5554,26.3604],[79.5562,26.3492],[79.544,26.3348],[79.5286,26.3206],[79.523,26.305],[79.532,26.288],[79.5486,26.2728],[79.5664,26.2625],[79.5855,26.2584],[79.6082,26.256],[79.6269,26.2509],[79.6347,26.2386],[79.6384,26.219],[79.6489,26.2097],[79.715,26.1914],[79.7241,26.1868],[79.7413,26.1731],[79.748,26.1641],[79.7415,26.1601],[79.7385,26.1558],[79.7373,26.1461],[79.7398,26.1365],[79.7534,26.1294],[79.7664,26.1162],[79.7725,26.1116],[79.7945,26.109],[79.8471,26.1147],[79.8648,26.1082],[79.8865,26.0916],[79.8999,26.0953],[79.9087,26.1114],[79.9224,26.1534],[79.9274,26.1625],[79.937,26.1663],[79.9495,26.1627],[79.9557,26.1536],[79.9578,26.1414],[79.958,26.1287],[79.9517,26.0883],[79.9585,26.0724],[79.9848,26.0639],[80.0092,26.066],[80.0591,26.0762],[80.0803,26.0707],[80.0928,26.055],[80.093,26.0371],[80.0852,26.0205],[80.0734,26.0093],[80.0805,25.9988],[80.0883,25.9951],[80.0973,25.9933],[80.1075,25.9888],[80.1284,25.9719],[80.1406,25.9641],[80.1701,25.9549],[80.1939,25.928],[80.2112,25.9205],[80.256,25.9295],[80.2769,25.9263],[80.2857,25.9031],[80.2969,25.8919],[80.3218,25.8964],[80.3615,25.913],[80.4067,25.9149],[80.4464,25.9059],[80.5191,25.8789],[80.537,25.8691],[80.5455,25.8553],[80.54,25.8432],[80.516,25.838],[80.4693,25.8424],[80.4591,25.8353],[80.4714,25.8106],[80.4917,25.7913],[80.5113,25.7858],[80.5572,25.7896],[80.5676,25.7862],[80.5678,25.7783],[80.5635,25.7685],[80.5606,25.7595],[80.5606,25.7446],[80.5617,25.7381],[80.5675,25.7345],[80.5806,25.7281],[80.6005,25.722],[80.6491,25.7137],[80.6829,25.6939],[80.7057,25.6883],[80.7305,25.6865],[80.772,25.6884],[80.7796,25.6899],[80.7866,25.6933],[80.7979,25.712],[80.8064,25.7231],[80.8174,25.7281],[80.8289,25.7254],[80.8386,25.7184],[80.8455,25.7084],[80.8512,25.6839],[80.8591,25.6817],[80.8823,25.6871],[80.9063,25.6881],[80.9234,25.6855],[80.9335,25.6743],[80.9405,25.6254],[80.9513,25.6143],[80.9687,25.6129],[81.0128,25.6248],[81.0232,25.6257],[81.0265,25.6169],[81.0269,25.5943],[81.0206,25.5867],[81.0082,25.5792],[80.9991,25.5707],[81.0027,25.5602],[81.0099,25.5522],[81.0134,25.5471],[81.0173,25.5425],[81.0269,25.5363],[81.0649,25.5186],[81.0868,25.5113],[81.171,25.5002],[81.1838,25.4947],[81.1921,25.4744],[81.1843,25.4578],[81.1528,25.4299],[81.148,25.4114],[81.1578,25.393],[81.1731,25.3784],[81.1838,25.3712],[81.2249,25.3616],[81.2441,25.3541],[81.2612,25.3294],[81.2822,25.3317],[81.3204,25.3445],[81.3445,25.3424],[81.3667,25.3338],[81.3848,25.3203],[81.3963,25.3035],[81.3833,25.29],[81.3906,25.2803],[81.4092,25.2737],[81.4529,25.2661],[81.4723,25.2656],[81.4915,25.2686],[81.513,25.2756],[81.6201,25.3479],[81.6606,25.3582],[81.7041,25.3594],[81.7256,25.3568],[81.7422,25.3479],[81.7603,25.3338],[81.7783,25.3277],[81.7954,25.3299],[81.8108,25.3411],[81.8117,25.3488],[81.7974,25.3662],[81.7934,25.3746],[81.7949,25.3836],[81.7991,25.3902],[81.8108,25.4022],[81.8283,25.4164],[81.8513,25.4254],[81.8756,25.4271],[81.9031,25.4146]]}},{"type":"Feature","properties":{"scalerank":6,"name":"Narmada"},"geometry":{"type":"LineString","coordinates":[[81.5742,22.7537],[81.4981,22.7577],[81.4619,22.7652],[81.4378,22.7879],[81.4214,22.8264],[81.4076,22.8426],[81.3859,22.8493],[81.3665,22.8519],[81.3141,22.8704],[81.2896,22.8746],[81.2802,22.8773],[81.2713,22.8821],[81.2488,22.8978],[81.233,22.9007],[81.1909,22.9166],[81.1765,22.9251],[81.1748,22.9291],[81.1753,22.9348],[81.1747,22.9407],[81.1703,22.9455],[81.1624,22.9483],[81.1576,22.9475],[81.1539,22.9457],[81.1498,22.9455],[81.1283,22.9509],[81.1054,22.953],[81.0845,22.9596],[81.0596,22.9727],[81.0352,22.9819],[81.016,22.9769],[81.0131,22.9696],[81.0064,22.9353],[81.001,22.9304],[80.989,22.9322],[80.9319,22.9523],[80.9117,22.9556],[80.8891,22.953],[80.8956,22.9702],[80.9004,22.9879],[80.9004,23.0044],[80.8928,23.0178],[80.8515,23.0504],[80.8419,23.0554],[80.8282,23.051],[80.8171,23.0395],[80.8098,23.0248],[80.8024,22.9952],[80.7913,22.9988],[80.7656,23.0213],[80.7559,23.012],[80.7371,23.0054],[80.679,22.9987],[80.6657,22.9942],[80.6426,22.9735],[80.6294,22.9644],[80.6211,22.9654],[80.6106,22.9704],[80.5912,22.9735],[80.5723,22.9706],[80.5383,22.9571],[80.5191,22.953],[80.5317,22.928],[80.5334,22.9182],[80.5315,22.906],[80.5215,22.8867],[80.5191,22.8807],[80.5139,22.8781],[80.4816,22.8531],[80.4767,22.8424],[80.4801,22.833],[80.4918,22.8158],[80.4986,22.7961],[80.4998,22.7877],[80.4993,22.7748],[80.4955,22.7601],[80.4909,22.7539],[80.4915,22.7486],[80.5103,22.7261],[80.5084,22.7211],[80.5025,22.7152],[80.4993,22.7022],[80.4972,22.6969],[80.4924,22.6912],[80.4816,22.6817],[80.4778,22.6747],[80.4814,22.6691],[80.4876,22.6637],[80.4959,22.6519],[80.502,22.6455],[80.5066,22.6365],[80.5055,22.6234],[80.499,22.6137],[80.4505,22.579],[80.4293,22.574],[80.408,22.576],[80.3894,22.5831],[80.3727,22.5947],[80.3547,22.6119],[80.34,22.6325],[80.3341,22.6544],[80.3355,22.6878],[80.3339,22.711],[80.3272,22.7264],[80.3184,22.7294],[80.2959,22.7282],[80.2857,22.7333],[80.283,22.7411],[80.2796,22.7783],[80.2689,22.7955],[80.2442,22.8019],[80.2166,22.8006],[80.197,22.7947],[80.1929,22.7893],[80.19,22.7814],[80.1856,22.7733],[80.1759,22.7674],[80.165,22.7662],[80.1572,22.7691],[80.1491,22.7729],[80.1387,22.7748],[80.0755,22.7731],[80.0598,22.7748],[80.032,22.7845],[80.0258,22.7879],[80.0078,22.8176],[79.9302,22.8773],[79.9293,22.889],[79.934,22.8959],[79.94,22.9002],[79.9439,22.9046],[79.9456,22.9156],[79.9439,22.9421],[79.9402,22.9435],[79.9141,22.9773],[79.9101,22.9859],[79.9083,22.996],[79.9097,23.0076],[79.915,23.0152],[79.9366,23.038],[79.9439,23.0486],[79.9468,23.0601],[79.9496,23.0787],[79.9484,23.0961],[79.9404,23.1038],[79.9063,23.1113],[79.8866,23.1131],[79.8545,23.1011],[79.8341,23.1063],[79.793,23.1287],[79.7918,23.1312],[79.7892,23.1319],[79.7786,23.1305],[79.7699,23.1281],[79.7599,23.121],[79.752,23.1175],[79.7437,23.1167],[79.7261,23.1186],[79.7178,23.1175],[79.7092,23.1126],[79.6924,23.0996],[79.6865,23.097],[79.6684,23.0991],[79.6418,23.1085],[79.625,23.1107],[79.6045,23.1109],[79.5909,23.1135],[79.5816,23.1215],[79.5738,23.138],[79.554,23.1306],[79.516,23.1368],[79.4944,23.1274],[79.4761,23.1153],[79.4546,23.1056],[79.4317,23.0992],[79.4099,23.097],[79.3728,23.1048],[79.3486,23.1067]]}},{"type":"Feature","properties":{"scalerank":6,"name":"Dadu"},"geometry":{"type":"LineString","coordinates":[[100.0702,33.0057],[100.0829,32.9924],[100.1135,32.9683],[100.169,32.9097],[100.1909,32.8985],[100.1938,32.8874],[100.1931,32.8651],[100.1968,32.859],[100.2156,32.8499],[100.2514,32.8243],[100.2915,32.8032],[100.3347,32.7864],[100.3712,32.7791],[100.442,32.7265],[100.4539,32.7145],[100.4585,32.7056],[100.4885,32.6835],[100.4982,32.669],[100.5016,32.6559],[100.5034,32.6428],[100.5084,32.6282],[100.5157,32.6204],[100.525,32.615],[100.533,32.6088],[100.5364,32.5982],[100.5418,32.5865],[100.5545,32.5765],[100.5693,32.5694],[100.5957,32.5635],[100.6387,32.5395],[100.6544,32.5358],[100.6676,32.5344],[100.6799,32.5304],[100.6934,32.5191],[100.7105,32.5227],[100.7256,32.5125],[100.7408,32.4986],[100.7586,32.4918],[100.7664,32.4875],[100.7896,32.457],[100.7934,32.4548],[100.7968,32.4555],[100.7999,32.4553],[100.8032,32.4508],[100.8059,32.4423],[100.8057,32.4383],[100.8041,32.4344],[100.8032,32.4266],[100.8052,32.3917],[100.8067,32.3853],[100.8106,32.3752],[100.8027,32.3533],[100.8032,32.3415],[100.8135,32.3367],[100.8282,32.3474],[100.8476,32.3565],[100.8715,32.3471],[100.8628,32.3315],[100.8788,32.3209],[100.9163,32.3102],[100.9253,32.3038],[100.9429,32.2954],[100.9507,32.2897],[100.9602,32.2799],[100.9656,32.2727],[100.9795,32.2408],[100.9839,32.233],[101.0064,32.2053],[101.0088,32.1992],[101.0094,32.187],[101.005,32.1691],[100.9745,32.1082],[100.9709,32.0884],[100.9745,32.0362],[100.9771,32.0239],[100.9829,32.0178],[100.9907,32.0141],[100.9988,32.0088],[101.0049,31.9996],[101.0055,31.9824],[101.0094,31.971],[101.0239,31.9573],[101.0639,31.9484],[101.0811,31.94],[101.1663,31.8338],[101.1921,31.8144],[101.2412,31.8022],[101.2722,31.7835],[101.2861,31.7792],[101.3293,31.7862],[101.3445,31.786],[101.3613,31.7816],[101.3916,31.769],[101.4059,31.7655],[101.4248,31.7651],[101.4428,31.7681],[101.456,31.7757],[101.4612,31.7891],[101.4775,31.8029],[101.5139,31.8051],[101.5515,31.8001],[101.5711,31.7923],[101.5875,31.8016],[101.6275,31.8159],[101.6467,31.8195],[101.6495,31.8161],[101.6539,31.8094],[101.6607,31.8052],[101.6701,31.8099],[101.6889,31.8287],[101.6946,31.8332],[101.7256,31.8466],[101.8306,31.8611],[101.8409,31.853],[101.857,31.8288],[101.8652,31.8195],[101.8785,31.8126],[101.9031,31.8065],[101.9131,31.7996],[101.9063,31.7996],[101.9336,31.7897],[102.0264,31.7105],[102.0298,31.704],[102.0309,31.6941],[102.0283,31.6883],[102.0244,31.685],[102.023,31.6824],[102.0308,31.6669],[102.051,31.6466],[102.0503,31.6352],[102.0659,31.6196],[102.0715,31.6014],[102.0781,31.4713],[102.0768,31.4538],[102.0709,31.4421],[101.9971,31.3786],[101.9888,31.3677],[101.9933,31.3514],[102.0073,31.331],[102.0249,31.3136],[102.0403,31.3062],[102.0488,31.2984],[102.0405,31.2803],[102.0161,31.2442],[102.0011,31.2029],[101.988,31.1888],[101.9433,31.1789],[101.9241,31.1675],[101.9072,31.152],[101.8926,31.1349],[101.88,31.1117],[101.874,31.0836],[101.8721,31.0151],[101.8744,30.9984],[101.8842,30.963],[101.8858,30.9431],[101.8804,30.9078],[101.8858,30.8946],[101.9063,30.8885],[101.9199,30.8677],[101.933,30.8205],[101.944,30.8025],[101.9542,30.798],[101.964,30.7977],[101.9714,30.7945],[101.9745,30.7818],[101.9757,30.7698],[101.9795,30.7628],[101.9956,30.7507],[102.0025,30.7467],[102.0166,30.7415],[102.023,30.7377],[102.0298,30.7285],[102.0405,30.7071],[102.0471,30.7029],[102.0549,30.6993],[102.0553,30.6909],[102.0503,30.6725],[102.0518,30.6609],[102.0554,30.6544],[102.0601,30.6492],[102.0645,30.6415],[102.0676,30.6246],[102.065,30.5367],[102.0688,30.5239],[102.0986,30.4974],[102.1159,30.4779],[102.1213,30.4622],[102.1192,30.4186],[102.1231,30.3981],[102.1439,30.3548],[102.1699,30.3134],[102.1804,30.2908],[102.1863,30.267],[102.188,30.2368],[102.199,30.2226],[102.2031,30.2135],[102.1924,30.2053],[102.1876,30.1855],[102.1786,30.1668],[102.1729,30.065],[102.1707,30.0587],[102.1777,30.0506],[102.2085,30.004],[102.2134,29.9894],[102.2144,29.9822],[102.2147,29.9733],[102.2168,29.965],[102.2261,29.961],[102.2283,29.9525],[102.2257,29.9359],[102.2208,29.9204],[102.218,29.9064],[102.2222,29.8941],[102.2119,29.872],[102.2094,29.8489],[102.2161,29.7747],[102.2131,29.764],[102.2047,29.7539],[102.1997,29.7423],[102.2021,29.7111],[102.1977,29.6989],[102.1946,29.6933],[102.1953,29.6812],[102.1943,29.6751],[102.1909,29.6707],[102.1829,29.6642],[102.1806,29.6614],[102.169,29.6415],[102.1655,29.6285],[102.1707,29.617],[102.1773,29.5936],[102.158,29.543],[102.1743,29.5242],[102.1668,29.5009],[102.177,29.4824],[102.1959,29.4729],[102.2147,29.4771],[102.2222,29.4696],[102.2201,29.4551],[102.2359,29.3907],[102.2529,29.3529],[102.2613,29.3505],[102.2652,29.3442],[102.2784,29.294],[102.2836,29.2846],[102.2938,29.2779],[102.3074,29.2721],[102.3193,29.2649],[102.3245,29.2539],[102.3334,29.2567],[102.4163,29.2667],[102.4557,29.2757],[102.4788,29.2778],[102.5012,29.283],[102.5189,29.2958],[102.5504,29.3256],[102.5667,29.3323],[102.5803,29.3328],[102.5955,29.3358],[102.6157,29.3495],[102.6254,29.3503],[102.6471,29.3308],[102.657,29.3256],[102.7014,29.3256],[102.7773,29.3164],[102.8077,29.3008],[102.8045,29.271],[102.8186,29.2574],[102.8334,29.2332],[102.8496,29.215],[102.8692,29.2198],[102.8783,29.2238],[102.8909,29.2265],[102.9019,29.2308],[102.9067,29.2399],[102.9089,29.2509],[102.9209,29.275],[102.9273,29.2846],[102.9426,29.3001],[102.9583,29.3033],[102.9993,29.2983],[103.02,29.2916],[103.0261,29.2575],[103.0434,29.243],[103.0645,29.2448],[103.0846,29.2591],[103.0995,29.2784],[103.1054,29.2945],[103.1138,29.3037],[103.1328,29.2984],[103.2031,29.2539],[103.2174,29.2509],[103.2394,29.2505],[103.2622,29.2456],[103.273,29.2479],[103.2788,29.2674],[103.2871,29.2852],[103.291,29.2908],[103.3058,29.3009],[103.3247,29.3082],[103.3372,29.3067],[103.3325,29.2908],[103.3467,29.2938],[103.367,29.3119],[103.3804,29.3188],[103.387,29.3141],[103.3976,29.3096],[103.4101,29.3064],[103.4213,29.3051],[103.4331,29.3072],[103.4579,29.3165],[103.4617,29.3188],[103.4784,29.3074],[103.4931,29.2865],[103.5093,29.2716],[103.5305,29.2778],[103.5821,29.2127],[103.5903,29.2087],[103.6013,29.2078],[103.6388,29.2098],[103.645,29.2136],[103.6466,29.2368],[103.6455,29.2451],[103.6401,29.2667],[103.6404,29.2778],[103.6459,29.289],[103.6528,29.2955],[103.6584,29.3025],[103.6608,29.315],[103.6515,29.3367],[103.6305,29.3407],[103.5921,29.3331],[103.5742,29.3394],[103.5615,29.3541],[103.5537,29.3743],[103.551,29.3973],[103.5541,29.4201],[103.562,29.4362],[103.6428,29.5216],[103.6773,29.5451],[103.7162,29.5589]]}},{"type":"Feature","properties":{"scalerank":6,"name":"Xar Moron"},"geometry":{"type":"LineString","coordinates":[[117.2088,42.5921],[117.1936,42.5931],[117.1782,42.5979],[117.1661,42.607],[117.1602,42.6201],[117.1666,42.6329],[117.1931,42.6536],[117.1917,42.6645],[117.1873,42.6796],[117.2001,42.6918],[117.2297,42.7088],[117.2349,42.7214],[117.2365,42.7365],[117.2359,42.7672],[117.2341,42.7819],[117.2293,42.7969],[117.2136,42.827],[117.1882,42.8734],[117.1804,42.9051],[117.1895,42.9212],[117.2084,42.9355],[117.2297,42.9621],[117.2168,42.9831],[117.2201,43.0056],[117.2356,43.0236],[117.2715,43.0331],[117.2903,43.0425],[117.3012,43.0446],[117.3595,43.0446],[117.3818,43.0513],[117.4209,43.0744],[117.4573,43.0834],[117.5007,43.1039],[117.5717,43.1495],[117.5889,43.1545],[117.6138,43.1573],[117.6817,43.1818],[117.7278,43.1917],[117.8432,43.203],[117.8672,43.2023],[117.9127,43.1945],[117.9376,43.195],[117.9487,43.2061],[117.9583,43.2209],[117.9805,43.2348],[118.0059,43.2456],[118.0241,43.2508],[118.1471,43.2599],[118.1672,43.267],[118.2024,43.2842],[118.2501,43.2957],[118.2981,43.2951],[118.447,43.2735],[118.5486,43.2742],[118.5996,43.2637],[118.6248,43.2471],[118.6338,43.2433],[118.6476,43.243],[118.685,43.2508],[119.1316,43.2173],[119.1817,43.2235],[119.246,43.2529],[119.2678,43.2569],[119.4838,43.2621],[119.6206,43.2659],[120.1642,43.3802],[120.3414,43.3725],[120.7585,43.4234]]}},{"type":"Feature","properties":{"scalerank":6,"name":"Chenab"},"geometry":{"type":"LineString","coordinates":[[77.4356,32.2931],[77.4172,32.2998],[77.3741,32.3074],[77.3565,32.3167],[77.2978,32.3682],[77.1339,32.457],[77.0979,32.4883],[77.0787,32.5004],[77.0553,32.5049],[77.0127,32.5068],[76.9922,32.5128],[76.9758,32.5252],[76.9682,32.5416],[76.9629,32.5781],[76.9551,32.5946],[76.9495,32.5998],[76.9223,32.6151],[76.9055,32.6204],[76.8976,32.624],[76.881,32.6354],[76.8751,32.6387],[76.8497,32.6477],[76.8364,32.6505],[76.8088,32.6529],[76.7305,32.6734],[76.7144,32.6804],[76.6466,32.7338],[76.6274,32.7447],[76.6091,32.7506],[76.4771,32.7545],[76.4443,32.7683],[76.4282,32.7996],[76.4282,32.8229],[76.433,32.8423],[76.4414,32.8586],[76.4522,32.8722],[76.4615,32.8896],[76.4624,32.9088],[76.4571,32.9277],[76.4487,32.9442],[76.4433,32.9498],[76.4373,32.9537],[76.4319,32.9595],[76.4282,32.9709],[76.4282,32.9803],[76.4336,32.9973],[76.4351,33.0091],[76.4331,33.0329],[76.427,33.0495],[76.4164,33.0621],[76.3547,33.1159],[76.3425,33.1223],[76.3342,33.1243],[76.324,33.129],[76.3152,33.1346],[76.3115,33.1391],[76.3076,33.1489],[76.2984,33.1527],[76.2774,33.1558],[76.2455,33.179],[76.1987,33.2425],[76.1675,33.2657],[76.1365,33.2755],[76.1265,33.2801],[76.1187,33.2866],[76.1033,33.3033],[76.0962,33.3067],[76.0795,33.3105],[76.0425,33.3286],[76.0241,33.3346],[76.0143,33.3354],[75.9981,33.3342],[75.9639,33.3392],[75.8326,33.3773],[75.7708,33.383],[75.7524,33.3795],[75.7363,33.367],[75.7275,33.3509],[75.7252,33.3347],[75.7296,33.319],[75.7405,33.3041],[75.7906,33.2495],[75.8084,33.2169],[75.8111,33.1813],[75.8001,33.1621],[75.7809,33.1561],[75.7587,33.1586],[75.7141,33.1708],[75.7027,33.171],[75.6902,33.1677],[75.6475,33.1481],[75.6321,33.1439],[75.5995,33.1414],[75.4999,33.1497],[75.4077,33.136],[75.3857,33.1365],[75.3635,33.1399],[75.3428,33.1463],[75.3246,33.1558],[75.3149,33.1697],[75.3049,33.1906],[75.292,33.2096],[75.2734,33.2179],[75.2522,33.2219],[75.2334,33.2318],[75.1984,33.2573],[75.1835,33.2656],[75.1627,33.2731],[75.1427,33.2744],[75.13,33.2639],[75.1287,33.2541],[75.1296,33.2441],[75.1292,33.2344],[75.1235,33.2258],[75.0959,33.2107],[75.0835,33.2011],[75.0782,33.1873],[75.0759,33.1741],[75.0694,33.166],[75.0596,33.1625],[75.0466,33.1634],[74.9976,33.1778],[74.9807,33.1779],[74.9036,33.1683],[74.8792,33.1751],[74.8477,33.1876],[74.8184,33.1934],[74.8007,33.1795],[74.8009,33.1729],[74.8062,33.1524],[74.8075,33.144],[74.7937,33.0792],[74.7918,33.0567],[74.7954,33.0353],[74.8079,33.0159],[74.8085,33.0019],[74.7833,32.9368],[74.7828,32.9319],[74.7842,32.921],[74.7833,32.9163],[74.7798,32.912],[74.7768,32.9116],[74.7735,32.9119],[74.7607,32.9029],[74.7397,32.8921],[74.7356,32.8856],[74.7246,32.8732],[74.6531,32.8548],[74.6033,32.8187],[74.5803,32.8101],[74.5647,32.7965],[74.5422,32.7904],[74.5334,32.7831],[74.4961,32.7264],[74.4687,32.7011],[74.3775,32.6441],[74.3545,32.6223],[74.3384,32.6115],[74.316,32.6026],[74.2717,32.5914],[74.2198,32.5646],[74.207,32.555],[74.2018,32.5429],[74.1931,32.5362],[74.1546,32.5284],[74.1459,32.5225],[74.1332,32.5003],[74.1035,32.4768],[74.0693,32.4616],[74.0435,32.4644],[74.0103,32.4288],[73.9913,32.4193],[73.9644,32.416],[73.9212,32.4169],[73.905,32.4132],[73.8679,32.3923],[73.8525,32.3885],[73.8141,32.3887],[73.7905,32.3829],[73.7781,32.3692],[73.7691,32.3536],[73.7561,32.3415],[73.7377,32.338],[73.6767,32.3471],[73.6612,32.3399],[73.6279,32.3052],[73.6122,32.2931],[73.6021,32.2907],[73.5803,32.2893],[73.5706,32.2862],[73.5652,32.2806],[73.5524,32.2628],[73.5406,32.2557],[73.5221,32.2412],[73.5122,32.2379],[73.4204,32.2362],[73.4005,32.2274],[73.3847,32.19],[73.3255,32.133],[73.2905,32.1073],[73.2832,32.0973],[73.2789,32.0727],[73.2673,32.0612],[73.228,32.0467],[73.2141,32.0351],[73.2033,32.0177],[73.1964,31.9966],[73.1939,31.9744],[73.1878,31.9495],[73.1729,31.932],[73.1392,31.9021],[73.1294,31.8832],[73.1181,31.8455],[73.1082,31.8301],[73.0928,31.819],[73.074,31.8109],[73.0014,31.7923],[72.9928,31.7874],[72.9755,31.7749],[72.9709,31.7723],[72.9599,31.7635],[72.933,31.7225],[72.9194,31.7103],[72.9084,31.708],[72.8792,31.7103],[72.8657,31.7076],[72.8381,31.6986],[72.8048,31.6944],[72.742,31.6761],[72.6723,31.6719],[72.6559,31.6662],[72.6477,31.6599],[72.6183,31.6451],[72.6082,31.6376],[72.594,31.6219],[72.5836,31.6147],[72.5737,31.612],[72.553,31.6116],[72.5427,31.6079],[72.5361,31.6015],[72.5294,31.592],[72.5243,31.5826],[72.5222,31.5765],[72.5171,31.5692],[72.5051,31.5638],[72.4809,31.5563],[72.4702,31.5509],[72.4464,31.5315],[72.3882,31.5056],[72.3613,31.4881],[72.3502,31.4605],[72.3429,31.4492],[72.2512,31.3646],[72.2546,31.3096],[72.253,31.2941],[72.2341,31.2202],[72.23,31.2152],[72.2102,31.2103],[72.2031,31.2069],[72.1902,31.1983],[72.1386,31.1833]]}},{"type":"Feature","properties":{"scalerank":6,"name":"Chenab"},"geometry":{"type":"LineString","coordinates":[[72.1388,31.1833],[72.1404,31.1029],[72.1393,31.0941],[72.1328,31.0868],[72.11,31.0673],[72.0964,31.059],[72.0908,31.0523],[72.0881,31.0419],[72.0913,31.0239],[72.0874,31.0151],[72.0834,31.0088],[72.0782,30.9947],[72.0734,30.9875],[72.067,30.982],[72.0527,30.9725],[72.0459,30.967],[72.0396,30.963],[72.0256,30.9583],[72.0185,30.9534],[72.0116,30.9436],[72.0015,30.9199],[71.9946,30.909],[71.9859,30.8857],[71.9644,30.8713],[71.9425,30.861],[71.9326,30.8503],[71.9273,30.8323],[71.9138,30.8192],[71.8779,30.7991],[71.8579,30.7729],[71.8506,30.6979],[71.8369,30.6619],[71.8316,30.6573],[71.809,30.6415],[71.7939,30.6229],[71.7852,30.6166],[71.7715,30.6141],[71.7465,30.6092],[71.7368,30.5975],[71.7297,30.5838],[71.7129,30.5732],[71.6926,30.5738],[71.6682,30.5771],[71.6477,30.5725],[71.6389,30.5489],[71.6295,30.5335],[71.6083,30.521],[71.5693,30.5049],[71.5592,30.4952],[71.5455,30.473],[71.5352,30.4633],[71.5278,30.4592],[71.521,30.4571],[71.5046,30.4565],[71.4936,30.4542],[71.4898,30.4484],[71.4885,30.4406],[71.4841,30.4322],[71.4527,30.3891],[71.435,30.3727],[71.405,30.3603],[71.4141,30.3345],[71.3982,30.324],[71.3755,30.3207],[71.3639,30.3162],[71.3626,30.2914],[71.3587,30.2735],[71.3523,30.259],[71.3434,30.2442],[71.3357,30.2259],[71.323,30.1827],[71.3125,30.1651],[71.3088,30.1555],[71.31,30.1326],[71.3057,30.1238],[71.2979,30.1157],[71.2954,30.1098],[71.294,30.1032],[71.289,30.0934],[71.2627,30.0625],[71.2519,30.0443],[71.245,29.9995],[71.2393,29.9844],[71.2325,29.9715],[71.2267,29.9562],[71.2256,29.9449],[71.2261,29.9348],[71.2251,29.9252],[71.2199,29.9152],[71.2101,29.9102],[71.1964,29.9073],[71.1842,29.9023],[71.1769,29.8864],[71.1734,29.876],[71.1738,29.8654],[71.1825,29.8607],[71.188,29.8553],[71.2022,29.8292],[71.2057,29.8196],[71.2061,29.7933],[71.1992,29.7722],[71.1791,29.7364],[71.1752,29.7248],[71.1716,29.6887],[71.1675,29.6802],[71.1539,29.6639],[71.1406,29.6398],[71.1162,29.6209],[71.0879,29.606],[71.0538,29.5965],[71.0489,29.5876],[71.0488,29.5624],[71.0447,29.5485],[71.0346,29.54],[71.0214,29.535],[71.0077,29.5317],[71.0173,29.5167],[71.0237,29.4977],[71.0272,29.4777],[71.0281,29.4593],[71.03,29.4505],[71.0343,29.441],[71.0457,29.4249],[71.0437,29.4198],[71.0278,29.4023],[71.022,29.3939],[71.018,29.3804],[71.0156,29.3674],[71.0126,29.314],[71.0037,29.2933],[70.9804,29.2778],[70.9488,29.2662],[70.9462,29.2564],[70.9463,29.2331],[70.9389,29.2192],[70.9215,29.2164],[70.8476,29.2279],[70.8302,29.2247],[70.8228,29.2127],[70.8227,29.191],[70.8203,29.1736],[70.8179,29.1694]]}},{"type":"Feature","properties":{"scalerank":6,"name":"Tom’"},"geometry":{"type":"LineString","coordinates":[[89.7711,53.6461],[89.7517,53.6483],[89.7307,53.6391],[89.6699,53.5984],[89.6533,53.5846],[89.6522,53.5793],[89.6533,53.5721],[89.6537,53.5657],[89.65,53.5629],[89.6276,53.5557],[89.6028,53.5445],[89.5483,53.5279],[89.5217,53.492],[89.463,53.4654],[89.462,53.4474],[89.4287,53.4395],[89.3948,53.4351],[89.3059,53.4349],[89.294,53.4304],[89.2852,53.4237],[89.2737,53.418],[89.2613,53.4141],[89.2498,53.4127],[89.189,53.4293],[89.1244,53.4359],[89.1036,53.4425],[89.0864,53.4532],[89.0715,53.4679],[89.0332,53.5294],[89.03,53.5328],[89.0278,53.5418],[89.0186,53.5617],[89.0164,53.5738],[89.0189,53.5882],[89.0171,53.5953],[89.0095,53.6044],[89.0039,53.608],[88.999,53.609],[88.9942,53.6093],[88.989,53.6113],[88.9849,53.6148],[88.9783,53.6227],[88.9511,53.6492],[88.9448,53.6529],[88.8732,53.6707],[88.8457,53.6727],[88.7905,53.6665],[88.7778,53.6686],[88.7507,53.678],[88.7393,53.6802],[88.7125,53.6779],[88.613,53.6551],[88.5847,53.6527],[88.5571,53.6563],[88.5331,53.6696],[88.5127,53.6767],[88.4267,53.6802],[88.3816,53.6944],[88.358,53.6949],[88.3352,53.6836],[88.325,53.68],[88.2799,53.6727],[88.2708,53.6701],[88.2356,53.6529],[88.1897,53.6499],[88.1382,53.6604],[87.9698,53.7257],[87.9435,53.7428],[87.9179,53.7532],[87.9041,53.7564],[87.8927,53.761],[87.8858,53.7621],[87.878,53.7603],[87.8648,53.7519],[87.8575,53.7491],[87.8333,53.747],[87.8052,53.7486],[87.7788,53.7546],[87.7403,53.7774],[87.5839,53.8013],[87.5671,53.8071],[87.4746,53.8242],[87.4477,53.8212],[87.4063,53.7961],[87.3889,53.7901],[87.3629,53.7871],[87.3399,53.78],[87.3032,53.7621],[87.2758,53.7534],[87.2506,53.7544],[87.1809,53.767],[87.1668,53.7798],[87.1584,53.7976],[87.1461,53.8386],[87.1463,53.8447],[87.1491,53.8538],[87.158,53.8699],[87.1599,53.8757],[87.1725,53.8922],[87.2017,53.9017],[87.2561,53.9129],[87.2734,53.9239],[87.2858,53.9378],[87.2939,53.9557],[87.2964,53.9784],[87.3057,53.9938],[87.3272,54.0059],[87.3716,54.0228],[87.4404,54.0591],[87.4644,54.0638],[87.4788,54.0726],[87.4844,54.0936],[87.4883,54.1395],[87.498,54.1588],[87.5244,54.1875],[87.5298,54.204],[87.5254,54.227],[87.5142,54.2412],[87.4815,54.263],[87.468,54.2775],[87.4592,54.2958],[87.4589,54.3158],[87.4712,54.335],[87.4929,54.3486],[87.5139,54.3557],[87.5332,54.3653],[87.5497,54.3859],[87.5587,54.4075],[87.5611,54.4266],[87.5553,54.445],[87.5327,54.4733],[87.5274,54.4833],[87.5237,54.4943],[87.5224,54.5057],[87.5186,54.5175],[87.5094,54.5201],[87.4982,54.52],[87.4883,54.5237],[87.4758,54.5444],[87.4771,54.5648],[87.4841,54.5858],[87.4883,54.6087],[87.4755,54.6195],[87.392,54.6329],[87.3804,54.6385],[87.3755,54.6449],[87.3718,54.6519],[87.3648,54.6596],[87.354,54.6651],[87.3301,54.6716],[87.3201,54.677],[87.2929,54.6879],[87.2594,54.6878],[87.1939,54.68],[87.1729,54.681],[87.1276,54.6879],[87.0859,54.703],[87.0587,54.7274],[87.0569,54.7626],[87.0893,54.7982],[87.1017,54.8167],[87.0913,54.8247],[87.0466,54.8316],[87.0347,54.835],[87.0427,54.8426],[87.0571,54.8496],[87.0637,54.852],[87.0737,54.8606],[87.0911,54.8862],[87.1257,54.9169],[87.1261,54.9298],[87.1253,54.9381],[87.1202,54.9461],[87.1084,54.9578],[87.0999,54.9709],[87.1039,54.9798],[87.1126,54.9872],[87.1183,54.9954],[87.1075,55.0296],[87.069,55.036],[86.9815,55.0234],[86.9695,55.0254],[86.9505,55.0344],[86.9401,55.0364],[86.8955,55.0302],[86.877,55.0253],[86.8564,55.0172],[86.8374,55.0156],[86.8234,55.0302],[86.8393,55.0433],[86.8484,55.0642],[86.8442,55.0837],[86.7979,55.0979],[86.7797,55.1113],[86.7482,55.1401],[86.7271,55.1492],[86.6725,55.1593],[86.5732,55.1603],[86.4755,55.1284],[86.4502,55.1258],[86.4265,55.1193],[86.3828,55.0941],[86.3574,55.0922],[86.3369,55.1032],[86.3306,55.1208],[86.335,55.1402],[86.3473,55.1571],[86.3578,55.1623],[86.3676,55.1636],[86.3749,55.1667],[86.3779,55.1776],[86.3753,55.1878],[86.3687,55.198],[86.3603,55.2075],[86.3511,55.2152],[86.3077,55.2349],[86.2892,55.247],[86.2817,55.2667],[86.2761,55.2887],[86.263,55.3002],[86.2471,55.3095],[86.2339,55.325],[86.2305,55.3453],[86.231,55.3653],[86.2246,55.3804],[86.2001,55.3864],[86.1721,55.3836],[86.1221,55.3729],[86.098,55.3728],[86.0292,55.3907],[86.0051,55.3933],[85.9887,55.3998],[85.965,55.4152],[85.9434,55.4334],[85.9327,55.4479],[85.9355,55.4573],[85.9509,55.4789],[85.9539,55.4894],[85.9493,55.4998],[85.9019,55.5369],[85.6267,55.6728],[85.5833,55.6877],[85.5366,55.6976],[85.4239,55.7014],[85.3918,55.6968],[85.3677,55.685],[85.3464,55.6697],[85.324,55.6613],[85.2984,55.6586],[85.2681,55.6602],[85.2192,55.6705],[85.1329,55.7019],[85.0831,55.7086],[85.0381,55.7054],[85.0216,55.7086],[85.0115,55.7137],[84.9942,55.7265],[84.9841,55.7291],[84.9711,55.7382],[84.9591,55.7598],[84.95,55.7849],[84.9458,55.8048],[84.9474,55.8276],[84.9553,55.8499],[84.9695,55.8669],[85.0147,55.8795],[85.0337,55.8942],[85.044,55.9139],[85.0415,55.9345],[85.0098,55.962],[84.9636,55.989],[84.9291,56.0214],[84.9329,56.0648],[84.9452,56.0779],[84.985,56.107],[84.9978,56.1126],[85.0026,56.1179],[85.001,56.1298],[84.9959,56.1426],[84.9909,56.1505],[84.9858,56.1536]]}},{"type":"Feature","properties":{"scalerank":6,"name":"Chulyshman"},"geometry":{"type":"LineString","coordinates":[[89.6563,50.5045],[89.6301,50.5115],[89.5358,50.5316],[89.4695,50.5624],[89.4278,50.5755],[89.4182,50.5843],[89.397,50.6114],[89.3904,50.6171],[89.3179,50.6293],[89.2906,50.6302],[89.0715,50.608],[89.0447,50.6022],[88.999,50.5845],[88.9747,50.5807],[88.8215,50.6013],[88.7849,50.6198],[88.688,50.7047],[88.667,50.7187],[88.6331,50.732],[88.6241,50.7495],[88.6123,50.7884],[88.5745,50.8184],[88.526,50.8229],[88.4744,50.8204],[88.4267,50.8294],[88.4033,50.8448],[88.3569,50.8619],[88.3248,50.8699],[88.2628,50.9182],[88.0629,51.013],[88.0445,51.0261],[88.0313,51.0616],[88.0173,51.0772],[87.9994,51.0897],[87.9816,51.0969],[87.9312,51.1013],[87.9046,51.1074],[87.893,51.1204],[87.8833,51.1249],[87.8052,51.1803],[87.7732,51.2096],[87.7695,51.217],[87.7647,51.2421],[87.753,51.2565],[87.7395,51.2673],[87.7284,51.2818],[87.728,51.3054],[87.7376,51.3328],[87.7494,51.3553],[87.7558,51.3644]]}},{"type":"Feature","properties":{"scalerank":6,"name":"Konqi"},"geometry":{"type":"LineString","coordinates":[[89.387,40.6326],[89.3449,40.6312],[89.3316,40.6326],[89.3121,40.6446],[89.2993,40.6485],[89.2603,40.6321],[89.1938,40.6453],[89.1672,40.6433],[89.142,40.6378],[89.1205,40.6458],[89.1,40.6584],[89.0777,40.6668],[89.0479,40.6647],[89.0176,40.6566],[88.9883,40.6521],[88.9617,40.6606],[88.9456,40.656],[88.9199,40.6567],[88.8936,40.6617],[88.86,40.6784],[88.8212,40.6778],[88.8041,40.6805],[88.7691,40.7015],[88.7459,40.7076],[88.7252,40.6978],[88.7102,40.6952],[88.5798,40.6957],[88.4903,40.7089],[88.4068,40.7374],[88.3241,40.7762],[88.2907,40.7978],[88.2442,40.8361],[88.2184,40.8509],[87.8859,40.9012],[87.8513,40.8859],[87.8108,40.9035],[87.6801,40.9412],[87.6177,40.9775],[87.5947,40.9821],[87.4956,40.9821],[87.4546,40.9728],[87.4153,40.9565],[87.375,40.9446],[87.3306,40.9486],[87.3145,40.9586],[87.2974,40.9725],[87.2781,40.982],[87.2361,40.9766],[87.2136,40.9835],[87.1729,41.0026],[87.1465,41.0196],[87.1336,41.0234],[87.1183,41.0162],[87.1084,41.0272],[87.0947,41.0334],[87.0418,41.0388],[87.0341,41.0447],[87.0293,41.0545],[87.003,41.0948],[86.9878,41.1492],[86.9742,41.1603],[86.9625,41.1643],[86.9378,41.1697],[86.9265,41.1745],[86.9176,41.1821],[86.9054,41.2001],[86.8985,41.2081],[86.8904,41.2121],[86.8682,41.217],[86.8582,41.2217],[86.8497,41.23],[86.838,41.2476],[86.8303,41.2565],[86.8079,41.2692],[86.7855,41.2709],[86.763,41.269],[86.7408,41.2701],[86.6852,41.317],[86.6782,41.3263],[86.6734,41.3384],[86.6445,41.3203],[86.6353,41.3179],[86.6231,41.3126],[86.6065,41.2891],[86.598,41.2838],[86.5717,41.2786],[86.5407,41.2689],[86.5109,41.2633],[86.4877,41.2701],[86.4714,41.2623],[86.4194,41.2565],[86.4165,41.2414],[86.4119,41.2349],[86.4024,41.2394],[86.3955,41.2416],[86.3766,41.2414],[86.3716,41.2428]]}},{"type":"Feature","properties":{"scalerank":6,"name":"Tarim"},"geometry":{"type":"LineString","coordinates":[[80.888,40.4671],[80.9233,40.4744],[80.9387,40.483],[80.9639,40.5035],[80.9784,40.5123],[81.0723,40.5358],[81.251,40.5274],[81.2642,40.5292],[81.2802,40.5371],[81.2991,40.5324],[81.3186,40.545],[81.3792,40.6156],[81.3836,40.6184],[81.3887,40.6193],[81.3999,40.619],[81.4038,40.6215],[81.4119,40.6471],[81.4124,40.6651],[81.4166,40.6737],[81.4249,40.6794],[81.4461,40.6861],[81.4729,40.7008],[81.5475,40.7215],[81.5712,40.7248],[81.6329,40.7153],[81.7481,40.7212],[81.7664,40.7246],[81.7837,40.7341],[81.8042,40.7521],[81.8116,40.7608],[81.823,40.7779],[81.8314,40.7869],[81.8425,40.7928],[81.8828,40.7978],[81.9391,40.8362],[81.9545,40.835],[81.9747,40.8267],[82,40.8316],[82.0631,40.8605],[82.0864,40.8644],[82.1366,40.8654],[82.1597,40.8688],[82.1972,40.8861],[82.2402,40.8998],[82.2735,40.9199],[82.2857,40.9232],[82.2974,40.9173],[82.3076,40.9138],[82.3199,40.9178],[82.3384,40.9269],[82.3565,40.9303],[82.3635,40.9383],[82.3674,40.9476],[82.3762,40.9548],[82.3965,40.9542],[82.4216,40.9486],[82.4429,40.9486],[82.4519,40.965],[82.4653,40.9746],[82.5481,40.9896],[82.6066,41.0192],[82.6362,41.0257],[82.6559,41.0347],[82.6676,41.0367],[82.6782,41.0342],[82.7126,41.0162],[82.7301,41.0338],[82.7574,41.0233],[82.7827,41.0001],[82.794,40.9787],[82.802,40.9759],[82.8486,40.9753],[82.8604,40.9671],[82.8723,40.9557],[82.8862,40.9456],[82.9034,40.9412],[82.9346,40.9412],[82.9376,40.9401],[82.9419,40.9378],[82.9477,40.9354],[82.9551,40.9344],[82.9693,40.9304],[82.9785,40.9215],[82.9856,40.9119],[82.9932,40.9064],[83.0086,40.9068],[83.0241,40.9128],[83.0361,40.9217],[83.041,40.9306],[83.0471,40.9316],[83.0606,40.9236],[83.082,40.9064],[83.0917,40.9111],[83.1089,40.9167],[83.1161,40.9207],[83.1228,40.9277],[83.1318,40.9427],[83.1372,40.9486],[83.1533,40.9578],[83.1729,40.9639],[83.1943,40.9674],[83.2163,40.9685],[83.2374,40.9627],[83.2471,40.9616],[83.259,40.9645],[83.268,40.9709],[83.2749,40.9779],[83.2813,40.9821],[83.3495,40.9927],[83.3579,40.9787],[83.3769,40.9813],[83.4072,40.9958],[83.5172,40.9993],[83.5351,40.9963],[83.5513,40.9859],[83.5667,40.983],[83.585,40.9907],[83.603,40.9951],[83.6171,40.9821],[83.6367,40.9893],[83.6577,40.9912],[83.6755,40.9952],[83.6853,41.0095],[83.6914,41.0095],[83.6992,41.0001],[83.7071,41.0026],[83.7163,41.0103],[83.727,41.0162],[83.7275,41.0137],[83.7515,41.0091],[83.7603,41.01],[83.7656,41.013],[83.7716,41.0143],[83.7809,41.0095],[83.7768,41.008],[83.773,41.0007],[83.7715,40.9908],[83.7747,40.9821],[83.7769,40.9844],[83.7969,40.9829],[83.8293,40.9754],[83.8422,40.9696],[83.8499,40.9616],[83.8565,40.9616],[83.8604,40.9778],[83.8662,40.9844],[83.9254,40.9979],[83.959,41.0095],[83.9535,41.0106],[83.9385,41.0162],[83.9546,41.0298],[83.9895,41.0399],[84,41.0572],[83.9937,41.068],[84.0164,41.0894],[84.0142,41.1057],[84.0547,41.1074],[84.0728,41.1114],[84.0888,41.1193],[84.1132,41.1415],[84.124,41.1466],[84.1355,41.1459],[84.1392,41.1397],[84.1428,41.1363],[84.1546,41.1435],[84.2436,41.1745],[84.2628,41.178],[84.2874,41.1868],[84.3096,41.1977],[84.3228,41.2081],[84.3359,41.1931],[84.3547,41.1917],[84.3756,41.1924],[84.3945,41.1841],[84.4125,41.1788],[84.4865,41.195],[84.6715,41.1807],[84.7039,41.1869],[84.7131,41.1876],[84.7246,41.1849],[84.7488,41.1763],[84.7575,41.1745],[84.8935,41.1644],[84.9378,41.1557],[84.9812,41.1408],[85.0216,41.1193],[85.0959,41.0646],[85.124,41.0504],[85.2368,41.0336],[85.2544,41.02],[85.2615,41.0091],[85.2783,41.0065],[85.3128,41.0095],[85.3272,41.0064],[85.3523,40.9927],[85.4366,40.983],[85.4722,40.9743],[85.5014,40.9616],[85.5142,40.9671],[85.543,40.9714],[85.5567,40.9753],[85.5938,41.005],[85.6072,41.0095],[85.6311,41.0135],[85.6607,41.0238],[85.6882,41.0371],[85.7061,41.0504],[85.7175,41.0393],[85.7271,41.036],[85.7349,41.0416],[85.7403,41.0572],[85.7524,41.056],[85.8918,41.0777],[85.8941,41.0774],[85.9309,41.0792],[85.9641,41.0852],[86.0154,41.0777],[86.0291,41.0799],[86.0471,41.0897],[86.0562,41.092],[86.075,41.0882],[86.1004,41.0787],[86.1226,41.0662],[86.142,41.0431],[86.1653,41.0367],[86.2592,41.027],[86.2871,41.0283],[86.3203,41.0363],[86.3674,41.0375],[86.4502,41.0508],[86.4835,41.0513],[86.5088,41.0429],[86.5479,41.056],[86.562,41.0682],[86.5567,41.092],[86.5418,41.103],[86.4933,41.1173],[86.4741,41.1261],[86.44,41.1528],[86.4311,41.1564],[86.4111,41.1578],[86.3989,41.1603],[86.377,41.168],[86.3546,41.179],[86.3355,41.1944],[86.3233,41.2155],[86.3438,41.2292],[86.3511,41.2217],[86.3634,41.2325],[86.3682,41.2377],[86.3716,41.2428],[86.3713,41.2576],[86.3911,41.2798],[86.3853,41.29],[86.3702,41.2918],[86.3504,41.2873],[86.3323,41.2791],[86.3233,41.2701],[86.317,41.2701],[86.3184,41.2899],[86.3217,41.3015],[86.3174,41.3094],[86.2959,41.3179],[86.2799,41.3201],[86.2461,41.3202],[86.2339,41.3248],[86.2412,41.331],[86.2276,41.3336],[86.2251,41.335],[86.2208,41.3384],[86.2078,41.3272],[86.1975,41.3307],[86.1858,41.3395],[86.1692,41.3446],[86.1504,41.3482],[86.1366,41.357],[86.1115,41.3793],[86.0964,41.3797],[86.0708,41.3859],[86.052,41.3871],[86.0562,41.3725],[86.0154,41.3862],[86.0086,41.3725],[86.0122,41.3682],[86.0136,41.3649],[86.0154,41.3521],[86.0005,41.3656],[85.9771,41.3999],[85.9601,41.4073],[85.935,41.4014],[85.9181,41.3912],[85.9084,41.3915],[85.9055,41.4172],[85.8975,41.4346],[85.8788,41.4513],[85.8572,41.4637],[85.8403,41.4688],[85.7951,41.51],[85.7874,41.5198],[85.782,41.5308],[85.7756,41.5668],[85.7749,41.6137],[85.7822,41.6593],[85.7993,41.6912],[85.8268,41.7129],[85.8697,41.7383],[85.9176,41.753],[85.9601,41.7425],[85.9859,41.7532],[86.0196,41.7559],[86.1142,41.7477],[86.1412,41.7513],[86.166,41.7619],[86.1895,41.7806],[86.1969,41.7921],[86.2024,41.8152],[86.2071,41.8244],[86.218,41.8308],[86.2354,41.836],[86.2533,41.8381],[86.2651,41.835],[86.2857,41.8235],[86.3399,41.8082],[86.3648,41.7971],[86.3961,41.8033],[86.4647,41.7703],[86.4951,41.7772],[86.5123,41.7692],[86.5243,41.7735],[86.5336,41.7831],[86.543,41.7909],[86.5576,41.7956],[86.5654,41.7967],[86.574,41.7971],[86.5869,41.795],[86.6021,41.7861],[86.6118,41.784],[86.6275,41.7872],[86.6586,41.8013],[86.6949,41.8074],[86.73,41.8207],[86.7534,41.8255]]}},{"type":"Feature","properties":{"scalerank":6,"name":"Xiliao"},"geometry":{"type":"LineString","coordinates":[[120.7585,43.4234],[120.7751,43.4317],[120.8034,43.4575],[120.8198,43.4683],[120.9746,43.5166],[121.0191,43.5245],[121.1182,43.5245],[121.1279,43.5266],[121.1476,43.536],[121.1593,43.5382],[121.3604,43.534],[121.4088,43.5245],[121.4321,43.5156],[121.4717,43.494],[121.4951,43.4897],[121.5006,43.4867],[121.5055,43.48],[121.512,43.4735],[121.5225,43.4705],[121.5746,43.4705],[121.7726,43.4425],[121.8735,43.4449],[121.9194,43.4531],[121.9638,43.4705],[121.995,43.4905],[122.0146,43.5001],[122.0364,43.504],[122.0533,43.5096],[122.1078,43.5449],[122.1763,43.5687],[122.1939,43.5828],[122.2517,43.6412],[122.3615,43.7237],[122.3784,43.7203],[122.4683,43.7415],[122.5403,43.7709],[122.5862,43.7803],[122.6325,43.7845],[122.6522,43.7904],[122.6876,43.8153],[122.711,43.8193],[122.7223,43.8164],[122.7451,43.8071],[122.7588,43.8056],[122.771,43.8082],[122.79,43.8172],[122.7971,43.8193],[122.9444,43.804],[122.9624,43.7956],[122.9816,43.7814],[122.9885,43.7788],[122.9966,43.7777],[123.0035,43.7749],[123.0066,43.7678],[123.0063,43.757],[123.0071,43.752],[123.0094,43.7473],[123.0177,43.7371],[123.0249,43.7313],[123.0337,43.7276],[123.1425,43.7032],[123.2095,43.6748],[123.2319,43.6685],[123.2261,43.6538],[123.2346,43.6485],[123.2486,43.6463],[123.2598,43.6412],[123.2666,43.648],[123.2803,43.6421],[123.2916,43.6428],[123.3024,43.646],[123.3144,43.648],[123.3728,43.6412],[123.3806,43.638],[123.3956,43.6238],[123.4184,43.6182],[123.4517,43.5996],[123.4897,43.5914],[123.5,43.5865],[123.5095,43.5775],[123.5108,43.5718],[123.5082,43.5657],[123.5061,43.5549],[123.5109,43.5368],[123.5232,43.5179],[123.554,43.4835]]}},{"type":"Feature","properties":{"scalerank":6,"name":"Songhua"},"geometry":{"type":"LineString","coordinates":[[132.5178,47.7066],[132.5144,47.6939],[132.5113,47.6881],[132.5066,47.6835],[132.4995,47.6804],[132.4917,47.6795],[132.4758,47.6798],[132.4701,47.679],[132.4648,47.6772],[132.4601,47.674],[132.457,47.6691],[132.4556,47.661],[132.4579,47.6544],[132.4662,47.6414],[132.4673,47.6369],[132.4671,47.6319],[132.4659,47.6268],[132.4625,47.6182],[132.4513,47.601],[132.3795,47.5201],[132.351,47.5006],[132.3222,47.4738],[132.3134,47.4673],[132.0805,47.3714],[132.063,47.3605],[132.0508,47.3494],[132.0403,47.3367],[132.0361,47.3294],[132.0346,47.3255],[132.03,47.3074],[132.0087,47.2692],[132.0001,47.2599],[131.9889,47.2536],[131.9763,47.2501],[131.9635,47.2487],[131.7915,47.2617],[131.7804,47.2608],[131.7266,47.2453],[131.6243,47.2338],[131.5317,47.2453],[131.4669,47.2451],[131.4536,47.2425],[131.3206,47.1886],[131.3003,47.1855],[131.1499,47.2062],[131.1316,47.2051],[131.0667,47.1886],[131.0542,47.1882],[131.0416,47.1896],[131.0294,47.1931],[130.9968,47.2082],[130.9854,47.2117],[130.9722,47.2127],[130.9594,47.211],[130.9072,47.1969],[130.8533,47.1889],[130.8291,47.1805],[130.8062,47.1683],[130.7847,47.1529],[130.7743,47.1435],[130.7654,47.1336],[130.7442,47.1005],[130.6891,47.0441],[130.6787,47.036],[130.667,47.0295],[130.6543,47.0248],[130.6414,47.0225],[130.5891,47.0191],[130.5593,47.0095],[130.5449,47.0016],[130.5339,46.9916],[130.5313,46.9869],[130.5298,46.9818],[130.5293,46.9468],[130.5278,46.9385],[130.5268,46.9346],[130.5249,46.9316],[130.5199,46.9258],[130.5181,46.9229],[130.5168,46.92],[130.5152,46.9133],[130.5123,46.9054],[130.5083,46.8981],[130.5034,46.8914],[130.4978,46.8852],[130.4884,46.8771],[130.478,46.8702],[130.4556,46.8598],[130.4059,46.8509],[130.348,46.8335],[130.3393,46.8336],[130.3301,46.8372]]}},{"type":"Feature","properties":{"scalerank":6,"name":"Songhua"},"geometry":{"type":"LineString","coordinates":[[124.6746,45.4505],[124.7223,45.4505],[124.7346,45.4537],[124.7555,45.4681],[124.7673,45.4709],[124.7719,45.4676],[124.7761,45.4606],[124.7804,45.4505],[124.7856,45.45],[124.7965,45.4511],[124.8255,45.4452],[124.8491,45.443],[124.8611,45.4443],[124.8722,45.4485],[124.8803,45.456],[124.8834,45.4672],[124.8824,45.4703],[124.88,45.4721],[124.8779,45.4747],[124.8767,45.4806],[124.8787,45.4883],[124.8828,45.4927],[124.8875,45.4956],[124.8902,45.4982],[124.8945,45.5187],[124.8976,45.5272],[124.9039,45.5324],[124.9153,45.5327],[124.9264,45.5276],[124.9347,45.5189],[124.9381,45.5082],[124.9509,45.4948],[124.9797,45.4934],[125.0276,45.4982],[125.0414,45.4929],[125.044,45.4885],[125.0421,45.4822],[125.0418,45.4709],[125.0435,45.4514],[125.0473,45.4449],[125.0586,45.4331],[125.0737,45.423],[125.0797,45.4166],[125.082,45.4055],[125.0816,45.3898],[125.0826,45.386],[125.0886,45.3894],[125.1031,45.3952],[125.2325,45.4137],[125.2488,45.4134],[125.2671,45.4089],[125.2759,45.4047],[125.2805,45.4015],[125.2855,45.4003],[125.295,45.402],[125.3007,45.4066],[125.3024,45.4127],[125.3071,45.4169],[125.3217,45.4156],[125.356,45.4006],[125.3745,45.3984],[125.3975,45.4089],[125.4111,45.4249],[125.4224,45.4613],[125.4321,45.4771],[125.4511,45.4848],[125.4736,45.481],[125.4975,45.4737],[125.521,45.4709],[125.5429,45.4759],[125.6035,45.5045],[125.6187,45.5081],[125.6581,45.5045],[125.6677,45.506],[125.6873,45.5119],[125.6991,45.5119],[125.723,45.5176],[125.7984,45.5119],[125.8108,45.5093],[125.8326,45.4988],[125.8425,45.4982],[125.8504,45.5048],[125.8704,45.5393],[125.887,45.5565],[125.8984,45.5637],[125.9231,45.5698],[125.9268,45.5778],[125.9251,45.5972],[125.9309,45.6222],[125.9463,45.6285],[125.9684,45.6287],[125.9939,45.6354],[125.9863,45.644],[125.9668,45.6496],[125.9597,45.6553],[125.9592,45.6687],[125.9712,45.6749],[125.9869,45.6765],[125.9973,45.6764],[126.003,45.6807],[126.0152,45.6994],[126.0243,45.7037],[126.0381,45.7034],[126.0466,45.7018],[126.069,45.6907],[126.1095,45.6793],[126.1511,45.6815],[126.2402,45.6968],[126.3557,45.6957],[126.3589,45.6984],[126.3772,45.7172],[126.3853,45.7235],[126.3953,45.7277],[126.4612,45.7402],[126.484,45.7503],[126.4937,45.7686],[126.5042,45.7676],[126.5564,45.754],[126.5761,45.7515],[126.593,45.7567],[126.6376,45.7857],[126.6709,45.795],[126.685,45.8011],[126.6928,45.8135],[126.6919,45.8304],[126.6858,45.8441],[126.6832,45.8579],[126.6928,45.8751],[126.709,45.8837],[126.7291,45.8898],[126.7432,45.8987],[126.7412,45.916],[126.7861,45.9255],[126.8206,45.9483],[126.8526,45.9754],[126.8907,45.9979],[126.9353,46.0133],[126.983,46.024],[127.0312,46.0269],[127.0764,46.0184],[127.1657,45.9815],[127.1889,45.9766],[127.275,45.9781],[127.3268,45.9693],[127.353,45.9605],[127.3644,45.9473],[127.3699,45.9247],[127.3844,45.9183],[127.4845,45.9264],[127.5112,45.934],[127.5283,45.9508],[127.5293,45.9575],[127.5269,45.9634],[127.5237,45.9688],[127.5221,45.9743],[127.524,45.9807],[127.5331,45.9913],[127.5357,45.9979],[127.5357,46.0204],[127.5392,46.0305],[127.5493,46.0388],[127.5746,46.0408],[127.666,46.0115],[127.6923,46.0082],[127.6974,46.004],[127.7064,45.9917],[127.7117,45.9822],[127.7147,45.9742],[127.7187,45.9663],[127.7276,45.9569],[127.7539,45.9687],[127.7639,45.96],[127.7701,45.9446],[127.7858,45.9365],[127.7978,45.9344],[127.825,45.9254],[127.8374,45.9234],[127.892,45.9296],[127.9177,45.9258],[127.9431,45.9193],[127.9679,45.9171],[128.0134,45.9361],[128.0376,45.9365],[128.0619,45.9312],[128.0838,45.9234],[128.1283,45.9161],[128.1738,45.9246],[128.2883,45.9757],[128.3097,45.9793],[128.3614,45.9781],[128.3858,45.9744],[128.4475,45.9439],[128.5759,45.9095],[128.5908,45.9023],[128.622,45.9162],[128.6392,45.9214],[128.6558,45.9234],[128.6734,45.9277],[128.7061,45.9465],[128.7174,45.9508],[128.7304,45.9536],[128.7583,45.9666],[128.7759,45.9706],[128.8189,45.9727],[128.8412,45.9706],[128.8584,45.9644],[128.878,45.9405],[128.8884,45.9134],[128.9044,45.8911],[128.9701,45.8747],[128.9819,45.8751],[128.9909,45.8786],[129.0074,45.8906],[129.016,45.8955],[129.0342,45.8995],[129.074,45.9028],[129.0906,45.9097],[129.0906,45.9023],[129.1657,45.9438],[129.1987,45.9709],[129.2544,46.0373],[129.272,46.0532],[129.2866,46.06],[129.2988,46.0709],[129.324,46.1419],[129.355,46.2047],[129.3757,46.2296],[129.3899,46.2541],[129.3959,46.2592],[129.4338,46.2791],[129.4566,46.3],[129.4679,46.3057],[129.5032,46.3111],[129.5317,46.3297],[129.5464,46.3348],[129.5571,46.3437],[129.5641,46.3685],[129.5617,46.3978],[129.5641,46.4095],[129.569,46.4201],[129.582,46.4394],[129.6041,46.4652],[129.6375,46.4959],[129.6528,46.5063],[129.6934,46.5218],[129.7826,46.544],[129.8247,46.5665],[129.8484,46.5879],[129.859,46.5943],[129.8887,46.6062],[129.8963,46.6112],[129.9048,46.6216],[129.9102,46.63],[129.9129,46.6394],[129.9156,46.6662],[129.9213,46.6748],[129.9639,46.7084],[129.9688,46.7173],[129.9697,46.7283],[129.9679,46.7526],[129.9719,46.7623],[129.9903,46.7741],[130.0109,46.7754],[130.0575,46.7657],[130.0835,46.7634],[130.0955,46.7685],[130.0986,46.7816],[130.0986,46.8035],[130.107,46.8245],[130.1276,46.8325],[130.1526,46.8319],[130.1991,46.8203],[130.2172,46.8187],[130.2333,46.8239],[130.2525,46.8377],[130.273,46.8492],[130.2913,46.8494],[130.332,46.8346]]}},{"type":"Feature","properties":{"scalerank":6,"name":"Min"},"geometry":{"type":"LineString","coordinates":[[103.7162,29.5589],[103.7412,29.5613],[103.7551,29.5563],[103.7632,29.544],[103.789,29.4625],[103.7905,29.4385],[103.794,29.4213],[103.8123,29.3718],[103.8223,29.3563],[103.8429,29.3441],[103.8606,29.3382],[103.8702,29.3284],[103.8663,29.3051],[103.86,29.2984],[103.8521,29.2948],[103.848,29.2896],[103.8526,29.2778],[103.8595,29.2721],[103.8674,29.2718],[103.8766,29.2728],[103.8875,29.271],[103.9029,29.2633],[103.9524,29.2263],[103.9629,29.2091],[103.9701,29.1687],[103.98,29.1512],[104.0048,29.1217],[104.021,29.116],[104.044,29.127],[104.0588,29.112],[104.0699,29.0961],[104.0845,29.0837],[104.1215,29.0772],[104.1308,29.0738],[104.1383,29.0686],[104.1448,29.0623],[104.1572,29.0488],[104.165,29.0426],[104.1748,29.0376],[104.2171,29.0306],[104.2354,29.0235],[104.2431,29.0069],[104.2468,29.0008],[104.2661,28.9922],[104.2741,28.9867],[104.2857,28.9743],[104.2857,28.9711],[104.2732,28.9218],[104.2743,28.9023],[104.2879,28.8837],[104.3075,28.8699],[104.3823,28.8323],[104.4249,28.8166],[104.4541,28.7968],[104.4727,28.7914],[104.4923,28.7919],[104.5112,28.798],[104.5336,28.8194],[104.5475,28.8273],[104.5615,28.8219],[104.5993,28.7844]]}},{"type":"Feature","properties":{"scalerank":7,"name":"Jhelum"},"geometry":{"type":"LineString","coordinates":[[74.5942,34.3796],[74.594,34.3797],[74.5938,34.3799],[74.5857,34.3911],[74.569,34.3985],[74.5497,34.3914],[74.5405,34.3749],[74.5492,34.3365],[74.5442,34.3141],[74.5317,34.3016]]}},{"type":"Feature","properties":{"scalerank":7,"name":"Jhelum"},"geometry":{"type":"LineString","coordinates":[[73.5977,33.321],[73.6,33.3138],[73.6021,33.3011],[73.6015,33.2851],[73.6045,33.2664],[73.6128,33.2493],[73.6256,33.2303],[73.641,33.217],[73.6554,33.2055],[73.6692,33.1878],[73.6729,33.1683],[73.6572,33.1507],[73.643,33.1422]]}},{"type":"Feature","properties":{"scalerank":7,"name":"Jhelum"},"geometry":{"type":"LineString","coordinates":[[74.5317,34.3016],[74.408,34.2689],[74.3759,34.2495],[74.3525,34.2221],[74.3403,34.2144],[74.2989,34.2073],[74.2875,34.1973],[74.2792,34.1859],[74.2695,34.1775],[74.2599,34.1758],[74.2383,34.1782],[74.2285,34.1775],[74.2205,34.1739],[74.1943,34.1571],[74.1739,34.1509],[74.1187,34.1496],[74.0879,34.1364],[74.0537,34.1143],[74.0204,34.0988],[73.992,34.1053],[73.9749,34.1115],[73.9129,34.1018],[73.8963,34.1053],[73.8806,34.1138],[73.8517,34.1365],[73.8186,34.156],[73.7852,34.1662],[73.7076,34.1707],[73.6909,34.175],[73.6602,34.1937],[73.6275,34.203],[73.6108,34.2149],[73.5841,34.239],[73.5392,34.2974],[73.5134,34.324],[73.481,34.3352],[73.4726,34.3358],[73.4668,34.337],[73.4612,34.3372],[73.4539,34.3352],[73.4602,34.319],[73.4879,34.198],[73.4889,34.1809],[73.4869,34.1462],[73.4879,34.1291],[73.5059,34.0679],[73.5161,34.0074],[73.5774,33.91],[73.5801,33.8762],[73.5647,33.8029],[73.574,33.7766],[73.586,33.7617],[73.5934,33.7449],[73.5969,33.7268],[73.5977,33.708],[73.5933,33.6948],[73.5751,33.6626],[73.574,33.6533],[73.5759,33.6469],[73.5706,33.633],[73.574,33.6258],[73.6012,33.6053],[73.6122,33.5925],[73.6227,33.5748],[73.6305,33.5561],[73.6325,33.5401],[73.6287,33.5305],[73.622,33.5274],[73.6157,33.5255],[73.6122,33.519],[73.6124,33.5093],[73.6202,33.4765],[73.6235,33.4689],[73.6259,33.461],[73.6253,33.4513],[73.6199,33.4478],[73.6108,33.446],[73.6017,33.4408],[73.5921,33.4109],[73.5803,33.399],[73.5713,33.3866],[73.574,33.3688],[73.5844,33.3547],[73.5959,33.3421],[73.6008,33.3321],[73.5977,33.321]]}},{"type":"Feature","properties":{"scalerank":7,"name":"Jhelum"},"geometry":{"type":"LineString","coordinates":[[75.3662,33.4444],[75.3569,33.4772],[75.3525,33.4848],[75.3428,33.4923],[75.3246,33.4967],[75.3147,33.5022],[75.2495,33.5537],[75.2076,33.5696],[75.1886,33.5829],[75.1806,33.6053],[75.1743,33.6156],[75.1328,33.6698],[75.11,33.6954],[75.1055,33.7045],[75.1065,33.7174],[75.1109,33.7261],[75.1162,33.7333],[75.1186,33.7424],[75.1162,33.7635],[75.11,33.783],[75.1016,33.8002],[75.0919,33.8144],[75.0852,33.8207],[75.0667,33.8338],[75.0195,33.8796],[75.0073,33.8985],[74.9942,33.9359],[74.9826,33.951],[74.9638,33.9576],[74.9164,33.9649],[74.9068,33.9752],[74.9055,34],[74.9005,34.0149],[74.8901,34.0261],[74.7175,34.1402],[74.6394,34.239],[74.6255,34.2515],[74.6207,34.2585],[74.6187,34.27],[74.621,34.2821],[74.6304,34.302],[74.6325,34.311],[74.6296,34.3331],[74.622,34.3476],[74.5938,34.3799]]}},{"type":"Feature","properties":{"scalerank":7,"name":"Jhelum"},"geometry":{"type":"LineString","coordinates":[[73.643,33.1422],[73.62,33.1236],[73.6381,33.1023],[73.6704,33.0838],[73.7297,33.0616],[73.7612,33.0447],[73.7779,33.0182],[73.7698,32.9777],[73.7637,32.9695],[73.7542,32.9604],[73.7439,32.9525],[73.7354,32.9473],[73.728,32.9401],[73.7129,32.9158],[73.7008,32.9063],[73.6878,32.8988],[73.6803,32.8915],[73.6746,32.8841],[73.6668,32.8759],[73.6238,32.8506],[73.6122,32.8412],[73.6021,32.8204],[73.5903,32.7706],[73.5774,32.7555],[73.5632,32.7471],[73.5562,32.7388],[73.5514,32.7294],[73.5432,32.7176],[73.5327,32.7071],[73.5222,32.7001],[73.4688,32.6774],[73.4185,32.6483],[73.3767,32.6403],[73.3469,32.6305],[73.3303,32.6282],[73.2852,32.6355],[73.2695,32.6351],[73.2666,32.6074],[73.2281,32.597],[73.0657,32.5811],[73.0265,32.5723],[72.9917,32.5498],[72.9761,32.5437],[72.933,32.5432],[72.916,32.5364],[72.8849,32.5118],[72.7748,32.4559],[72.7335,32.442],[72.6935,32.4365],[72.6113,32.4365],[72.6039,32.4336],[72.5917,32.419],[72.5839,32.4129],[72.5724,32.4091],[72.5358,32.4024],[72.5039,32.3814],[72.4845,32.3566],[72.4634,32.3359],[72.4263,32.3273],[72.3999,32.3159],[72.3728,32.2889],[72.3501,32.2571],[72.3365,32.2316],[72.3061,32.1382],[72.3024,32.1075],[72.294,32.0782],[72.2535,32.0328],[72.2403,32.0057],[72.2407,31.9875],[72.2519,31.9486],[72.2553,31.9191],[72.2571,31.9114],[72.2651,31.8952],[72.2669,31.8851],[72.2632,31.8769],[72.2581,31.8692],[72.2546,31.8611],[72.2509,31.8293],[72.2475,31.8159],[72.2329,31.786],[72.2232,31.7708],[72.2117,31.7572],[72.1997,31.7481],[72.1809,31.7288],[72.1672,31.6975],[72.1426,31.5693],[72.1376,31.4985],[72.1314,31.4798],[72.1249,31.4674],[72.1265,31.4595],[72.1299,31.4512],[72.1318,31.4431],[72.1328,31.4335],[72.1376,31.4173],[72.1386,31.4092],[72.1349,31.399],[72.1267,31.3936],[72.1174,31.3892],[72.1113,31.3813],[72.1109,31.3666],[72.1249,31.3131],[72.1249,31.2807],[72.1293,31.2657],[72.142,31.2479],[72.1555,31.2355],[72.1583,31.2294],[72.1592,31.2171],[72.1559,31.2095],[72.1417,31.2005],[72.1386,31.1929],[72.1388,31.1833]]}},{"type":"Feature","properties":{"scalerank":7,"name":"Chulym"},"geometry":{"type":"LineString","coordinates":[[89.5978,56.1525],[89.598,56.1519],[89.6062,56.1508],[89.6068,56.1513]]}},{"type":"Feature","properties":{"scalerank":7,"name":"Chulym"},"geometry":{"type":"LineString","coordinates":[[89.6587,56.1448],[89.6846,56.1363],[89.7017,56.1331],[89.7249,56.1347],[89.7297,56.1358]]}},{"type":"Feature","properties":{"scalerank":7,"name":"Chulym"},"geometry":{"type":"LineString","coordinates":[[89.9928,56.1025],[89.9324,56.0899],[89.9214,56.0847],[89.9022,56.0931],[89.8831,56.0899],[89.8638,56.0826],[89.8425,56.0785],[89.7732,56.0843],[89.7494,56.0785],[89.7339,56.067],[89.7244,56.0535],[89.7131,56.0422],[89.692,56.0375],[89.626,56.0323],[89.6128,56.0375],[89.5987,56.0331],[89.5793,56.0198],[89.5164,56.0098],[89.5061,56.0065],[89.4861,55.9907],[89.4609,55.9805],[89.3442,55.9574],[89.3159,55.9613],[89.2874,55.9792],[89.2717,55.9969],[89.2564,56.0272],[89.2429,56.0438],[89.2756,56.0538],[89.2839,56.0581],[89.2921,56.0682],[89.2951,56.0785],[89.3012,56.087],[89.318,56.0921],[89.3355,56.0917],[89.3458,56.0869],[89.3543,56.0796],[89.3658,56.0716],[89.3721,56.0643],[89.377,56.0599],[89.3836,56.0581],[89.3907,56.0612],[89.3931,56.0682],[89.394,56.0753],[89.3969,56.0785],[89.4259,56.0849],[89.4701,56.1007],[89.5015,56.1053],[89.5164,56.1096],[89.5387,56.1244],[89.5687,56.1562]]}},{"type":"Feature","properties":{"scalerank":7,"name":"Chulym"},"geometry":{"type":"LineString","coordinates":[[90.0701,56.0927],[90.0681,56.0921],[90.0666,56.0931]]}},{"type":"Feature","properties":{"scalerank":7,"name":"Chulym"},"geometry":{"type":"LineString","coordinates":[[90.112,56.0874],[90.1056,56.0847],[90.1052,56.0883]]}},{"type":"Feature","properties":{"scalerank":7,"name":"Chulym"},"geometry":{"type":"LineString","coordinates":[[90.2946,56.0643],[90.289,56.0602],[90.2796,56.0561],[90.2639,56.0581],[90.2515,56.0697]]}},{"type":"Feature","properties":{"scalerank":7,"name":"Chulym"},"geometry":{"type":"LineString","coordinates":[[90.4283,56.0474],[90.4205,56.043],[90.3985,56.0489],[90.3915,56.052]]}},{"type":"Feature","properties":{"scalerank":7,"name":"Chulym"},"geometry":{"type":"LineString","coordinates":[[90.4511,56.0445],[90.4464,56.0435],[90.4404,56.0458],[90.4404,56.0458]]}},{"type":"Feature","properties":{"scalerank":7,"name":"Chulym"},"geometry":{"type":"LineString","coordinates":[[89.7711,54.7695],[89.77,54.7759],[89.7701,54.781],[89.7686,54.7853],[89.7631,54.79],[89.8001,54.847],[89.8047,54.8695],[89.8081,54.878],[89.8163,54.888],[89.8264,54.8963],[89.8357,54.8998],[89.852,54.9037],[89.8554,54.9131],[89.853,54.9245],[89.8525,54.9346],[89.8569,54.9456],[89.8683,54.965],[89.873,54.9755],[89.873,54.9861],[89.8691,54.9937],[89.8679,55.0015],[89.8766,55.0131],[89.8853,55.0299],[89.8862,55.0717],[89.894,55.0922],[89.9324,55.1153],[89.9915,55.1263],[90.0548,55.1271],[90.4168,55.077],[90.4688,55.0797],[90.5178,55.0922],[90.5515,55.1085],[90.6199,55.129],[90.6401,55.1436],[90.6506,55.1468],[90.7582,55.1556],[90.771,55.1537],[90.7825,55.1473],[90.8032,55.1295],[90.8124,55.1258],[90.8372,55.1206],[90.8579,55.1104],[90.8795,55.1026],[90.9077,55.1053],[90.9189,55.1109],[90.9385,55.1269],[90.9492,55.1332],[90.9648,55.1377],[91.0147,55.1401],[91.0234,55.1433],[91.0468,55.1589],[91.0517,55.1643],[91.1668,55.2199],[91.1853,55.2325],[91.2109,55.2438],[91.2765,55.2447],[91.3048,55.2486],[91.3464,55.2704],[91.3624,55.2728],[91.4153,55.2704],[91.4413,55.2733],[91.4678,55.281],[91.4918,55.2917],[91.5109,55.3039],[91.5313,55.3262],[91.5382,55.3319],[91.5779,55.347],[91.5899,55.3554],[91.5994,55.3749],[91.5994,55.3981],[91.5929,55.441],[91.5951,55.4458],[91.6049,55.4494],[91.6072,55.4553],[91.6043,55.46],[91.5911,55.4642],[91.5867,55.4684],[91.5814,55.5041],[91.5764,55.5093],[91.5664,55.5126],[91.5519,55.5272],[91.5416,55.5305],[91.483,55.5373],[91.4778,55.5401],[91.4762,55.5445],[91.4739,55.5485],[91.4666,55.5503],[91.4545,55.5508],[91.4463,55.5526],[91.4137,55.5669],[91.3971,55.5702],[91.3635,55.572],[91.356,55.5751],[91.354,55.582],[91.353,55.5888],[91.3499,55.5919],[91.3403,55.593],[91.323,55.5977],[91.3154,55.5987],[91.1382,55.6048],[91.1069,55.613],[91.105,55.6148],[91.0857,55.6267],[91.0796,55.6373],[91.0779,55.6413],[91.0796,55.6397],[91.079,55.644],[91.0816,55.6481],[91.0847,55.6515],[91.0857,55.654],[91.0828,55.6568],[91.0786,55.6586],[91.0728,55.6602],[91.0684,55.6664],[91.0567,55.675],[91.0517,55.6819],[91.0693,55.6854],[91.0774,55.6937],[91.0779,55.7064],[91.0728,55.7228],[91.0629,55.7401],[91.0507,55.7477],[91.0343,55.7497],[91.0118,55.7495],[91.0118,55.7564],[91.0317,55.7686],[91.0357,55.7873],[91.0312,55.8253],[91.0527,55.8559],[91.0663,55.8701],[91.0693,55.8808],[91.0689,55.892],[91.0665,55.9003],[91.0807,55.9117],[91.0781,55.9261],[91.0679,55.9397],[91.0591,55.9482],[91.0783,55.9591],[91.0857,55.9619],[91.0817,55.9647]]}},{"type":"Feature","properties":{"scalerank":7,"name":"Chulym"},"geometry":{"type":"LineString","coordinates":[[89.6128,54.5982],[89.6382,54.6099],[89.7289,54.6329],[89.7947,54.6673],[89.8115,54.68],[89.8217,54.6912],[89.8367,54.7117],[89.8462,54.7217],[89.872,54.7359],[89.8806,54.7438],[89.8804,54.7564],[89.8614,54.7676],[89.8276,54.7698],[89.7929,54.7669],[89.7711,54.7626]]}},{"type":"Feature","properties":{"scalerank":7,"name":"Chulym"},"geometry":{"type":"LineString","coordinates":[[89.1121,54.0979],[89.0921,54.0845],[89.0816,54.0651],[89.0811,54.0434],[89.0914,54.0228],[89.1174,54.001],[89.1441,53.9936],[89.3525,54.0023],[89.3868,54.0073],[89.407,54.0207],[89.4353,54.0638],[89.4298,54.083],[89.4498,54.1054],[89.4999,54.1426],[89.5116,54.155],[89.5189,54.1651],[89.5225,54.1761],[89.5234,54.1907],[89.5274,54.2044],[89.5379,54.2142],[89.5523,54.22],[89.5679,54.222],[89.5772,54.2283],[89.5769,54.2426],[89.5712,54.2584],[89.5645,54.2692],[89.558,54.2737],[89.5415,54.2813],[89.5337,54.2869],[89.5274,54.3091],[89.5234,54.3177],[89.4757,54.3723],[89.4634,54.3804],[89.4539,54.385],[89.4518,54.3917],[89.462,54.4064],[89.4512,54.414],[89.4533,54.4234],[89.4619,54.4344],[89.4695,54.4473],[89.4395,54.4683],[89.4382,54.4982],[89.4561,54.5284],[89.4832,54.5504],[89.5906,54.5869],[89.6128,54.6056]]}},{"type":"Feature","properties":{"scalerank":7,"name":"Vitim"},"geometry":{"type":"LineString","coordinates":[[111.3227,53.9755],[111.3541,53.9998],[111.4869,54.067],[111.5386,54.0772],[111.5654,54.0786],[111.5753,54.0819],[111.5898,54.0965],[111.5995,54.0997],[111.6442,54.1021],[111.6578,54.1059],[111.6738,54.1162],[111.6901,54.1297],[111.7085,54.1417],[111.7299,54.1468],[111.7388,54.1512],[111.7444,54.1699],[111.7506,54.1742],[111.819,54.1852],[111.8283,54.1885],[111.8354,54.1953],[111.8384,54.2065],[111.8355,54.2304],[111.8354,54.2363],[111.8467,54.2432],[111.8613,54.2441],[111.8766,54.2428],[111.8906,54.2431],[111.9063,54.248],[111.9164,54.2545],[111.9257,54.2624],[111.939,54.2711],[111.9502,54.2745],[111.9749,54.2755],[111.9868,54.2772],[112.0164,54.2899],[112.0278,54.2915],[112.0416,54.2901],[112.0634,54.2845],[112.0756,54.284],[112.0851,54.2862],[112.1072,54.2945],[112.3416,54.338],[112.3814,54.3543],[112.4046,54.3604],[112.4234,54.3612],[112.4331,54.3552],[112.4524,54.3256],[112.4453,54.3116],[112.4448,54.2907],[112.4404,54.2718],[112.4216,54.2635],[112.408,54.2626],[112.3975,54.2596],[112.3887,54.2544],[112.3804,54.2469],[112.3691,54.242],[112.3225,54.2431],[112.2402,54.2327],[112.2271,54.2257],[112.2236,54.2149],[112.2149,54.2051],[112.2035,54.1981],[112.176,54.1929],[112.1694,54.1867],[112.1656,54.1779],[112.1587,54.168],[112.1376,54.1526],[112.0913,54.1295],[112.0722,54.1165],[111.9421,53.9862],[111.9343,53.9764],[111.9314,53.9704],[111.9317,53.952],[111.9348,53.9374],[111.9404,53.9327],[111.9413,53.9299],[111.9317,53.921],[111.9248,53.919],[111.9036,53.9165],[111.8975,53.9141],[111.896,53.9083],[111.898,53.8926],[111.8975,53.8863],[111.8701,53.8391],[111.8732,53.8317],[111.8746,53.8227],[111.8728,53.815],[111.8667,53.8117],[111.8629,53.808],[111.8705,53.7998],[111.8872,53.7872],[111.8997,53.7714],[111.9019,53.7591],[111.8941,53.7497],[111.877,53.7428],[111.9146,53.7314],[111.9248,53.723],[111.9259,53.7125],[111.9216,53.7011],[111.9214,53.692],[111.9353,53.6882],[111.9419,53.6848],[111.9474,53.6765],[111.9512,53.6663],[111.9526,53.6572],[111.9478,53.6527],[111.9185,53.6329],[111.8731,53.6212],[111.8517,53.6109],[111.8428,53.5951],[111.843,53.5755],[111.84,53.5701],[111.8323,53.5613],[111.8297,53.5569],[111.8289,53.5518],[111.8291,53.5411],[111.8248,53.5377],[111.8147,53.5368],[111.795,53.5374],[111.7418,53.5308],[111.7192,53.5198],[111.7231,53.4998],[111.7285,53.4854],[111.7172,53.477],[111.6783,53.4623],[111.6404,53.4334],[111.625,53.4139],[111.6274,53.3878],[111.6167,53.3636],[111.6204,53.3586],[111.6282,53.3535],[111.6349,53.3414],[111.6441,53.3177],[111.6453,53.3125],[111.6441,53.2938],[111.6471,53.29],[111.6607,53.2864],[111.6653,53.2841],[111.6763,53.2652],[111.6812,53.2584],[111.7156,53.231],[111.7356,53.2185],[111.7563,53.2166],[111.7813,53.2295],[111.7837,53.2338],[111.788,53.2467],[111.7916,53.2493],[111.8003,53.2484],[111.8147,53.244],[111.8224,53.2432],[111.926,53.2581],[111.9507,53.2683],[111.9526,53.2841],[111.9672,53.2884],[111.9802,53.2874],[111.9929,53.2847],[112.0073,53.2841],[112.0191,53.2882],[112.0385,53.3012],[112.0659,53.306],[112.0889,53.3154],[112.1035,53.3177],[112.1133,53.3156],[112.1399,53.3061],[112.155,53.304],[112.2416,53.3061],[112.2787,53.3145],[112.2922,53.3192],[112.304,53.3259],[112.309,53.3347],[112.309,53.3466],[112.3106,53.3546],[112.3167,53.3604],[112.3293,53.366],[112.3106,53.3761],[112.2974,53.3898],[112.2971,53.4036],[112.3164,53.4138],[112.3201,53.4122],[112.3306,53.4092],[112.344,53.4068],[112.3569,53.4071],[112.3862,53.4202],[112.3976,53.4213],[112.4125,53.4183],[112.419,53.413],[112.4234,53.4048],[112.4319,53.3934],[112.4414,53.3843],[112.4478,53.3808],[112.4545,53.3785],[112.4661,53.3729],[112.4706,53.372],[112.4816,53.3736],[112.4864,53.3729],[112.4879,53.3696],[112.4922,53.3561],[112.4939,53.3524],[112.509,53.3416],[112.6287,53.2805],[112.7475,53.2425],[112.8024,53.2357],[112.8238,53.2397],[112.8272,53.252],[112.8181,53.2698],[112.8024,53.2904],[112.83,53.3144],[112.891,53.3504],[113.0752,53.4271],[113.1567,53.439],[113.1712,53.4442],[113.2167,53.4732],[113.2335,53.4793],[113.2524,53.4803],[113.2754,53.4759],[113.3003,53.4639],[113.3095,53.4623],[113.3227,53.4652],[113.3316,53.4704],[113.3397,53.4732],[113.3511,53.4685],[113.3638,53.475],[113.3901,53.4844],[113.4024,53.493],[113.4118,53.4964],[113.4225,53.4923],[113.4345,53.4859],[113.4467,53.4821],[113.4374,53.5024],[113.4325,53.5102],[113.4262,53.5169],[113.4348,53.5208],[113.4484,53.5241],[113.4609,53.5248],[113.4666,53.5203],[113.4697,53.5083],[113.4767,53.4991],[113.4839,53.497],[113.4871,53.5067],[113.4961,53.5191],[113.5171,53.5288],[113.5413,53.5351],[113.5593,53.5374],[113.6179,53.5364],[113.6396,53.5388],[113.6495,53.5413],[113.6589,53.5448],[113.7074,53.5755],[113.7273,53.5852],[113.7979,53.6096],[113.8062,53.6162],[113.7958,53.6258],[113.7927,53.6297],[113.8062,53.6432],[113.8145,53.649],[113.8272,53.6546],[113.8406,53.6587],[113.8511,53.6603],[113.8848,53.6567],[113.8984,53.6603],[113.8995,53.6624],[113.9004,53.6666],[113.9022,53.6711],[113.9059,53.6746],[113.9156,53.6788],[113.9199,53.6802],[113.9265,53.6813],[113.9653,53.6774],[113.9822,53.6815],[113.9954,53.7012],[113.9767,53.7139],[113.9727,53.73],[113.9834,53.7438],[114.0087,53.7496],[114.094,53.7564],[114.1177,53.7639],[114.1253,53.7701],[114.1389,53.7867],[114.1456,53.7906],[114.1602,53.7871],[114.188,53.7681],[114.1998,53.767],[114.2246,53.7746],[114.2776,53.7793],[114.3261,53.7901],[114.3457,53.7982],[114.3596,53.812],[114.3648,53.8356],[114.3775,53.8438],[114.4065,53.8441],[114.454,53.8391],[114.481,53.8402],[114.5007,53.845],[114.5168,53.8544],[114.567,53.897],[114.5883,53.9266],[114.5973,53.9346],[114.606,53.9392],[114.6133,53.9409],[114.6196,53.9395],[114.6248,53.9346],[114.6475,53.9448],[114.6719,53.951],[114.7243,53.9551],[114.7334,53.9571],[114.7459,53.9619],[114.7571,53.9675],[114.762,53.9725],[114.7673,53.9815],[114.7805,53.9819],[114.8098,53.9755],[114.8331,53.9761],[114.86,53.9806],[114.8852,53.9886],[114.9024,53.9998],[114.944,54.0178],[114.9575,54.0193],[114.9664,54.0235],[114.9816,54.037],[114.9838,54.0403],[114.9854,54.0477],[114.9885,54.0513],[114.9937,54.0539],[115.0048,54.0567],[115.0269,54.0679],[115.0326,54.0763],[115.026,54.0888],[115.0232,54.0985],[115.0313,54.1062],[115.0435,54.1114],[115.0694,54.1155],[115.0801,54.1208],[115.0984,54.1332],[115.1441,54.1484],[115.1645,54.1617],[115.1729,54.1848],[115.1792,54.2106],[115.1953,54.2197],[115.2175,54.2224],[115.2417,54.2288],[115.2491,54.2346],[115.2612,54.2501],[115.2691,54.2567],[115.2813,54.2603],[115.3106,54.2623],[115.3208,54.2673],[115.3432,54.2845],[115.4911,54.3287],[115.5025,54.3356],[115.5061,54.3451],[115.5134,54.3549],[115.5177,54.3654],[115.5077,54.3884],[115.5143,54.3973],[115.5261,54.4036],[115.5366,54.4076],[115.5484,54.4102],[115.5727,54.4116],[115.5842,54.4144],[115.6182,54.4387],[115.6294,54.4423],[115.7966,54.4724],[115.8233,54.4814],[115.86,54.4862],[115.9092,54.4998],[115.9338,54.5038],[115.9853,54.5002],[116.0108,54.502],[116.0333,54.5137],[116.0454,54.5179],[116.0918,54.5168],[116.1054,54.5183],[116.1397,54.5305],[116.1904,54.5385],[116.4579,54.5168],[116.4692,54.5137],[116.479,54.5069],[116.4868,54.5001],[116.4922,54.4969],[116.5082,54.4976],[116.5166,54.5004],[116.5226,54.5064],[116.5309,54.5168],[116.5265,54.5242],[116.5259,54.5307],[116.5309,54.5379],[116.5382,54.5417],[116.5438,54.5406],[116.5497,54.5382],[116.5581,54.5379],[116.5867,54.5428],[116.6733,54.5479],[116.7036,54.5541],[116.7234,54.5653],[116.7267,54.5748],[116.7241,54.5821],[116.7234,54.5903],[116.7326,54.6028],[116.7413,54.609],[116.7774,54.6267],[116.7722,54.6317],[116.7703,54.6351],[116.7681,54.6378],[116.7631,54.6403],[116.7698,54.6591],[116.7701,54.677],[116.774,54.6904],[116.8115,54.7009],[116.8425,54.7244],[116.8655,54.7298],[116.8837,54.7376],[116.8818,54.7558],[116.8661,54.7912],[116.8735,54.8033],[116.8901,54.8124],[116.9274,54.826],[116.9181,54.8411],[116.9234,54.8856],[116.8849,54.905],[116.8796,54.9287],[116.8845,54.956],[116.8927,54.9768],[116.8751,54.9763],[116.8731,54.9846],[116.8757,54.9958],[116.8723,55.0041],[116.8604,55.005],[116.8445,55.0035],[116.8306,55.0049],[116.8245,55.014],[116.8291,55.0235],[116.838,55.034],[116.8447,55.0448],[116.8416,55.0552],[116.8159,55.0739],[116.8108,55.0792],[116.8103,55.0852],[116.813,55.0916],[116.8176,55.0996],[116.8145,55.1043],[116.8081,55.1088],[116.7918,55.1336],[116.7825,55.1437],[116.7739,55.1481],[116.7284,55.1424],[116.7158,55.1446],[116.6675,55.1685],[116.6308,55.1762],[116.6191,55.1822],[116.6148,55.1882],[116.6099,55.1973],[116.6035,55.2058],[116.5951,55.2095],[116.5758,55.2134],[116.5092,55.2437],[116.476,55.2532],[116.4688,55.2579],[116.465,55.2698],[116.4673,55.2945],[116.465,55.302],[116.457,55.3106],[116.4566,55.316],[116.4594,55.3213],[116.4614,55.329],[116.4583,55.3404],[116.4502,55.3447],[116.4391,55.3472],[116.4273,55.3535],[116.4157,55.3685],[116.4055,55.3868],[116.3933,55.4023],[116.376,55.4088],[116.1777,55.3907],[116.1314,55.3745],[116.1084,55.3852],[116.0715,55.415],[116.0481,55.4156],[115.9967,55.399],[115.9717,55.3945],[115.9636,55.3979],[115.9449,55.4138],[115.9413,55.4184],[115.9387,55.4282],[115.9346,55.4323],[115.9337,55.4373],[115.9413,55.4497],[115.9495,55.4561],[115.9588,55.4599],[115.9661,55.4654],[115.9679,55.4764],[115.9631,55.4829],[115.9522,55.4923],[115.94,55.5007],[115.9102,55.5103],[115.8951,55.5255],[115.8867,55.5454],[115.8859,55.5658],[115.8901,55.5767],[115.9031,55.5962],[115.9065,55.6068],[115.9043,55.617],[115.8982,55.6221],[115.8928,55.6283],[115.8922,55.6415],[115.8966,55.6468],[115.9049,55.6538],[115.9121,55.663],[115.9133,55.675],[115.9068,55.6846],[115.8955,55.6913],[115.8818,55.6949],[115.8689,55.6961],[115.8448,55.7049],[115.8459,55.7257],[115.8655,55.7712],[115.8628,55.7905],[115.848,55.8348],[115.8445,55.8569],[115.853,55.8778],[115.891,55.9058],[115.8997,55.9252],[115.897,55.9481],[115.8893,55.9653],[115.8762,55.9786],[115.858,55.9903],[115.8144,56.0068],[115.7969,56.0194],[115.7856,56.0534],[115.7667,56.0681],[115.7625,56.076],[115.7649,56.0858],[115.7713,56.0925],[115.7898,56.107],[115.7749,56.1187],[115.7701,56.137],[115.7776,56.1541],[115.8001,56.1616],[115.8096,56.1629],[115.8222,56.1663],[115.833,56.1718],[115.8376,56.179],[115.8334,56.1888],[115.823,56.1931],[115.7966,56.1964],[115.7737,56.2057],[115.7599,56.2189],[115.719,56.2687],[115.6943,56.3097],[115.688,56.3267],[115.6876,56.3377],[115.6929,56.3572],[115.6936,56.3677],[115.6907,56.3782],[115.6824,56.3937],[115.6806,56.3981],[115.6838,56.4246],[115.6943,56.4393],[115.7135,56.4444],[115.742,56.4428],[115.7651,56.4363],[115.7779,56.4342],[115.7898,56.4366],[115.7969,56.4442],[115.8012,56.4557],[115.8005,56.4661],[115.787,56.4739],[115.7686,56.4875],[115.7043,56.5079],[115.6948,56.5133],[115.6863,56.5193],[115.6806,56.5254],[115.6725,56.5399],[115.6734,56.5473],[115.678,56.553],[115.688,56.5838],[115.6879,56.5954],[115.6772,56.6005],[115.6612,56.6024],[115.6123,56.6141],[115.4905,56.6199],[115.4356,56.6411],[115.4341,56.6898],[115.4495,56.7005],[115.4761,56.7092],[115.5508,56.7213],[115.5713,56.732],[115.5873,56.7473],[115.5986,56.765],[115.6057,56.7869],[115.6072,56.8075],[115.6049,56.8438],[115.5996,56.868],[115.5908,56.8856],[115.5891,56.902],[115.6049,56.9226],[115.6221,56.9337],[115.6708,56.9534],[115.6907,56.9567],[115.7109,56.9636],[115.7625,57.0113],[115.8048,57.0313],[116.0475,57.0822],[116.09,57.099],[116.1262,57.1212],[116.1703,57.1414],[116.2753,57.1538],[116.3248,57.1696],[116.4188,57.2211],[116.4378,57.2407],[116.4509,57.2762],[116.4579,57.2855],[116.5006,57.3173],[116.5092,57.3301],[116.5089,57.3536],[116.4975,57.3754],[116.465,57.4092],[116.4509,57.4341],[116.4564,57.4591],[116.4736,57.4825],[116.4956,57.5021],[116.5491,57.5371],[116.5745,57.5606],[116.575,57.5806],[116.5438,57.5991],[116.4723,57.6224],[116.4409,57.6455],[116.3997,57.6866],[116.378,57.7023],[116.3517,57.7175],[116.332,57.7257],[116.2696,57.7416],[116.2117,57.7655],[116.1795,57.7727],[116.1262,57.8],[116.1069,57.8059],[116.0868,57.8048],[116.0674,57.7987],[116.0505,57.7894],[116.0341,57.773],[116.0235,57.7513],[116.018,57.7274],[116.0164,57.7041],[115.9941,57.6494],[115.9395,57.6121],[115.8721,57.5908],[115.3652,57.5151],[115.3258,57.5167],[115.2979,57.5282],[115.2754,57.5477],[115.252,57.5734],[115.2354,57.7451],[115.219,57.767],[115.1808,57.7694],[115.1051,57.7621],[115.0874,57.7664],[115.0776,57.7717],[115.0709,57.7789],[115.0636,57.7894],[115.0505,57.8145],[115.042,57.8258],[115.0298,57.8304],[114.9591,57.847],[114.944,57.8546],[114.9327,57.8625],[114.8935,57.8813],[114.8787,57.8851],[114.8477,57.8745],[114.8066,57.827],[114.7759,57.8161],[114.7008,57.8192],[114.6259,57.8317],[114.5567,57.858],[114.4988,57.9027],[114.4684,57.918],[114.4224,57.9258],[114.3374,57.926],[114.3212,57.923],[114.2759,57.9061],[114.227,57.8758],[114.2135,57.8714],[114.1975,57.8682],[114.1631,57.8541],[114.0624,57.8441],[113.9819,57.8455],[113.9401,57.8417],[113.8948,57.8201],[113.8751,57.8195],[113.8555,57.8245],[113.8248,57.8444],[113.8034,57.8511],[113.7246,57.8662],[113.6943,57.8773],[113.6679,57.8936],[113.614,57.9387],[113.5855,57.9521],[113.4815,57.9768],[113.3384,58.0694],[113.2754,58.0911],[113.2522,58.1133],[113.2615,58.1284],[113.3132,58.1556],[113.3362,58.1813],[113.3389,58.203],[113.3228,58.2208],[113.2891,58.2351],[113.1345,58.2635],[113.0613,58.2852],[113.0518,58.2861],[113.021,58.2845],[112.9791,58.2921],[112.9588,58.2983],[112.8799,58.3327],[112.8526,58.3489],[112.8297,58.3723],[112.8121,58.4241],[112.8281,58.4705],[112.8987,58.5566],[112.9114,58.5777],[112.917,58.5991],[112.9145,58.6206],[112.9018,58.6423],[112.8991,58.6646],[112.9125,58.6809]]}},{"type":"Feature","properties":{"scalerank":7,"name":"Fuchun"},"geometry":{"type":"LineString","coordinates":[[119.1956,29.5037],[119.1768,29.5112],[119.1522,29.5157],[119.1035,29.5267],[119.0774,29.5381],[118.9746,29.5886],[118.94,29.6175],[118.918,29.644],[118.8971,29.6556],[118.8757,29.6568],[118.8556,29.6605],[118.8315,29.6719],[118.8059,29.6821],[118.7839,29.6937],[118.7595,29.7052],[118.7373,29.721],[118.7178,29.7263]]}},{"type":"Feature","properties":{"scalerank":7,"name":"Fuchun"},"geometry":{"type":"LineString","coordinates":[[117.7852,29.7073],[117.794,29.7152],[117.814,29.7431],[117.8311,29.7567],[117.8477,29.755],[117.8963,29.7181],[117.9767,29.6755],[117.9864,29.6731],[117.9999,29.6741],[118.0077,29.6773],[118.0302,29.6944],[118.0358,29.6976],[118.0418,29.6994],[118.0479,29.6992],[118.0547,29.6965],[118.0655,29.682],[118.0728,29.6619],[118.0814,29.6456],[118.0959,29.6422],[118.1213,29.6447],[118.1596,29.634],[118.1838,29.639],[118.2748,29.683],[118.302,29.7006],[118.3505,29.7452],[118.377,29.7614],[118.4049,29.7637],[118.426,29.7499],[118.4622,29.7091],[118.4695,29.7049],[118.4981,29.6929],[118.5303,29.6839],[118.5581,29.6877],[118.6157,29.7117],[118.666,29.7255],[118.692,29.7282],[118.7178,29.7263]]}},{"type":"Feature","properties":{"scalerank":7,"name":"Fuchun"},"geometry":{"type":"LineString","coordinates":[[119.1956,29.5037],[119.2387,29.48],[119.274,29.4896],[119.3081,29.5099],[119.3469,29.518],[119.3476,29.5159],[119.3502,29.5113],[119.3547,29.5064],[119.3606,29.5037],[119.3661,29.5042],[119.416,29.5266],[119.4221,29.5279],[119.4335,29.532],[119.5045,29.5384],[119.5349,29.5559],[119.5689,29.5845],[119.5997,29.6172],[119.6206,29.6471],[119.6555,29.77],[119.6753,29.8054],[119.7511,29.87],[119.7685,29.8725],[119.7864,29.8729],[119.8057,29.8799],[119.823,29.8955],[119.8638,29.9525],[119.8721,29.9591],[119.8906,29.9676],[119.8984,29.9733],[119.9081,29.9842],[119.9292,30.0176],[119.9453,30.0375],[119.9599,30.0451],[120.0258,30.0469],[120.0454,30.0519],[120.1228,30.0828],[120.1404,30.0935],[120.1588,30.1105],[120.1602,30.1249],[120.1288,30.1533],[120.121,30.1685],[120.123,30.1802],[120.128,30.1893],[120.1366,30.1947],[120.1489,30.1958]]}},{"type":"Feature","properties":{"scalerank":7,"name":"Mae Klong"},"geometry":{"type":"LineString","coordinates":[[99.0392,15.0436],[99.0458,15.0327],[99.0598,15.0157],[99.0741,15.0036],[99.0846,14.9891],[99.0913,14.9664],[99.103,14.9411],[99.1087,14.9226],[99.0897,14.9064],[99.0688,14.8907],[99.0615,14.8749],[99.0532,14.8586],[99.0432,14.8435],[99.0375,14.8263],[99.0366,14.8104],[99.037,14.7884],[99.0333,14.764],[99.0336,14.7417],[99.04,14.7144],[99.0499,14.5737],[99.0623,14.5315],[99.0796,14.4942],[99.0986,14.4694],[99.1399,14.4231],[99.1493,14.4105]]}},{"type":"Feature","properties":{"scalerank":7,"name":"Mae Klong"},"geometry":{"type":"LineString","coordinates":[[98.8916,16.1756],[98.888,16.1038],[98.881,16.0931],[98.8677,16.0869],[98.856,16.0713],[98.8511,16.0511],[98.8574,16.0311],[98.8359,16.0191],[98.8234,16.0079],[98.8179,15.9938],[98.8164,15.973],[98.8237,15.9061],[98.8295,15.8877],[98.8504,15.86],[98.8576,15.8415],[98.8468,15.8331],[98.8391,15.8221],[98.809,15.7642],[98.8103,15.7491],[98.8203,15.7141],[98.8227,15.6922],[98.8289,15.6771],[98.8825,15.6109],[98.8945,15.5904],[98.8971,15.5729],[98.8331,15.5393],[98.8227,15.5314],[98.8169,15.516],[98.8201,15.501],[98.8262,15.4849],[98.8328,15.4478],[98.8411,15.4347],[98.8643,15.4147],[98.8877,15.3842],[98.8997,15.3626],[98.895,15.3526],[98.8859,15.3438],[98.8909,15.3233],[98.9023,15.3004],[98.9126,15.2844],[98.9015,15.2739],[98.9036,15.2614],[98.9189,15.2298],[98.9208,15.211],[98.9201,15.1934],[98.9224,15.1766],[98.9325,15.1608],[98.9391,15.1585],[98.9595,15.1566],[98.9659,15.1541],[98.969,15.1473],[98.9741,15.1199],[98.985,15.0967],[98.992,15.0875],[99.0392,15.0436]]}},{"type":"Feature","properties":{"scalerank":7,"name":"Mae Klong"},"geometry":{"type":"LineString","coordinates":[[99.1493,14.4105],[99.1531,14.4085],[99.1546,14.4046],[99.1555,14.3994],[99.1584,14.3937],[99.1606,14.3881],[99.1627,14.3725],[99.1653,14.3664],[99.1714,14.3614],[99.187,14.3557],[99.1925,14.3521],[99.2086,14.3222],[99.2168,14.3179],[99.2246,14.3054],[99.228,14.292]]}},{"type":"Feature","properties":{"scalerank":7,"name":"Yom"},"geometry":{"type":"LineString","coordinates":[[100.6126,18.0397],[100.5906,18.036],[100.5685,18.0272],[100.5449,18.0128],[100.5263,17.9974],[100.4859,17.9375],[100.4741,17.9105],[100.4707,17.8869],[100.4878,17.8633],[100.5115,17.8443],[100.525,17.8261],[100.5401,17.7967],[100.5519,17.7766]]}},{"type":"Feature","properties":{"scalerank":7,"name":"Yom"},"geometry":{"type":"LineString","coordinates":[[101.1807,19.3276],[101.1729,19.3439],[101.1621,19.4151],[101.1524,19.4462],[101.1118,19.5131],[101.1011,19.524],[101.075,19.5416],[101.064,19.5541],[101.0571,19.5541],[101.0469,19.5411],[101.0274,19.5247],[101.0056,19.5162],[100.9882,19.5268],[100.9814,19.5268],[100.9727,19.5172],[100.9626,19.5155],[100.9324,19.5211],[100.9265,19.5242],[100.9216,19.5259],[100.9163,19.523],[100.8877,19.4997],[100.8798,19.4857],[100.8738,19.4698],[100.8715,19.4579],[100.8753,19.4443],[100.8814,19.431],[100.8836,19.4209],[100.854,19.4049],[100.8463,19.3769],[100.8469,19.3448],[100.8545,19.2922],[100.8504,19.2639],[100.8379,19.2401],[100.8163,19.2252],[100.8163,19.2177],[100.8238,19.2144],[100.8292,19.2086],[100.8374,19.191],[100.8218,19.1826],[100.8145,19.173],[100.809,19.1251],[100.7896,19.0737],[100.7875,19.0552],[100.7896,19.0122],[100.7765,18.9601],[100.776,18.944],[100.7804,18.9258],[100.7887,18.909],[100.7991,18.8943],[100.8101,18.8819],[100.8194,18.8782],[100.8281,18.8808],[100.8342,18.8804],[100.8374,18.8682],[100.8101,18.8483],[100.8052,18.8332],[100.8005,18.7952],[100.7959,18.7795],[100.7759,18.7537],[100.7689,18.7369],[100.776,18.7242],[100.7685,18.7208],[100.7616,18.7168],[100.7623,18.7125],[100.7631,18.7116],[100.7649,18.7118],[100.7685,18.7106],[100.7628,18.6999],[100.7637,18.6896],[100.7689,18.6796],[100.776,18.6702],[100.7616,18.6628],[100.7719,18.6579],[100.776,18.6566],[100.7627,18.6413],[100.7676,18.5945],[100.7616,18.5734],[100.766,18.5721],[100.7691,18.5706],[100.7715,18.569],[100.773,18.5672],[100.7741,18.5631],[100.7745,18.5529],[100.776,18.5467],[100.7959,18.5089],[100.8013,18.503],[100.8251,18.4979],[100.8306,18.4949],[100.8342,18.4605],[100.8374,18.4505],[100.853,18.4221],[100.8624,18.3995],[100.8613,18.389],[100.8749,18.3817],[100.8878,18.3643],[100.897,18.3439],[100.8995,18.3276],[100.8906,18.3087],[100.8635,18.2936],[100.8579,18.2761],[100.8538,18.2539],[100.8442,18.2395],[100.8328,18.2269],[100.8237,18.2103],[100.8198,18.1884],[100.8198,18.1699],[100.8174,18.1536],[100.8067,18.1383],[100.7033,18.0504],[100.6731,18.0377],[100.6455,18.0465],[100.6375,18.0422],[100.6279,18.0406],[100.6126,18.0397]]}},{"type":"Feature","properties":{"scalerank":7,"name":"Yom"},"geometry":{"type":"LineString","coordinates":[[100.5519,17.7766],[100.5557,17.7708],[100.5605,17.7668],[100.5668,17.7652],[100.5674,17.7595],[100.5514,17.7473],[100.5322,17.7363],[100.5227,17.7342],[100.5053,17.7188],[100.4673,17.7068],[100.4312,17.7059],[100.419,17.7237],[100.4129,17.7237],[100.4055,17.7139],[100.3972,17.7112],[100.3897,17.7149],[100.3849,17.7237],[100.3711,17.6956],[100.3513,17.6802],[100.2554,17.6442],[100.2378,17.6418],[100.2276,17.6433],[100.2226,17.648],[100.2207,17.6555],[100.2205,17.6656],[100.2169,17.6667],[100.1931,17.6691],[100.1475,17.6558],[100.1264,17.6459],[100.1174,17.6312],[100.1145,17.6275],[100.1084,17.6221],[100.1036,17.6138],[100.1044,17.6008],[100.1098,17.5961],[100.1386,17.5803],[100.1311,17.5598],[100.1272,17.5626],[100.1174,17.5672],[100.1135,17.5495],[100.1166,17.5369],[100.1221,17.5231],[100.1279,17.4811],[100.1392,17.4444],[100.1386,17.4295],[100.1323,17.4217],[100.1246,17.4202],[100.117,17.4199],[100.1106,17.4158],[100.1104,17.4069],[100.1157,17.3981],[100.1177,17.3912],[100.1075,17.3885],[100.0864,17.377],[100.0801,17.3748],[100.0724,17.3697],[100.0694,17.3578],[100.0702,17.3333],[100.0738,17.3142],[100.0872,17.284],[100.09,17.2687],[100.0847,17.251],[100.0737,17.2379],[100.064,17.2237],[100.0634,17.2029],[100.0776,17.1725],[100.1017,17.1437],[100.1666,17.085],[100.1773,17.0703],[100.1803,17.0567],[100.1651,17.0521],[100.1651,17.0459],[100.1767,17.0414],[100.2,17.0248],[100.2,17.0186],[100.1863,17.0186],[100.1863,17.0111],[100.2012,17.0015],[100.208,16.9882],[100.2126,16.9728],[100.2205,16.9565],[100.2067,16.9565],[100.2067,16.9497],[100.2175,16.944],[100.2188,16.9345],[100.2177,16.9224],[100.2205,16.9087],[100.2241,16.9063],[100.2376,16.9026],[100.2409,16.9012],[100.2485,16.8746],[100.2478,16.8697],[100.2436,16.8662],[100.2398,16.8619],[100.2409,16.8541],[100.2581,16.8485],[100.262,16.8466],[100.2685,16.8383],[100.2724,16.8309],[100.2729,16.8229],[100.2689,16.8131],[100.2594,16.805],[100.2485,16.8034],[100.2372,16.8032],[100.2273,16.7989],[100.2177,16.7869],[100.2169,16.7777],[100.2378,16.7402],[100.2825,16.6828],[100.2773,16.6742],[100.275,16.6691],[100.2689,16.6691],[100.2549,16.6766],[100.2539,16.6606],[100.262,16.6245],[100.2608,16.613],[100.2558,16.5936],[100.2546,16.5835],[100.2561,16.5722],[100.262,16.5509],[100.262,16.5382],[100.2715,16.5425],[100.275,16.545],[100.2793,16.5392],[100.2815,16.5327],[100.2825,16.5146],[100.2867,16.5101],[100.2962,16.5114],[100.3056,16.5161],[100.314,16.5257],[100.3228,16.5247],[100.3321,16.5211],[100.3372,16.5183],[100.3391,16.5097],[100.3365,16.4868],[100.3372,16.4774],[100.3447,16.4619],[100.3818,16.4187],[100.3904,16.403],[100.3884,16.3894],[100.384,16.374],[100.3849,16.3532],[100.3889,16.351],[100.396,16.3512],[100.4029,16.3483],[100.4081,16.3264],[100.417,16.308],[100.419,16.302],[100.4259,16.2505],[100.4265,16.2303],[100.4236,16.2103],[100.4146,16.1819],[100.4028,16.1109],[100.4059,16.0999],[100.4059,16.0931],[100.3888,16.0677],[100.3753,16.0378],[100.3565,16.0098],[100.3234,15.9901],[100.3274,15.9808],[100.3206,15.9698],[100.303,15.9492],[100.2998,15.9373],[100.2962,15.8973],[100.2887,15.8897],[100.2559,15.875],[100.2485,15.8638],[100.251,15.8358],[100.2475,15.8256],[100.2348,15.8188],[100.2367,15.816],[100.2372,15.8149],[100.238,15.814],[100.2409,15.812],[100.2409,15.8057],[100.2382,15.8039],[100.2367,15.804],[100.2358,15.8031],[100.2348,15.7983],[100.2273,15.7983],[100.2251,15.8028],[100.2222,15.8077],[100.2205,15.812],[100.2143,15.812],[100.2175,15.8023],[100.2246,15.7956],[100.2316,15.7921],[100.2348,15.7921],[100.2329,15.7816],[100.228,15.7785],[100.223,15.7762],[100.2205,15.7676],[100.2173,15.7624],[100.2031,15.7569],[100.2,15.7539],[100.1964,15.7547],[100.1886,15.7478],[100.1816,15.7398],[100.1795,15.7369],[100.1407,15.7066]]}},{"type":"Feature","properties":{"scalerank":7,"name":"Chambal"},"geometry":{"type":"LineString","coordinates":[[75.5171,24.77],[75.5265,24.7745],[75.5484,24.7816],[75.5693,24.793],[75.5921,24.8101],[75.5999,24.8349],[75.5957,24.8597],[75.5886,24.8765],[75.5774,24.9102],[75.5717,24.9187]]}},{"type":"Feature","properties":{"scalerank":7,"name":"Chambal"},"geometry":{"type":"LineString","coordinates":[[75.5717,24.9187],[75.5545,24.9473],[75.5737,24.9711],[75.6338,25.0087],[75.719,25.0834],[75.7429,25.1112],[75.7329,25.1215],[75.735,25.1308],[75.7442,25.1388],[75.756,25.1453],[75.7662,25.1487],[75.774,25.1483],[75.7822,25.1463],[75.7942,25.1453],[75.8071,25.155],[75.8453,25.2142],[75.9044,25.2733],[75.9177,25.283],[75.9309,25.2837],[75.9355,25.2808],[75.9453,25.2725],[75.9518,25.2637],[75.9639,25.2403],[75.9695,25.2346],[75.9863,25.2375],[76.0043,25.2502],[76.0183,25.2662],[76.0241,25.2794],[76.023,25.3218],[76.0325,25.3334],[76.0582,25.3445],[76.0634,25.3478],[76.0669,25.3555],[76.0719,25.3582],[76.0762,25.3563],[76.0886,25.3466],[76.093,25.3445],[76.1049,25.3461],[76.1192,25.3504],[76.1299,25.3513],[76.1409,25.3547],[76.1384,25.3629],[76.1309,25.3729],[76.1265,25.3817],[76.1279,25.3902],[76.1675,25.4829],[76.1777,25.4984],[76.186,25.5017],[76.2117,25.5008],[76.2227,25.5021],[76.2283,25.5066],[76.2334,25.5133],[76.2408,25.5194],[76.2532,25.522],[76.2705,25.5295],[76.2772,25.5472],[76.2792,25.6107],[76.2836,25.6274],[76.2934,25.6413],[76.3115,25.6592],[76.2971,25.6744],[76.2852,25.6916],[76.2849,25.708],[76.3047,25.7206],[76.3223,25.7145],[76.3423,25.7327],[76.3633,25.7569],[76.3838,25.7691],[76.3971,25.7713],[76.4338,25.7852],[76.4456,25.7933],[76.4633,25.8143],[76.4698,25.8243],[76.4766,25.838],[76.4692,25.8442],[76.4873,25.8516],[76.5098,25.8535],[76.5548,25.8516],[76.5593,25.8544],[76.5828,25.8755],[76.5919,25.8807],[76.6106,25.8815],[76.6206,25.8851],[76.6275,25.8931],[76.6362,25.9143],[76.641,25.9205],[76.6518,25.9227],[76.7044,25.9188],[76.7156,25.9161],[76.7271,25.9163],[76.74,25.9233],[76.7599,25.9459],[76.7703,25.954],[76.7791,25.958],[76.7877,25.9603],[76.796,25.9646],[76.8043,25.9745],[76.8075,25.9854],[76.8075,25.9969],[76.8088,26.0083],[76.8154,26.0189],[76.8732,26.052],[76.8875,26.0639],[76.8927,26.0738],[76.8953,26.0826],[76.8991,26.0908],[76.908,26.0987],[76.9375,26.1043],[76.9456,26.1082],[76.9599,26.1229],[76.9693,26.1295],[76.9918,26.1359],[76.9986,26.1451],[77.0037,26.1563],[77.0103,26.1663],[77.019,26.1717],[77.0491,26.1844],[77.0619,26.1868],[77.0757,26.1846],[77.0823,26.1853],[77.0899,26.1905],[77.0949,26.1988],[77.0971,26.2149],[77.0999,26.2215],[77.1248,26.2379],[77.1524,26.2396],[77.1811,26.2374],[77.2097,26.242],[77.2301,26.2625],[77.2542,26.2747],[77.2664,26.2845],[77.2812,26.2943],[77.2881,26.3001],[77.2944,26.3083],[77.3014,26.3245],[77.3052,26.3314],[77.3233,26.3521],[77.3357,26.3612],[77.3496,26.3649],[77.3805,26.3642],[77.395,26.3662],[77.4076,26.3724],[77.415,26.3649],[77.4312,26.3737],[77.4324,26.3863],[77.4314,26.4002],[77.4418,26.4134],[77.4596,26.4168],[77.4999,26.4117],[77.5144,26.4164],[77.526,26.4263],[77.5654,26.4475],[77.6168,26.483],[77.6311,26.4884],[77.6458,26.4905],[77.6808,26.4999],[77.6993,26.5021],[77.715,26.506],[77.7266,26.5156],[77.7441,26.5362],[77.7727,26.5485],[77.809,26.5594],[77.8315,26.5758],[77.819,26.6051],[77.8699,26.6194],[77.8806,26.6256],[77.8859,26.6342],[77.8891,26.6517],[77.8942,26.6597],[77.9026,26.6641],[77.9136,26.6661],[77.9321,26.6666],[77.95,26.6699],[77.9783,26.6844],[78.0037,26.6939],[78.0128,26.6956],[78.0215,26.6911],[78.0291,26.6853],[78.0383,26.6818],[78.0488,26.6803],[78.0593,26.6802],[78.0793,26.683],[78.0851,26.6895],[78.085,26.7016],[78.0873,26.7212],[78.09,26.7281],[78.0986,26.741],[78.1004,26.7429],[78.0999,26.7535],[78.0942,26.7703],[78.0928,26.7799],[78.1012,26.7952],[78.1199,26.7947],[78.1515,26.7833],[78.165,26.792],[78.169,26.8222],[78.1822,26.8174],[78.2042,26.8248],[78.2192,26.8239],[78.2338,26.8199],[78.2549,26.8174],[78.2581,26.8214],[78.2722,26.8447],[78.2803,26.8515],[78.2861,26.8549],[78.3261,26.8599],[78.3506,26.8585],[78.3713,26.8511],[78.3849,26.8269],[78.396,26.8242],[78.4187,26.8248],[78.428,26.8226],[78.4335,26.8167],[78.4382,26.8088],[78.4461,26.8],[78.4615,26.7923],[78.4986,26.7883],[78.5181,26.7833],[78.5635,26.7586],[78.5833,26.7559],[78.5952,26.7585],[78.6016,26.7644],[78.6065,26.7712],[78.6143,26.7764],[78.6226,26.7774],[78.6426,26.7752],[78.6552,26.7764],[78.6933,26.7979],[78.7101,26.7989],[78.7241,26.7764],[78.7343,26.7855],[78.7454,26.7893],[78.7545,26.7858],[78.7582,26.773],[78.762,26.7652],[78.7708,26.7636],[78.782,26.7639],[78.7925,26.7622],[78.812,26.7477],[78.8423,26.712],[78.8613,26.7013],[78.8735,26.7006],[78.905,26.7082],[78.9194,26.7079],[78.926,26.7062],[78.9358,26.6945],[78.9378,26.687],[78.9378,26.6778],[78.9412,26.6699],[78.9531,26.6666],[78.9848,26.6738],[78.9972,26.674],[78.9942,26.6337],[79.0263,26.5915],[79.0732,26.5562],[79.1145,26.5362],[79.1632,26.5314],[79.185,26.5252],[79.1964,26.5089],[79.1929,26.4976],[79.1848,26.4877],[79.1826,26.4797],[79.1964,26.4748],[79.2074,26.4776],[79.2449,26.5021]]}},{"type":"Feature","properties":{"scalerank":7,"name":"Zeya"},"geometry":{"type":"LineString","coordinates":[[127.3228,53.7541],[127.3234,53.7552],[127.3367,53.7829],[127.401,53.8323],[127.4334,53.87],[127.4454,53.904],[127.4605,53.9352],[127.4924,53.9683],[127.574,54.0103],[127.6197,54.0443],[127.6655,54.082],[127.6983,54.1048],[127.7569,54.1166],[127.8274,54.1348],[127.8682,54.1512],[127.872,54.1836],[127.8533,54.2327],[127.8119,54.2674],[127.7595,54.3019],[127.7348,54.3502],[127.7322,54.3984],[127.7554,54.4417],[127.8064,54.4849],[127.8591,54.5152],[127.9028,54.5491],[127.9346,54.5779],[127.9942,54.5862],[128.09,54.5893],[128.2158,54.6024],[128.2737,54.5937],[128.3972,54.5813],[128.4667,54.5822],[128.5084,54.6109],[128.5387,54.6369],[128.5875,54.6481],[128.6549,54.6474],[128.7039,54.658],[128.7485,54.6644],[128.8027,54.658],[128.84,54.6598],[128.8866,54.6654],[129.0151,54.6901],[129.0933,54.6709],[129.1659,54.6407],[129.2158,54.6354],[129.242,54.6329]]}},{"type":"Feature","properties":{"scalerank":7,"name":"Zeya"},"geometry":{"type":"LineString","coordinates":[[130.6684,55.5692],[130.6362,55.5426],[130.6285,55.5306],[130.626,55.5108],[130.623,55.4984],[130.6088,55.4793],[130.6056,55.4702],[130.6052,55.4582],[130.6036,55.4465],[130.5996,55.4354],[130.5919,55.4251],[130.5816,55.4205],[130.5457,55.4105],[130.5327,55.4046],[130.5088,55.3853],[130.5048,55.3793],[130.4927,55.3725],[130.416,55.3558],[130.3961,55.342],[130.3858,55.328],[130.3818,55.312],[130.3813,55.2917],[130.3875,55.2703],[130.4199,55.2122],[130.4343,55.1946],[130.5037,55.1528],[130.5444,55.1384],[130.5459,55.1184],[130.5305,55.0786],[130.5366,55.0585],[130.5496,55.0456],[130.5574,55.0327],[130.5474,55.0131],[130.5439,54.9944],[130.5582,54.9764],[130.5919,54.9544],[130.5816,54.9508],[130.5603,54.9461],[130.5504,54.9408],[130.5654,54.93],[130.5841,54.9213],[130.6041,54.9156],[130.6399,54.9099],[130.6777,54.8923],[130.6956,54.8862],[130.6956,54.8793],[130.6759,54.8736],[130.6684,54.8725],[130.6754,54.8682],[130.6802,54.8633],[130.6882,54.852],[130.666,54.8494],[130.6362,54.8421],[130.6099,54.8301],[130.5891,54.7983],[130.5413,54.7487],[130.5237,54.7353],[130.499,54.7293],[130.3355,54.7209],[130.3176,54.7149],[130.3141,54.7084],[130.3091,54.6883],[130.304,54.68],[130.2949,54.676],[130.2681,54.6675],[130.2623,54.6634],[130.2517,54.6506],[130.2273,54.6424],[130.1811,54.6329],[130.1095,54.5909],[130.0538,54.5807],[130.0337,54.5692],[129.9955,54.5367],[129.9561,54.5152],[129.9153,54.5034],[129.872,54.4996],[129.8247,54.502],[129.7791,54.5135],[129.7018,54.5495],[129.5768,54.5743],[129.5641,54.5743],[129.2666,54.6227],[129.242,54.6329]]}},{"type":"Feature","properties":{"scalerank":7,"name":"Zeya"},"geometry":{"type":"LineString","coordinates":[[127.3234,53.7552],[127.3147,53.7313],[127.2945,53.7215],[127.2708,53.7158],[127.2514,53.7044],[127.2316,53.6841],[127.2126,53.6715],[127.1913,53.6641],[127.1157,53.6546],[127.0921,53.6483],[127.0388,53.6079],[127.0149,53.5703],[127.0151,53.5594],[127.0208,53.5417],[127.0211,53.5294],[127.0176,53.5248],[127.0105,53.5197],[127.0038,53.5118],[126.9978,53.4888],[126.9902,53.4813],[126.9802,53.4764],[126.9699,53.4747],[126.946,53.44],[126.9384,53.4439],[126.9317,53.4446],[126.9255,53.44],[126.9249,53.4363],[126.9312,53.4317],[126.9324,53.4269],[126.9278,53.4027],[126.9286,53.3906],[126.9358,53.3854],[126.96,53.3787],[126.9747,53.3631],[126.9863,53.3447],[127.0006,53.3301],[127.0136,53.3262],[127.0401,53.324],[127.0491,53.3171],[127.0518,53.3046],[127.0479,53.2947],[127.0457,53.2847],[127.0523,53.272],[127.0712,53.2621],[127.1243,53.2523],[127.1446,53.242],[127.157,53.22],[127.1616,53.1978],[127.1705,53.1806],[127.2096,53.1704],[127.2153,53.1623],[127.2184,53.1519],[127.2237,53.142],[127.231,53.1354],[127.2402,53.1289],[127.2505,53.123],[127.2612,53.1185],[127.2868,53.1121],[127.3613,53.111],[127.4048,53.1197],[127.4177,53.1153],[127.4258,53.0911],[127.4258,53.0817],[127.4236,53.0619],[127.4258,53.0502],[127.4288,53.0439],[127.4347,53.0345],[127.4421,53.0259],[127.4495,53.0222],[127.4701,53.0178],[127.5489,52.9737],[127.5834,52.9483],[127.5903,52.9368],[127.6004,52.9289],[127.6838,52.8978],[127.6991,52.8894],[127.7122,52.8798],[127.7241,52.8683],[127.7402,52.8571],[127.7575,52.8509],[127.7726,52.8421],[127.7822,52.8236],[127.7822,52.7516],[127.7875,52.7372],[127.8137,52.7127],[127.8237,52.7007],[127.8281,52.6903],[127.8298,52.682],[127.8306,52.666],[127.8243,52.6474],[127.8227,52.6366],[127.8271,52.6319],[127.8447,52.6252],[127.8591,52.6096],[127.8652,52.5914],[127.8579,52.5772],[127.877,52.5643],[127.9031,52.5633],[127.9571,52.5704],[127.9832,52.5659],[128.0502,52.5294],[128.0993,52.5146],[128.1225,52.5025],[128.1321,52.4844],[128.1241,52.4158],[128.1179,52.399],[128.103,52.3877],[128.086,52.3789],[128.0825,52.3732],[128.1074,52.3712],[128.1193,52.373],[128.1267,52.3758],[128.1329,52.3755],[128.1421,52.3677],[128.1466,52.3568],[128.145,52.3446],[128.1389,52.3227],[128.1401,52.303],[128.1421,52.2957],[128.1451,52.2892],[128.155,52.28],[128.1641,52.2773],[128.1707,52.2728],[128.1787,52.2332],[128.1921,52.2152],[128.208,52.1988],[128.2209,52.1793],[128.2239,52.1691],[128.2278,52.1384],[128.2325,52.1284],[128.2461,52.1075],[128.2488,52.1009],[128.2583,52.0889],[128.3233,52.0627],[128.3345,52.0528],[128.3403,52.0456],[128.3467,52.0401],[128.358,52.0353],[128.3721,52.0346],[128.4042,52.0369],[128.4161,52.0319],[128.4246,52.0267],[128.4438,52.0176],[128.4475,52.0114],[128.45,52.003],[128.4673,51.9671],[128.4804,51.9532],[128.5204,51.9195],[128.5288,51.9087],[128.5254,51.888],[128.52,51.8718],[128.519,51.8578],[128.5288,51.8436],[128.5462,51.8368],[128.5689,51.8377],[128.5886,51.8475],[128.5971,51.8671],[128.6113,51.8757],[128.6432,51.8793],[128.7007,51.8777],[128.7123,51.8741],[128.7417,51.8572],[128.7537,51.8421],[128.762,51.8336],[128.7725,51.8299],[128.792,51.8253],[128.8413,51.8004],[128.8584,51.7883],[128.8735,51.7707],[128.8792,51.7528],[128.8789,51.7102],[128.8845,51.7017],[128.8963,51.6966],[128.9052,51.6911],[128.9028,51.6822],[128.8939,51.6756],[128.8584,51.6592],[128.8345,51.6426],[128.8242,51.6375],[128.7978,51.6289],[128.787,51.6211],[128.7827,51.6074],[128.7709,51.5994],[128.6939,51.5903],[128.6465,51.5927],[128.6265,51.5843],[128.6182,51.5593],[128.6143,51.5511],[128.605,51.5433],[128.5937,51.5374],[128.5838,51.535],[128.5712,51.5386],[128.5462,51.5532],[128.5362,51.5555],[128.5232,51.5496],[128.5081,51.5296],[128.4952,51.522],[128.4762,51.522],[128.4557,51.5255],[128.4397,51.5229],[128.4332,51.5047],[128.4253,51.4694],[128.4049,51.4582],[128.3774,51.4531],[128.3298,51.4256],[128.311,51.4256],[128.2721,51.4327],[128.2522,51.4307],[128.2427,51.4249],[128.2278,51.4047],[128.1806,51.3795],[128.1733,51.374],[128.1769,51.3491],[128.1812,51.3341],[128.1867,51.3228],[128.1719,51.3061],[128.1506,51.2938],[128.1362,51.2813],[128.1421,51.2645],[128.166,51.254],[128.189,51.2528],[128.1965,51.2479],[128.1733,51.2272],[128.1688,51.2253],[128.1575,51.2231],[128.1519,51.2204],[128.1504,51.2166],[128.1467,51.2028],[128.1451,51.1993],[128.1344,51.1945],[128.12,51.191],[128.1052,51.1907],[128.0572,51.2108],[128.0444,51.2183],[128.0374,51.2274],[128.0284,51.233],[128.0149,51.2272],[128.0095,51.211],[128.0073,51.1831],[128.0079,51.1564],[128.0115,51.1446],[128.0152,51.1392],[128.0221,51.1153],[128.0256,51.1099],[128.0337,51.1053],[128.0307,51.0948],[128.0225,51.0836],[128.0149,51.0764],[127.9903,51.0695],[127.9574,51.0711],[127.9252,51.0795],[127.9024,51.0935],[127.8914,51.0977],[127.8789,51.0929],[127.8687,51.0832],[127.8648,51.0726],[127.8635,50.9453],[127.8551,50.9019],[127.8476,50.8842],[127.8374,50.8703],[127.7888,50.8274],[127.7822,50.812],[127.7809,50.8075],[127.775,50.7955],[127.7683,50.7857],[127.77,50.7811],[127.7739,50.7767],[127.7759,50.771],[127.7774,50.7371],[127.7759,50.7269],[127.7706,50.7167],[127.7481,50.6928],[127.728,50.6407],[127.7184,50.5928],[127.7128,50.5821],[127.6934,50.5624],[127.6663,50.5229],[127.668,50.4888],[127.7271,50.3841],[127.7322,50.3665],[127.7344,50.3465],[127.7251,50.3308],[127.7033,50.3214],[127.6773,50.3167],[127.6314,50.3145],[127.6098,50.31],[127.5927,50.2998],[127.5835,50.2813],[127.5859,50.2629],[127.5932,50.244],[127.5957,50.2248],[127.5835,50.2056]]}},{"type":"Feature","properties":{"scalerank":7,"name":"Hudi"},"geometry":{"type":"LineString","coordinates":[[118.7418,33.0948],[118.7302,33.0957],[118.7213,33.1146],[118.7197,33.163],[118.7115,33.202],[118.687,33.2229],[118.651,33.2343],[118.5903,33.2428],[118.5593,33.2252],[118.5368,33.1991],[118.5234,33.1682],[118.5075,33.0975],[118.4988,33.0738],[118.4678,33.023],[118.4524,33.0065],[118.4284,32.992],[118.3886,32.9764],[118.351,32.9681],[118.3141,32.971],[118.2891,32.9783],[118.2597,32.9988],[118.2534,33.0048],[118.2481,33.0133],[118.2239,33.0778],[118.2171,33.105],[118.2162,33.1171],[118.2178,33.1428],[118.2202,33.1603],[118.2205,33.1643],[118.219,33.1744],[118.2178,33.1798],[118.2144,33.1866],[118.2088,33.1939],[118.1965,33.2049],[118.1853,33.2102],[118.1773,33.2125],[118.1694,33.2132],[118.1663,33.2123],[118.1635,33.2106],[118.1602,33.2071],[118.157,33.1966],[118.1565,33.1887],[118.1567,33.1851],[118.1562,33.1813],[118.1546,33.179],[118.1511,33.1776],[118.1269,33.1734],[118.0776,33.1668],[118.0616,33.1634],[118.0341,33.1611],[118.0039,33.162],[117.979,33.1682],[117.9473,33.169],[117.9142,33.1625],[117.898,33.1466],[117.8945,33.1202],[117.8976,33.0951],[117.8989,33.0751],[117.896,33.062],[117.8889,33.0498],[117.8693,33.0408],[117.8467,33.0371],[117.8257,33.0361],[117.7839,33.0541],[117.7636,33.0541],[117.7631,33.0537],[117.7626,33.0533]]}},{"type":"Feature","properties":{"scalerank":7,"name":"Hudi"},"geometry":{"type":"LineString","coordinates":[[119.2842,32.7183],[119.2792,32.747],[119.2789,32.7574],[119.2778,32.7794],[119.2846,32.8012],[119.3072,32.8357],[119.3257,32.8701],[119.3271,32.8991],[119.3135,32.9398],[119.2905,32.9752],[119.2888,32.9938],[119.3115,33.0062],[119.3256,33.0187],[119.3355,33.0343],[119.3375,33.0516],[119.3271,33.0667],[119.3168,33.0912],[119.3087,33.1188],[119.2938,33.1368],[119.2692,33.1484],[119.2559,33.1618],[119.251,33.1837],[119.2307,33.1898],[119.1856,33.1707],[119.1679,33.1625],[119.1554,33.1468],[119.1411,33.0751],[119.1332,33.0633],[119.1199,33.0554],[119.1008,33.0475],[119.0552,33.0389],[119.0382,33.0371],[119.0128,33.0443],[118.9749,33.0569],[118.9449,33.0604],[118.9171,33.0554],[118.8948,33.0621],[118.8776,33.0836],[118.8603,33.0945],[118.8459,33.095]]}},{"type":"Feature","properties":{"scalerank":7,"name":"Hudi"},"geometry":{"type":"LineString","coordinates":[[118.7437,33.095],[118.8459,33.095]]}},{"type":"Feature","properties":{"scalerank":7,"name":"Hudi"},"geometry":{"type":"LineString","coordinates":[[116.5214,32.5012],[116.5265,32.51],[116.5581,32.5333],[116.6347,32.5418],[116.647,32.5498],[116.6558,32.5619],[116.7227,32.6056],[116.7307,32.609],[116.7361,32.6154],[116.7363,32.6282],[116.73,32.6385],[116.6982,32.6593],[116.6907,32.6695],[116.6918,32.6771],[116.6996,32.6819],[116.7262,32.6854],[116.7273,32.6907],[116.7236,32.6995],[116.7234,32.7115],[116.7246,32.7227],[116.7236,32.7305],[116.7258,32.7355],[116.7363,32.7381],[116.7481,32.7361],[116.7525,32.7285],[116.7551,32.7181],[116.7599,32.7077],[116.8076,32.6898],[116.812,32.687],[116.855,32.6487],[116.8789,32.6355],[116.8828,32.6327],[116.8965,32.6456],[116.9182,32.658],[116.94,32.6617],[116.989,32.6624],[117.0108,32.668],[117.0508,32.6859],[117.0681,32.6898],[117.0783,32.6991],[117.0859,32.7661],[117.0963,32.8035],[117.1044,32.8223],[117.1162,32.8378],[117.1378,32.8477],[117.1565,32.847],[117.1697,32.8513],[117.1746,32.8759],[117.1729,32.8853],[117.1668,32.905],[117.1677,32.9163],[117.1734,32.9247],[117.1913,32.937],[117.1951,32.9405],[117.2075,32.9439],[117.311,32.9435],[117.4083,32.9632],[117.5085,32.9716],[117.5272,32.9711],[117.5421,32.9654],[117.5772,32.9329],[117.5976,32.9218],[117.6475,32.9033],[117.6606,32.9199],[117.6773,32.9672],[117.6885,32.9852],[117.7014,32.9944],[117.7267,33.0062],[117.74,33.0159],[117.7468,33.0262],[117.7488,33.036],[117.7524,33.0453],[117.7636,33.0541]]}},{"type":"Feature","properties":{"scalerank":7,"name":"Hudi"},"geometry":{"type":"LineString","coordinates":[[119.6162,32.3539],[119.6017,32.3582],[119.5913,32.358],[119.5338,32.3476],[119.5258,32.3482],[119.5189,32.3505],[119.5141,32.355],[119.5112,32.3613],[119.5095,32.3681],[119.509,32.3748],[119.5125,32.3966],[119.5122,32.4039],[119.5103,32.411],[119.5033,32.4244],[119.4788,32.4569],[119.4705,32.4754],[119.4677,32.4891],[119.4714,32.5176],[119.4717,32.5321],[119.4671,32.5455],[119.4404,32.5773],[119.4342,32.5887],[119.4296,32.6007],[119.4258,32.6217],[119.4236,32.6284],[119.4155,32.6387],[119.4029,32.6469],[119.3892,32.6528],[119.3761,32.6563],[119.3667,32.6569],[119.3394,32.6525],[119.3311,32.6529],[119.3225,32.6546],[119.3141,32.6577],[119.3067,32.6616],[119.301,32.6673],[119.2842,32.7183]]}},{"type":"Feature","properties":{"scalerank":7,"name":"Ping"},"geometry":{"type":"LineString","coordinates":[[98.8956,17.3873],[98.8942,17.3732],[98.8976,17.347],[98.9199,17.3035],[98.9324,17.2488],[98.9487,17.2359],[98.9585,17.2377],[98.9588,17.2377]]}},{"type":"Feature","properties":{"scalerank":7,"name":"Ping"},"geometry":{"type":"LineString","coordinates":[[98.8643,19.7801],[98.8823,19.7707],[98.8926,19.7532],[98.8972,19.7312],[98.8984,19.708],[98.9015,19.6971],[98.9156,19.6804],[98.9189,19.6739],[98.9177,19.64],[98.9189,19.6292],[98.9233,19.6158],[98.9405,19.5828],[98.9498,19.5709],[98.9535,19.5633],[98.9595,19.5379],[98.9605,19.5296],[98.9618,19.5162],[98.9653,19.5095],[98.9697,19.505],[98.9741,19.4988],[98.988,19.4662],[98.9955,19.4341],[98.9937,19.3985],[98.9629,19.3123],[98.9601,19.2882],[98.9699,19.2692],[98.976,19.2541],[98.9804,19.1835],[98.9985,19.1497],[99.0043,19.1297],[98.9973,19.1119],[98.9766,19.0995],[98.9595,19.0961],[98.9505,19.0878],[99,18.7867],[98.9837,18.68],[98.9773,18.6702],[98.9648,18.6622],[98.9629,18.6432],[98.9659,18.6013],[98.9585,18.5832],[98.9321,18.5455],[98.9263,18.529],[98.8342,18.4848],[98.7939,18.4534],[98.7749,18.4431],[98.7156,18.4308],[98.6997,18.4226],[98.7078,18.4127],[98.7084,18.4012],[98.704,18.3892],[98.6963,18.3785],[98.6912,18.3664],[98.6956,18.3558],[98.7027,18.3463],[98.7066,18.3372],[98.7022,18.3333],[98.6759,18.3031],[98.6704,18.2989],[98.6621,18.2976],[98.6582,18.2923],[98.657,18.2863],[98.6576,18.2748],[98.6451,18.2508],[98.6406,18.2269],[98.6377,18.1297],[98.6343,18.1261],[98.624,18.1352],[98.6189,18.1258],[98.6183,18.1168],[98.6226,18.1083],[98.6309,18.1005],[98.624,18.0989],[98.6225,18.0975],[98.622,18.0976],[98.6178,18.1005],[98.6056,18.0881],[98.601,18.0815],[98.5967,18.0738],[98.6168,18.0744],[98.6179,18.0623],[98.6152,18.044],[98.624,18.0259],[98.6091,18.0201],[98.6035,18.0191],[98.6035,18.0123],[98.6153,18.012],[98.6235,18.0077],[98.6285,18.0005],[98.6309,17.9918],[98.6338,17.9953],[98.6412,18.0015],[98.6445,18.0048],[98.6536,17.9898],[98.6655,17.98],[98.6741,17.9707],[98.6731,17.9571],[98.6657,17.9571],[98.6467,17.9448],[98.6328,17.93],[98.6411,17.9229],[98.6458,17.9208],[98.6482,17.9156],[98.6514,17.9025],[98.6499,17.9009],[98.6455,17.8894],[98.6445,17.8851],[98.6464,17.8815],[98.6508,17.8819],[98.6554,17.8831],[98.6582,17.8819],[98.6694,17.8418],[98.6949,17.8002],[98.7031,17.7827],[98.7109,17.7521],[98.7407,17.7106],[98.7454,17.6978],[98.7454,17.6843],[98.7369,17.6735],[98.7164,17.6691],[98.7048,17.6639],[98.699,17.6518],[98.6995,17.638],[98.7066,17.6275],[98.6996,17.6096],[98.7026,17.5942],[98.7092,17.5794],[98.7128,17.5635],[98.7128,17.4947],[98.7075,17.4776],[98.698,17.4623],[98.6924,17.4469],[98.6997,17.4295],[98.7156,17.4197],[98.7291,17.4241],[98.7475,17.4431],[98.7817,17.4643],[98.8176,17.4742],[98.8538,17.4693],[98.8882,17.4466],[98.9001,17.4305],[98.9039,17.4163],[98.9024,17.4025],[98.8989,17.3941],[98.8956,17.3873]]}},{"type":"Feature","properties":{"scalerank":7,"name":"Ping"},"geometry":{"type":"LineString","coordinates":[[98.9585,17.2377],[98.9741,17.2377],[99.0045,17.2386],[99.0144,17.2377],[99.0254,17.2335],[99.0523,17.2171],[99.061,17.2055],[99.0855,17.1509],[99.0903,17.1341],[99.0811,17.1232],[99.0641,17.1085],[99.0527,17.0904],[99.0591,17.0698],[99.1072,17.0047],[99.1174,16.9838],[99.1197,16.961],[99.1096,16.9512],[99.0967,16.9415],[99.0903,16.9193],[99.094,16.9093],[99.103,16.9021],[99.1209,16.8914],[99.1282,16.8808],[99.138,16.8466],[99.157,16.8135],[99.1865,16.7833],[99.2546,16.7306],[99.2862,16.6953],[99.3538,16.647],[99.3679,16.6419],[99.3918,16.6282],[99.4022,16.6284],[99.4199,16.6332],[99.4295,16.6344],[99.4451,16.6252],[99.4618,16.6045],[99.4751,16.5824],[99.4806,16.5692],[99.4819,16.5616],[99.4976,16.519],[99.5232,16.4685],[99.5366,16.4484],[99.5488,16.4363],[99.5406,16.4138],[99.5603,16.3901],[99.5914,16.3706],[99.6177,16.3607],[99.6553,16.3541],[99.6665,16.3456],[99.6792,16.3265],[99.7053,16.2701],[99.7402,16.2227],[99.7544,16.2084],[99.7913,16.1935],[99.8004,16.1734],[99.8032,16.1517],[99.8033,16.1378],[99.8613,16.0758],[99.8743,16.0585],[99.8804,16.0417],[99.8794,16.024],[99.8716,16.0037],[99.8926,15.9876],[99.9741,15.9492],[100.0349,15.9092],[100.0632,15.8814],[100.0634,15.8604],[100.0811,15.842],[100.0889,15.8155],[100.09,15.7676],[100.0984,15.7545],[100.1179,15.7391],[100.1589,15.7164]]}},{"type":"Feature","properties":{"scalerank":7,"name":"Ile"},"geometry":{"type":"LineString","coordinates":[[77.1339,43.9081],[77.171,43.8875],[77.2197,43.8753],[77.2691,43.8677],[77.4044,43.8653],[77.5459,43.8503],[77.6094,43.8378],[77.6738,43.8279],[77.7459,43.8279],[77.8189,43.8243],[77.8799,43.8176],[77.9443,43.8193],[78.0226,43.8491],[78.0586,43.8559],[78.1118,43.8621],[78.1541,43.8702],[78.176,43.8671]]}},{"type":"Feature","properties":{"scalerank":7,"name":"Ile"},"geometry":{"type":"LineString","coordinates":[[77.1339,43.9081],[77.1145,43.9215],[77.0523,43.9533],[77.039,43.9732],[77.0401,43.982],[77.0435,43.9886],[77.0551,44.0008],[77.0566,44.0071],[77.0527,44.013],[77.0473,44.0181],[77.039,44.0278],[77.0125,44.0473],[77.0042,44.0589],[77.0093,44.0729],[77.0105,44.0968],[77.0077,44.1213],[77.0005,44.1374],[76.9727,44.1654],[76.964,44.1699],[76.9433,44.1719],[76.9353,44.1756],[76.9265,44.1924],[76.9111,44.2352],[76.8975,44.2438],[76.8043,44.2438],[76.7847,44.2481],[76.7625,44.2584],[76.7442,44.2727],[76.7246,44.3111],[76.6719,44.3382],[76.6604,44.3605],[76.665,44.3631],[76.685,44.3889],[76.6882,44.3946],[76.7009,44.396],[76.7144,44.3939],[76.7254,44.3948],[76.7297,44.4052],[76.7276,44.4299],[76.7205,44.4451],[76.6777,44.4891],[76.6548,44.525],[76.6509,44.528],[76.6376,44.5359],[76.6343,44.5386],[76.6333,44.5474],[76.6382,44.5644],[76.6376,44.5697],[76.6057,44.6059],[76.6001,44.6104],[76.5929,44.6179],[76.5449,44.6343],[76.5172,44.6553],[76.5033,44.6622],[76.497,44.6632],[76.483,44.6616],[76.4766,44.6622],[76.468,44.6672],[76.4555,44.68],[76.4456,44.6827],[76.4365,44.6805],[76.428,44.6766],[76.4194,44.6748],[76.4107,44.6789],[76.3951,44.694],[76.3803,44.7018],[76.3706,44.7143],[76.3652,44.7281],[76.3667,44.7373],[76.3667,44.7441],[76.335,44.7529],[76.3252,44.7578],[76.3067,44.7813],[76.3009,44.7851],[76.2929,44.7868],[76.2802,44.7911],[76.2682,44.7967],[76.2631,44.8024],[76.2568,44.8113],[76.2422,44.8115],[76.2153,44.8062],[76.2051,44.8088],[76.1837,44.8179],[76.1743,44.8205],[76.1578,44.8203],[76.129,44.8145],[76.1126,44.8131],[76.1045,44.8172],[76.086,44.836],[76.0756,44.8403],[76.041,44.8386],[76.0309,44.8403],[75.9662,44.8877],[75.9552,44.8915],[75.9507,44.8992],[75.9402,44.9019],[75.9009,44.9016],[75.8896,44.9035],[75.8792,44.9078],[75.8658,44.9154],[75.856,44.9231],[75.8316,44.9495],[75.8206,44.9553],[75.7973,44.9612],[75.7874,44.9669],[75.7778,44.9705],[75.7554,44.9696],[75.7463,44.9738],[75.7263,44.9982],[75.7162,45.0048],[75.6973,45.0091],[75.5964,45.0143],[75.551,45.0288],[75.5033,45.0379],[75.4658,45.0648],[75.4482,45.0731],[75.3982,45.0694],[75.374,45.0718],[75.3588,45.0873],[75.3339,45.0821],[75.2692,45.0853],[75.2564,45.0836],[75.2322,45.1177],[75.2192,45.122],[75.1889,45.117],[75.1738,45.1209],[75.1759,45.1325],[75.1685,45.1394],[75.1587,45.1448],[75.1539,45.1522],[75.1504,45.1663],[75.1414,45.1682],[75.1192,45.1618],[75.0724,45.1667],[75.0474,45.1721],[75.0366,45.1789],[75.0349,45.1915],[75.0299,45.1965],[75.0205,45.1971],[75.0064,45.1966],[74.9965,45.1995],[74.9963,45.2069],[75.0004,45.2169],[75.003,45.2273],[74.9912,45.238],[74.9648,45.2329],[74.9239,45.2165],[74.7834,45.2315],[74.763,45.2376],[74.762,45.241],[74.7636,45.2541],[74.763,45.2581],[74.7586,45.2591],[74.747,45.2574],[74.7424,45.2581],[74.74,45.2606],[74.7373,45.2645],[74.734,45.2686],[74.7286,45.2717],[74.7227,45.2718],[74.7141,45.2653],[74.7083,45.2649],[74.6734,45.2853],[74.6694,45.2932],[74.6689,45.3012],[74.6656,45.3082],[74.6531,45.3127],[74.6469,45.2996],[74.6404,45.305],[74.6336,45.314],[74.6306,45.3225],[74.6359,45.3264],[74.6401,45.3282],[74.6391,45.3323],[74.6357,45.3371],[74.6325,45.3406],[74.627,45.3415],[74.6119,45.335],[74.6052,45.3338],[74.6054,45.3353],[74.5999,45.3428],[74.5984,45.344],[74.5952,45.3488],[74.5878,45.3471],[74.5742,45.3406],[74.5685,45.3436],[74.5574,45.3673],[74.547,45.3806],[74.5367,45.3907],[74.5249,45.3997],[74.5089,45.4089],[74.5056,45.4132],[74.5053,45.4176],[74.5027,45.4212],[74.17,45.4226],[74.1619,45.4151],[74.1406,45.3822],[74.1288,45.3748],[74.1226,45.372],[74.1187,45.3658],[74.1158,45.3589],[74.1118,45.3543],[74.1021,45.3503],[74.0922,45.3478],[74.0816,45.347],[74.0752,45.3448]]}},{"type":"Feature","properties":{"scalerank":7,"name":"Ile"},"geometry":{"type":"LineString","coordinates":[[81.7525,43.6207],[81.7395,43.6285],[81.7144,43.6517],[81.6973,43.661],[81.6497,43.6746],[81.6363,43.6822],[81.6432,43.689],[81.6212,43.7025],[81.6075,43.7198],[81.5972,43.7381],[81.5852,43.7545],[81.5659,43.7686],[81.4993,43.7982],[81.4828,43.8115],[81.4683,43.8275],[81.4529,43.8409],[81.4231,43.8498],[81.4024,43.8639],[81.3928,43.8671],[81.3484,43.8745],[81.2359,43.9154],[81.19,43.9217],[81.1642,43.9202],[81.1152,43.9104],[81.0698,43.9081],[81.0313,43.9111],[80.9295,43.9414],[80.8859,43.9476],[80.8419,43.9422],[80.8233,43.9312],[80.7895,43.9007],[80.7692,43.8944],[80.7466,43.8902],[80.7249,43.8798],[80.7057,43.8663],[80.6904,43.8529],[80.6773,43.8347],[80.6695,43.8279],[80.6563,43.8255],[80.6558,43.8287],[80.6522,43.8358],[80.6472,43.8431],[80.6426,43.8466],[80.6353,43.8461],[80.6241,43.841],[80.6004,43.8371],[80.5462,43.8211],[80.526,43.8118],[80.4951,43.7918],[80.481,43.7864],[80.4614,43.7845],[80.4548,43.7867],[80.4484,43.7913],[80.4436,43.7961],[80.4405,43.7982],[80.4247,43.7972],[80.4151,43.7943],[80.3956,43.7845],[80.3743,43.7775],[80.3528,43.7734],[80.2838,43.7682],[80.2461,43.7578],[80.2242,43.7579],[80.212,43.7624],[80.2061,43.7692],[80.2041,43.7754],[80.2039,43.7783],[80.1926,43.7963],[80.1843,43.8013],[80.1641,43.7896],[80.1515,43.7864],[80.1404,43.7875],[80.1357,43.7948],[80.13,43.7957],[80.106,43.7925],[80.1013,43.7913],[80.0921,43.7952],[80.0768,43.8065],[80.0667,43.8118],[80.0483,43.8158],[80.0354,43.8132],[80.0237,43.8082],[80.0083,43.8056],[79.9998,43.8103],[79.9917,43.8189],[79.9819,43.8234],[79.9565,43.8092],[79.9431,43.8082],[79.9228,43.8118],[79.9221,43.8137],[79.919,43.8179],[79.9145,43.8226],[79.9097,43.8255],[79.9029,43.8262],[79.8891,43.825],[79.8574,43.8303],[79.8457,43.8352],[79.8408,43.8431],[79.8314,43.8542],[79.7309,43.9081],[79.7293,43.9116],[79.7254,43.9256],[79.7241,43.9291],[79.7183,43.9305],[79.7057,43.9296],[79.7002,43.9322],[79.6827,43.9431],[79.5755,43.9729],[79.53,43.9682],[79.4373,43.9354],[79.3626,43.9108],[79.3255,43.9068],[79.3119,43.9033],[79.2991,43.8979],[79.2764,43.8806],[79.2683,43.879],[79.2594,43.8809],[79.2449,43.8807],[79.2197,43.8719],[79.1741,43.8453],[79.1487,43.8398],[79.0949,43.8389],[79.0698,43.8347],[79.0457,43.8255],[79.023,43.8392],[78.9981,43.8429],[78.8721,43.8431],[78.698,43.8205],[78.604,43.8225],[78.4414,43.8631],[78.2551,43.8819],[78.2369,43.8807],[78.1939,43.867],[78.176,43.8671]]}},{"type":"Feature","properties":{"scalerank":7,"name":"Sanggan"},"geometry":{"type":"LineString","coordinates":[[115.5741,40.2967],[115.5741,40.2965],[115.5742,40.2963],[115.5879,40.2764],[115.5842,40.2565],[115.5891,40.2404]]}},{"type":"Feature","properties":{"scalerank":7,"name":"Sanggan"},"geometry":{"type":"LineString","coordinates":[[112.59,39.3436],[112.6392,39.3609],[112.7019,39.3731],[112.7136,39.3771],[112.7243,39.3898],[112.734,39.4059],[112.7446,39.4197],[112.7583,39.4256],[112.7695,39.432],[112.7964,39.4602],[112.8064,39.4665],[112.8215,39.4676],[112.8508,39.475],[112.8645,39.4802],[112.8725,39.4852],[112.8759,39.4898],[112.8813,39.4932],[112.9052,39.4953],[112.9172,39.4981],[112.9277,39.5031],[112.9321,39.5109],[112.9507,39.5318],[113.0234,39.5579],[113.0278,39.5764],[113.0346,39.5808],[113.0491,39.5865],[113.0557,39.59],[113.0745,39.6073],[113.0762,39.6099],[113.093,39.6115],[113.1084,39.6101],[113.1213,39.612],[113.1314,39.6236],[113.129,39.631],[113.1304,39.6533],[113.1296,39.6607],[113.1514,39.6716],[113.1618,39.6788],[113.1884,39.7039],[113.1956,39.7143],[113.2207,39.7635],[113.2326,39.7796],[113.2721,39.8036],[113.3971,39.8547],[113.4589,39.8664],[113.476,39.8743],[113.4942,39.8866],[113.5548,39.9122],[113.6676,39.9796],[113.7124,39.9919],[113.7382,39.9927],[113.8117,39.9851],[113.8311,39.9858],[113.9301,40.0054],[114.0249,40.0009],[114.0619,40.0032],[114.1499,40.0329],[114.384,40.1433],[114.3875,40.1433],[114.3985,40.1421],[114.4052,40.1433],[114.4233,40.1546],[114.5751,40.2131],[114.6373,40.2525],[114.6918,40.2783],[114.7222,40.2866],[114.7505,40.2867],[114.7817,40.2776],[114.7971,40.275],[114.8145,40.2769],[114.9081,40.3167],[114.9168,40.3183],[114.9348,40.3194],[114.9434,40.3214],[114.9519,40.326],[114.9719,40.3448],[114.9937,40.3549],[115.0132,40.3541],[115.033,40.3494],[115.0552,40.3477],[115.0755,40.3514],[115.1152,40.3636],[115.1355,40.3672],[115.4341,40.351],[115.4968,40.3609],[115.5161,40.3572],[115.5303,40.3466],[115.5635,40.3126],[115.5742,40.2963]]}},{"type":"Feature","properties":{"scalerank":7,"name":"Sanggan"},"geometry":{"type":"LineString","coordinates":[[112.3369,39.166],[112.3609,39.243],[112.3805,39.2749],[112.4182,39.2969],[112.4386,39.2969],[112.4439,39.2998],[112.4478,39.3043],[112.4524,39.3106],[112.4626,39.3137],[112.5217,39.3181],[112.5688,39.33],[112.59,39.3379]]}},{"type":"Feature","properties":{"scalerank":7,"name":"Wujia"},"geometry":{"type":"LineString","coordinates":[[108.8633,40.914],[108.8681,40.917],[108.8723,40.9339],[108.8615,40.9487]]}},{"type":"Feature","properties":{"scalerank":7,"name":"Wujia"},"geometry":{"type":"LineString","coordinates":[[108.8451,40.9025],[108.7407,40.8384],[108.7214,40.8193],[108.7109,40.8038]]}},{"type":"Feature","properties":{"scalerank":7,"name":"Wujia"},"geometry":{"type":"LineString","coordinates":[[108.1917,41.2037],[108.2144,41.2001],[108.2364,41.192],[108.3545,41.1745],[108.4324,41.1849],[108.4712,41.1851],[108.5016,41.1708],[108.5152,41.1665],[108.5349,41.1658],[108.5523,41.1623],[108.5601,41.1497],[108.5659,41.1358],[108.5803,41.1346],[108.5984,41.1388],[108.6152,41.1404],[108.6152,41.1329],[108.5971,41.1241],[108.604,41.1151],[108.62,41.1056],[108.6371,41.0848],[108.6559,41.0789],[108.6768,41.0751],[108.6909,41.0709],[108.6835,41.0646],[108.6938,41.0584],[108.6993,41.0594],[108.704,41.0631],[108.7114,41.0646],[108.7275,41.0636],[108.735,41.0618],[108.7456,41.0572],[108.7622,41.0453],[108.7843,41.0003]]}},{"type":"Feature","properties":{"scalerank":7,"name":"Wujia"},"geometry":{"type":"LineString","coordinates":[[107.9528,41.172],[108.0051,41.1876],[108.0147,41.1924],[108.0241,41.202],[108.0323,41.2081],[108.0547,41.2143],[108.0803,41.2178],[108.0976,41.2252],[108.0945,41.2428],[108.1191,41.2413],[108.1442,41.232],[108.1917,41.2037]]}},{"type":"Feature","properties":{"scalerank":7,"name":"Wujia"},"geometry":{"type":"LineString","coordinates":[[107.9528,41.172],[107.9533,41.1715]]}},{"type":"Feature","properties":{"scalerank":7,"name":"Wujia"},"geometry":{"type":"LineString","coordinates":[[108.7843,41.0003],[108.795,40.9827],[108.8036,40.9719],[108.8154,40.9659],[108.8448,40.9609],[108.8615,40.9487]]}},{"type":"Feature","properties":{"scalerank":7,"name":"Wujia"},"geometry":{"type":"LineString","coordinates":[[108.8633,40.914],[108.8451,40.9025]]}},{"type":"Feature","properties":{"scalerank":7,"name":"Wujia"},"geometry":{"type":"LineString","coordinates":[[107.8412,40.8996],[107.8788,40.9164],[108.0261,40.9207],[108.0523,40.9251],[108.0708,40.9338],[108.1386,41.0014],[108.1543,41.0231],[108.1627,41.0429],[108.1608,41.0596],[108.1459,41.1031],[108.1422,41.1227],[108.1701,41.195],[108.1917,41.2037]]}},{"type":"Feature","properties":{"scalerank":7,"name":"Wujia"},"geometry":{"type":"LineString","coordinates":[[107.8412,40.8996],[107.9265,40.88],[107.9719,40.8752],[108.103,40.9],[108.1287,40.9101],[108.1597,40.9168],[108.235,40.918],[108.2623,40.9306],[108.3381,40.9992],[108.3668,41.0439],[108.384,41.0631],[108.4102,41.0709],[108.5259,41.0709],[108.747,41.0213],[108.773,41.0095],[108.7843,41.0003]]}},{"type":"Feature","properties":{"scalerank":7,"name":"Wujia"},"geometry":{"type":"LineString","coordinates":[[107.6829,40.8586],[107.6907,40.908],[107.7446,40.9708],[107.7588,41.0095],[107.7451,41.0886],[107.7505,41.1182],[107.7866,41.1404],[107.9028,41.1571],[107.9528,41.172]]}},{"type":"Feature","properties":{"scalerank":7,"name":"Wujia"},"geometry":{"type":"LineString","coordinates":[[108.7109,40.8038],[108.6763,40.768],[108.6637,40.7481],[108.6504,40.6988],[108.6513,40.6888],[108.6715,40.6612],[108.6755,40.6512],[108.6773,40.6395]]}},{"type":"Feature","properties":{"scalerank":7,"name":"Wujia"},"geometry":{"type":"LineString","coordinates":[[107.3017,40.6818],[107.3315,40.7067],[107.4024,40.817],[107.4324,40.8465],[107.4405,40.8633],[107.4434,40.8897],[107.4484,40.9107],[107.4741,40.9488],[107.4844,40.9685],[107.5117,41.0906],[107.5254,41.1261],[107.5481,41.1591],[107.5559,41.18],[107.5502,41.1981],[107.5469,41.2167],[107.5732,41.2254],[107.629,41.2292],[107.6646,41.2426],[107.6827,41.2466],[107.7041,41.2428],[107.7695,41.2012],[107.7898,41.195],[107.8079,41.1928],[107.8477,41.183],[107.872,41.1807],[107.8963,41.1851],[107.9175,41.1917],[107.9353,41.1914],[107.9528,41.172]]}},{"type":"Feature","properties":{"scalerank":7,"name":"Wujia"},"geometry":{"type":"LineString","coordinates":[[107.3017,40.6818],[107.7578,40.8925],[107.7986,40.9013],[107.8412,40.8996]]}},{"type":"Feature","properties":{"scalerank":7,"name":"Wujia"},"geometry":{"type":"LineString","coordinates":[[107.3001,40.6805],[107.3017,40.6818]]}},{"type":"Feature","properties":{"scalerank":7,"name":"Wujia"},"geometry":{"type":"LineString","coordinates":[[107.1188,40.522],[107.1109,40.5334],[107.1046,40.548],[107.094,40.6054],[107.0753,40.6465],[107.0623,40.6656],[107.0496,40.6737],[107.0288,40.6827],[107.0151,40.704],[106.9978,40.7487],[106.9619,40.7996],[106.9574,40.8207],[106.9574,40.862],[106.9584,40.8706],[106.9626,40.8879],[106.9636,40.8996],[106.9583,40.9248],[106.9348,40.9636],[106.9295,40.9859],[106.9358,41.0006],[106.9514,41.0135],[106.9716,41.0236],[106.9915,41.0305],[107.0382,41.0402],[107.0588,41.0474],[107.0769,41.061],[107.0876,41.076],[107.0947,41.0825],[107.1045,41.0852],[107.1144,41.1193],[107.1349,41.1394],[107.1587,41.1417],[107.1835,41.1405],[107.2075,41.1497],[107.2089,41.1586],[107.2052,41.1713],[107.2043,41.1827],[107.2144,41.1876],[107.2234,41.1893],[107.324,41.2198],[107.3735,41.2244],[107.4373,41.2496],[107.4585,41.255],[107.5515,41.2576],[107.6147,41.2701],[107.6664,41.2709],[107.711,41.256],[107.7505,41.2308],[107.7958,41.195]]}},{"type":"Feature","properties":{"scalerank":7,"name":"Wujia"},"geometry":{"type":"LineString","coordinates":[[107.1188,40.522],[107.1265,40.5467],[107.1417,40.5781],[107.1645,40.602],[107.2296,40.6485],[107.3017,40.6818]]}},{"type":"Feature","properties":{"scalerank":7,"name":"Wujia"},"geometry":{"type":"LineString","coordinates":[[107.1417,40.4539],[107.1223,40.5169],[107.1188,40.522]]}},{"type":"Feature","properties":{"scalerank":7,"name":"Wujia"},"geometry":{"type":"LineString","coordinates":[[107.0318,40.3105],[107.0352,40.3443],[107.0463,40.3815],[107.0631,40.4168],[107.1043,40.4752],[107.1188,40.522]]}},{"type":"Feature","properties":{"scalerank":7,"name":"Ghäghara"},"geometry":{"type":"LineString","coordinates":[[80.9233,30.5521],[80.9428,30.5441],[80.9612,30.5427],[81.0027,30.5458],[81.0251,30.5418],[81.0371,30.531],[81.0464,30.5155],[81.061,30.4974],[81.09,30.4766],[81.0987,30.4636],[81.104,30.4003],[81.1064,30.3905],[81.1089,30.3832],[81.1168,30.3684],[81.1225,30.3603],[81.1366,30.3469],[81.1544,30.3334],[81.1699,30.319],[81.1765,30.3023],[81.1774,30.2602],[81.1835,30.2403],[81.1975,30.2237],[81.2067,30.2182],[81.2283,30.2089],[81.2473,30.1973],[81.2692,30.1784],[81.2846,30.168],[81.304,30.1604],[81.3257,30.1558],[81.3484,30.1549],[81.3718,30.1586],[81.4166,30.1723],[81.4408,30.1753],[81.4607,30.1691],[81.4796,30.1542],[81.4954,30.1362],[81.526,30.085],[81.5413,30.0715],[81.5644,30.066],[81.583,30.0639],[81.6363,30.045],[81.6563,30.0423],[81.7285,30.045],[81.7463,30.0369],[81.7586,30.0178],[81.7685,29.9952],[81.7798,29.9767],[81.7981,29.9632],[81.8347,29.9515],[81.8521,29.9388],[81.86,29.9269],[81.8604,29.9182],[81.8574,29.9095],[81.8555,29.8979],[81.857,29.889],[81.8726,29.8525],[81.8753,29.8496],[81.8765,29.8468],[81.876,29.8389],[81.8745,29.8345],[81.8706,29.8311],[81.8692,29.8259],[81.8655,29.8186],[81.8611,29.812],[81.8633,29.8072],[81.8794,29.8054],[81.8892,29.8026],[81.8991,29.796],[81.907,29.7882],[81.9101,29.7818],[81.9155,29.7788],[81.9511,29.7787],[81.9927,29.7644],[82.0066,29.7578],[82.0125,29.7533],[82.0136,29.7467],[82.0131,29.7334],[82.005,29.7189],[81.9861,29.704],[81.9456,29.6818],[81.8787,29.6561],[81.8692,29.644],[81.8588,29.6259],[81.8349,29.6216],[81.8074,29.6226],[81.7871,29.6204],[81.7773,29.6133],[81.7778,29.6077],[81.783,29.6015],[81.7871,29.5925],[81.7882,29.5712],[81.7871,29.5555],[81.7808,29.5345],[81.7647,29.521],[81.7251,29.4975],[81.7147,29.4843],[81.7084,29.468],[81.7055,29.4483],[81.7047,29.4249],[81.709,29.4019],[81.7188,29.3828],[81.7388,29.3529],[81.7433,29.3123],[81.7239,29.2807],[81.6914,29.2562],[81.6575,29.2368],[81.6231,29.2267],[81.6159,29.2232],[81.6133,29.2147],[81.6091,29.1879],[81.6057,29.1822],[81.5925,29.1743],[81.5401,29.1195],[81.4826,29.0831],[81.4682,29.0786],[81.457,29.0707],[81.4098,29.024],[81.4076,29.0031],[81.4146,28.9808],[81.427,28.9629],[81.4408,28.9557],[81.4924,28.8868],[81.5281,28.8526],[81.542,28.8324],[81.5475,28.8082],[81.5557,28.7929],[81.569,28.7809],[81.5718,28.7696],[81.5475,28.7564],[81.5313,28.7506],[81.523,28.7491],[81.513,28.7496],[81.513,28.7564],[81.5255,28.7652],[81.524,28.7709],[81.513,28.7769],[81.5164,28.8082],[81.4732,28.8522],[81.4583,28.8806],[81.4421,28.8985],[81.4255,28.9036],[81.3378,28.8942],[81.3281,28.8971],[81.3048,28.9106],[81.2937,28.9147],[81.2719,28.9157],[81.2075,28.9079],[81.187,28.9129],[81.1355,28.9488],[81.0953,28.967],[81.074,28.9736],[81.054,28.9761],[81.0346,28.9715],[81.0134,28.9605],[80.997,28.947],[80.9921,28.9352],[81.0413,28.8895],[81.0781,28.8629],[81.0947,28.8539],[81.1088,28.8573],[81.1221,28.8643],[81.1355,28.8663],[81.1476,28.8565],[81.1612,28.8299],[81.1703,28.8321],[81.2105,28.8116],[81.2066,28.8245],[81.1943,28.8467],[81.19,28.8594],[81.2046,28.8525],[81.2179,28.8413],[81.2278,28.8264],[81.2333,28.793],[81.2444,28.7615],[81.2769,28.6971],[81.2802,28.6785],[81.2778,28.6585],[81.2681,28.6232],[81.2643,28.5856],[81.2409,28.4912],[81.2285,28.4645],[81.218,28.407],[81.2,28.3812],[81.1939,28.3668],[81.1975,28.3524],[81.19,28.3455],[81.1975,28.3393],[81.1895,28.3309],[81.1719,28.3171],[81.1629,28.3114],[81.1489,28.3221],[81.1236,28.3354],[81.0992,28.3394],[81.0883,28.3223],[81.0855,28.3108],[81.0714,28.2843],[81.0673,28.2705],[81.0654,28.2535],[81.0667,28.2449],[81.1147,28.192],[81.1275,28.1716],[81.1355,28.1475],[81.1318,28.1227],[81.1338,28.1109],[81.1461,28.1059],[81.1599,28.1027],[81.1708,28.0945],[81.1787,28.0833],[81.1838,28.0712],[81.1716,28.0654],[81.163,28.0563],[81.1577,28.0436],[81.1559,28.0271],[81.1638,28.0204],[81.2144,27.9995],[81.2218,27.9881],[81.2305,27.9602],[81.2385,27.9483],[81.2532,27.9416],[81.2715,27.9382],[81.2888,27.9328],[81.2999,27.9204],[81.3004,27.9041],[81.2905,27.8958],[81.2784,27.8888],[81.2727,27.8763],[81.2748,27.8677],[81.2842,27.8531],[81.2864,27.8459],[81.2843,27.8368],[81.2796,27.8299],[81.2749,27.8249],[81.2727,27.8214],[81.2745,27.8066],[81.2812,27.7828],[81.2802,27.7696],[81.2683,27.74],[81.2599,27.7248],[81.2522,27.7149],[81.2729,27.704],[81.293,27.687],[81.3082,27.6661],[81.3141,27.6435],[81.311,27.6229],[81.2993,27.5816],[81.2999,27.5579],[81.3066,27.5387],[81.3316,27.4949],[81.3449,27.4787],[81.3486,27.4705],[81.3547,27.4462],[81.3587,27.4412],[81.3886,27.4215],[81.3963,27.4139],[81.4031,27.3938],[81.405,27.3709],[81.4036,27.3279],[81.4138,27.3102],[81.4353,27.2984],[81.4547,27.2834],[81.4583,27.2562],[81.4522,27.2464],[81.4336,27.2303],[81.4303,27.2221],[81.4355,27.2113],[81.4541,27.1972],[81.4583,27.1842],[81.4551,27.1647],[81.4501,27.1531],[81.449,27.1424],[81.4583,27.1253],[81.4755,27.1058],[81.4788,27.0986],[81.479,27.087],[81.4757,27.0816],[81.4745,27.0769],[81.4822,27.0672],[81.5009,27.0587],[81.5239,27.0596],[81.5475,27.0635],[81.5681,27.0638],[81.6069,27.0471],[81.6973,26.9614],[81.7192,26.9478],[81.7251,26.9409],[81.7305,26.9293],[81.7334,26.9183],[81.738,26.91],[81.7871,26.8966],[81.7887,26.8814],[81.793,26.8738],[81.7993,26.8682],[81.8077,26.8583],[81.8295,26.8207],[81.8437,26.808],[81.8657,26.8031],[81.9138,26.8031],[81.9185,26.8015],[81.9353,26.7932],[81.9456,26.7901],[81.9688,26.7889],[81.9858,26.7938],[82.0131,26.8106],[82.0474,26.8248],[82.0769,26.8456],[82.082,26.8485],[82.0945,26.8531],[82.1223,26.8469],[82.187,26.8192],[82.2086,26.8196],[82.2295,26.8164],[82.2465,26.7969],[82.24,26.7907],[82.2322,26.7757],[82.2254,26.7696],[82.2415,26.7558],[82.28,26.7437],[82.3053,26.7266],[82.3246,26.7171],[82.3283,26.7115],[82.3324,26.7031],[82.3551,26.674],[82.3931,26.656],[82.4185,26.6483],[82.4346,26.6498],[82.4548,26.6608],[82.4756,26.6586],[82.5512,26.6203],[82.5717,26.6138],[82.5922,26.6114],[82.6332,26.6149],[82.649,26.6136],[82.6642,26.6051],[82.679,26.588],[82.689,26.5724],[82.7031,26.5611],[82.7295,26.5567],[82.749,26.5616],[82.7691,26.5715],[82.7903,26.5792],[82.8145,26.5778],[82.88,26.5362],[82.9215,26.5235],[83.0043,26.4761],[83.0127,26.4699],[83.0308,26.4512],[83.0615,26.4099],[83.0766,26.3995],[83.1109,26.389],[83.148,26.3828],[83.1714,26.386],[83.1851,26.38],[83.2305,26.376],[83.2402,26.3686],[83.2516,26.3624],[83.3228,26.3519],[83.3594,26.3282],[83.4286,26.2711],[83.4656,26.2625],[83.4771,26.2652],[83.4959,26.2736],[83.5073,26.2762],[83.5196,26.2757],[83.5403,26.2701],[83.5513,26.2687],[83.7075,26.268],[83.7412,26.2625],[83.7747,26.2488],[83.8267,26.2009],[83.8464,26.1942],[83.8618,26.1851],[83.8824,26.1411],[83.8975,26.1253],[83.915,26.1216],[83.988,26.1182],[83.997,26.1166],[84.0012,26.1153],[84.0386,26.0961],[84.0546,26.0912],[84.0635,26.0906],[84.0841,26.0921],[84.0962,26.0912],[84.1079,26.0869],[84.1296,26.0736],[84.1409,26.0707],[84.1504,26.066],[84.1604,26.0551],[84.1685,26.0425],[84.1759,26.0228],[84.1852,26.0203],[84.1964,26.0198],[84.2061,26.0154],[84.2107,26.007],[84.2197,25.9745],[84.2255,25.9637],[84.2305,25.9568],[84.2436,25.9438],[84.2615,25.9313],[84.2798,25.9271],[84.2983,25.9287],[84.3329,25.9386],[84.3449,25.9405],[84.3743,25.9404],[84.3838,25.9355],[84.3965,25.9238],[84.4075,25.9092],[84.4121,25.896],[84.4195,25.8896],[84.4566,25.87],[84.4701,25.8658],[84.5024,25.8677],[84.5195,25.8669],[84.5317,25.8621],[84.6055,25.7999],[84.6106,25.7916],[84.623,25.7595],[84.6306,25.7449],[84.6416,25.7338],[84.658,25.7281],[84.672,25.7303],[84.7013,25.742],[84.7131,25.7418]]}},{"type":"Feature","properties":{"scalerank":7,"name":"Chindwin"},"geometry":{"type":"LineString","coordinates":[[96.9034,25.6319],[96.8972,25.6697],[96.8941,25.6745],[96.887,25.6822],[96.88,25.6922],[96.8769,25.7042],[96.88,25.7133],[96.8941,25.7231],[96.8972,25.7315],[96.8982,25.796],[96.9015,25.8145],[96.9078,25.8316],[96.9177,25.8516],[96.9551,25.9287],[96.9716,25.9355],[96.9793,25.9404],[96.9871,25.9505],[96.9998,25.9813],[97.0171,26.0117],[97.0203,26.0289],[97.0133,26.0502],[97.0272,26.0625],[97.0347,26.074],[97.0567,26.1258],[97.0608,26.1402],[97.0617,26.1772],[97.0532,26.1914],[97.0143,26.2278],[96.9933,26.2408],[96.9575,26.2931],[96.9527,26.2979],[96.9451,26.3035],[96.94,26.3046],[96.9212,26.3035],[96.9155,26.3055],[96.9131,26.31],[96.9121,26.3146],[96.9108,26.3172],[96.8579,26.3297],[96.8489,26.3345],[96.8447,26.3458],[96.8342,26.3605],[96.8199,26.3732],[96.8045,26.3785],[96.7935,26.3751],[96.7832,26.3685],[96.7732,26.3644],[96.7632,26.3686],[96.7449,26.3841],[96.739,26.3928],[96.7328,26.3845],[96.7222,26.3776],[96.7097,26.3732],[96.6987,26.3724],[96.6856,26.377],[96.6725,26.3901],[96.6611,26.3928],[96.6349,26.3928],[96.6238,26.3958],[96.6021,26.4106],[96.58,26.4145],[96.5684,26.4195],[96.5414,26.4498],[96.5156,26.4873],[96.4869,26.5098],[96.4517,26.4959],[96.4439,26.5061],[96.4353,26.5096],[96.4141,26.5089],[96.4038,26.512],[96.4063,26.5199],[96.4135,26.53],[96.4175,26.54],[96.4138,26.5506],[96.4048,26.5504],[96.3936,26.546],[96.3833,26.5436],[96.3677,26.5457],[96.3611,26.5484],[96.3406,26.5751],[96.3381,26.5812],[96.3349,26.584],[96.3247,26.5847],[96.2979,26.581],[96.2857,26.5834],[96.2905,26.5948],[96.3032,26.6175],[96.3008,26.6374],[96.2871,26.6472],[96.266,26.6392],[96.2715,26.6337],[96.2803,26.6188],[96.2632,26.6146],[96.2584,26.6004],[96.2509,26.5884],[96.2257,26.5914],[96.2476,26.5401],[96.2546,26.5118],[96.2461,26.4822],[96.2442,26.4874],[96.2421,26.4906],[96.2405,26.4947],[96.2393,26.5021],[96.2319,26.5021],[96.2315,26.4204],[96.2236,26.3816],[96.2046,26.3587],[96.1936,26.3574],[96.168,26.3608],[96.1573,26.3587],[96.1511,26.3518],[96.1442,26.34],[96.1416,26.3289],[96.1471,26.3239],[96.1567,26.3207],[96.1747,26.3067],[96.1863,26.3005],[96.1782,26.2938],[96.1573,26.283],[96.1301,26.28],[96.0914,26.2904],[96.0617,26.2755],[96.0518,26.2764],[96.044,26.2753],[96.0406,26.2657],[96.0391,26.2559],[96.0203,26.2123],[96.0087,26.1946],[95.9933,26.1799],[95.9541,26.1649],[95.9386,26.1446],[95.9172,26.1048],[95.9099,26.0995],[95.9001,26.0941],[95.8906,26.0872],[95.8831,26.0769],[95.8814,26.0646],[95.884,26.0372],[95.8796,26.026],[95.8617,26.0151],[95.8399,26.0137],[95.8219,26.0237],[95.8079,26.0687],[95.7932,26.0587],[95.7749,26.0366],[95.7589,26.0223],[95.7456,26.0228],[95.732,26.0279],[95.7192,26.0311],[95.7076,26.026],[95.704,26.0161],[95.7095,25.9951],[95.7042,25.9813],[95.6863,26.0122],[95.6752,26.0205],[95.6565,26.0154],[95.6421,26.0004],[95.6393,25.9832],[95.6399,25.9667],[95.6359,25.954],[95.6232,25.9476],[95.6099,25.9483],[95.5977,25.9467],[95.5889,25.9335],[95.5888,25.924],[95.594,25.9028],[95.5957,25.8994],[95.5908,25.8936],[95.5746,25.8852],[95.5678,25.8789],[95.5811,25.869],[95.5779,25.8526],[95.5637,25.8373],[95.538,25.8286],[95.5299,25.8235],[95.5229,25.816],[95.52,25.8069],[95.5191,25.792],[95.5161,25.7852],[95.4451,25.7464],[95.4374,25.7315],[95.4327,25.7106],[95.4233,25.6962],[95.4157,25.6815],[95.417,25.6592],[95.4228,25.6486],[95.4401,25.6294],[95.4448,25.6182],[95.4439,25.6077],[95.4337,25.5971],[95.4249,25.5637],[95.4238,25.553],[95.4208,25.544],[95.4136,25.541],[95.4048,25.5397],[95.3965,25.5363],[95.3825,25.5255],[95.3831,25.5213],[95.3828,25.4643],[95.377,25.425],[95.3704,25.402],[95.3615,25.3854],[95.3457,25.3771],[95.2974,25.3626],[95.2872,25.3548],[95.287,25.3346],[95.2838,25.3223],[95.2734,25.3134],[95.2234,25.2877],[95.2177,25.283],[95.2005,25.2536],[95.2007,25.2483],[95.1528,25.2587],[95.1358,25.2552],[95.1211,25.244],[95.1123,25.2326],[95.1005,25.2239],[95.0774,25.2203],[95.0737,25.2158],[95.0684,25.1925],[95.0659,25.1691],[95.0623,25.1601],[95.0508,25.1404],[95.0432,25.1354],[95.04,25.1316],[95.0398,25.1255],[95.0426,25.119],[95.0475,25.1112],[95.043,25.1019],[95.037,25.0931],[95.0302,25.0864],[94.999,25.0773],[94.9871,25.0609],[94.9763,24.9881],[94.9719,24.9814],[94.949,24.9855],[94.934,24.9652],[94.9216,24.939],[94.9067,24.9261],[94.897,24.9229],[94.8821,24.9083],[94.8613,24.9008],[94.8634,24.8916],[94.8711,24.8823],[94.8757,24.8778],[94.9159,24.8596],[94.936,24.8443],[94.9341,24.8269],[94.9243,24.818],[94.9155,24.8129],[94.9059,24.8106],[94.8931,24.8101],[94.8788,24.8063],[94.8772,24.7972],[94.879,24.786],[94.8757,24.7753],[94.8456,24.7594],[94.7657,24.7425],[94.7385,24.7269],[94.7171,24.6929],[94.6977,24.6495],[94.6851,24.6055],[94.6838,24.5699],[94.6913,24.553],[94.7031,24.5436],[94.7172,24.5355],[94.7324,24.5227],[94.718,24.513],[94.7234,24.4955],[94.7324,24.4752],[94.7286,24.4569],[94.7088,24.4322],[94.715,24.4246],[94.7361,24.4237],[94.7603,24.4191],[94.7671,24.4131],[94.7927,24.3624],[94.8003,24.3518],[94.811,24.3405],[94.8227,24.3253],[94.8272,24.3076],[94.8228,24.29],[94.8074,24.275],[94.7856,24.2698],[94.734,24.2718],[94.7144,24.2651],[94.6993,24.2543],[94.6929,24.2469],[94.69,24.2378],[94.6975,24.1931],[94.686,24.1763],[94.6648,24.1592],[94.6445,24.1514],[94.6355,24.1621],[94.626,24.1804],[94.6066,24.1836],[94.5914,24.1717],[94.5945,24.1447],[94.5995,24.1392],[94.606,24.1352],[94.6117,24.1292],[94.615,24.1174],[94.6132,24.1105],[94.6035,24.0976],[94.6013,24.0864],[94.6069,24.0664],[94.6047,24.0589],[94.5911,24.056],[94.5821,24.0519],[94.5587,24.0333],[94.5534,24.028],[94.5613,24.0019],[94.6241,23.961],[94.6225,23.9331],[94.61,23.9215],[94.5933,23.9127],[94.573,23.9071],[94.5405,23.9036],[94.5286,23.8996],[94.5171,23.8941],[94.5089,23.888],[94.5064,23.877],[94.5143,23.8662],[94.5325,23.8505],[94.5419,23.8383],[94.5427,23.8325],[94.54,23.8232],[94.5322,23.8147],[94.5103,23.8028],[94.5058,23.7987],[94.4968,23.7884],[94.4443,23.7469],[94.4338,23.7354],[94.4263,23.7237],[94.4214,23.7119],[94.4187,23.6999],[94.4185,23.6737],[94.4282,23.6173],[94.4306,23.5624],[94.4284,23.5433],[94.4214,23.5269],[94.4065,23.511],[94.3901,23.4994],[94.3844,23.493],[94.3823,23.4837],[94.3782,23.4768],[94.357,23.4716],[94.3481,23.4669],[94.338,23.4519],[94.3283,23.4309],[94.3219,23.4089],[94.3208,23.3912],[94.3237,23.3851],[94.3413,23.357],[94.3424,23.3456],[94.34,23.3371],[94.3445,23.3317],[94.3655,23.3297],[94.3697,23.3138],[94.3071,23.2124],[94.3355,23.1939],[94.3473,23.1148],[94.3655,23.097],[94.3842,23.0919],[94.4057,23.0793],[94.4249,23.0635],[94.4367,23.0486],[94.4408,23.0291],[94.4337,23.012],[94.4182,22.9977],[94.3965,22.9865],[94.3926,22.9908],[94.3849,22.997],[94.3761,23.0014],[94.3686,23.0001],[94.3626,22.989],[94.3657,22.9785],[94.3848,22.948],[94.4067,22.9432],[94.4512,22.9455],[94.4745,22.9442],[94.4963,22.9373],[94.5125,22.9234],[94.5189,22.9012],[94.5281,22.8884],[94.5501,22.8846],[94.5752,22.8864],[94.5945,22.8902],[94.5995,22.8931],[94.6093,22.9016],[94.615,22.9046],[94.6199,22.9051],[94.6306,22.9039],[94.6549,22.9077],[94.6607,22.9112],[94.6629,22.9217],[94.6626,22.9481],[94.6657,22.9696],[94.678,22.9832],[94.705,22.9865],[94.728,22.98],[94.7402,22.9663],[94.7446,22.9463],[94.7454,22.9217],[94.7436,22.916],[94.74,22.9117],[94.7383,22.9073],[94.742,22.9012],[94.7581,22.8858],[94.7603,22.8807],[94.7594,22.8677],[94.7566,22.8582],[94.752,22.8507],[94.7454,22.8431],[94.7032,22.8108],[94.69,22.7947],[94.7286,22.7264],[94.7472,22.7237],[94.7642,22.7154],[94.7763,22.7006],[94.78,22.6787],[94.7656,22.6432],[94.7607,22.6206],[94.7787,22.6004],[94.8074,22.5414],[94.8131,22.4952],[94.8194,22.4703],[94.8314,22.4595],[94.8462,22.4557],[94.9036,22.4248],[94.9102,22.4179],[94.9141,22.41],[94.9197,22.4025],[94.9302,22.3968],[94.9756,22.3968],[94.9822,22.3936],[94.9876,22.3858],[94.9909,22.3759],[94.9946,22.3521],[95.0006,22.3439],[95.0196,22.3292],[95.0304,22.3107],[95.0405,22.2684],[95.0508,22.2501],[95.065,22.2315],[95.0715,22.2161],[95.0811,22.1783],[95.1192,22.1108],[95.1352,22.0734],[95.1358,22.0275],[95.1304,21.9901],[95.1289,21.9484],[95.1306,21.926],[95.1469,21.8396],[95.1522,21.8233],[95.1605,21.8104],[95.189,21.7804],[95.2067,21.7459],[95.2177,21.7333],[95.2344,21.7213],[95.2426,21.7119],[95.2454,21.6987],[95.2456,21.6747],[95.2499,21.6544],[95.2686,21.6221],[95.273,21.5992],[95.2708,21.579],[95.2613,21.547],[95.2593,21.5267],[95.273,21.4447]]}},{"type":"Feature","properties":{"scalerank":7,"name":"Krong"},"geometry":{"type":"LineString","coordinates":[[108.0665,11.8854],[108.0767,11.8987],[108.087,11.9097],[108.0925,11.9224],[108.0876,11.9401],[108.0811,11.9449],[108.072,11.9482],[108.064,11.9534],[108.0603,11.9643],[108.0564,11.9717],[108.0323,11.9953],[108.023,12.0078],[108.0199,12.0151],[108.0176,12.0404],[108.0139,12.046],[108.0074,12.0493],[107.9982,12.0567],[107.989,12.0641],[107.9853,12.0646],[107.9844,12.0673],[107.9846,12.081],[107.9865,12.0913],[107.9954,12.114],[107.9982,12.1257],[108.0051,12.1257],[108.0139,12.121],[108.0241,12.128],[108.0372,12.1389],[108.0534,12.1462],[108.0945,12.1402],[108.1138,12.1434],[108.1218,12.1629],[108.1236,12.1713],[108.1272,12.1804],[108.1299,12.1902],[108.1287,12.2008],[108.1244,12.2048],[108.1013,12.2213],[108.0835,12.252],[108.0807,12.2595],[108.0766,12.2642],[108.0579,12.274],[108.0464,12.2908],[108.0296,12.2983],[108.0102,12.3025],[107.9949,12.3038],[107.9788,12.3071],[107.9671,12.3153],[107.9412,12.3538],[107.9348,12.3701],[107.9312,12.3884],[107.9299,12.41],[107.9353,12.425],[107.9483,12.4363],[107.964,12.4404],[107.9778,12.4335],[107.988,12.4459],[108.0005,12.467],[108.0059,12.4868],[107.9949,12.4956],[107.9893,12.4987],[107.9763,12.5124],[107.9225,12.5297],[107.9102,12.5379],[107.908,12.5441],[107.9089,12.5571],[107.9116,12.5662],[107.9165,12.5725],[107.9238,12.5763],[107.9331,12.5776],[107.9465,12.5849],[107.9475,12.6023],[107.9361,12.639],[107.9334,12.6444],[107.9297,12.6494],[107.9258,12.656],[107.9225,12.6663],[107.921,12.6978],[107.9194,12.7045],[107.9127,12.7141],[107.9124,12.7202],[107.9146,12.7253],[107.9163,12.7321],[107.9136,12.7442],[107.9065,12.7498],[107.8784,12.7605],[107.8723,12.7611],[107.8676,12.7642],[107.8618,12.7762],[107.8635,12.7851],[107.8687,12.7967],[107.8692,12.8067],[107.8584,12.8109],[107.8328,12.8154],[107.829,12.8273],[107.8303,12.8446],[107.8208,12.8649],[107.8126,12.8697],[107.8052,12.8697],[107.8005,12.8673],[107.8003,12.8649],[107.7844,12.8716],[107.7774,12.8764],[107.783,12.8786],[107.7895,12.8866],[107.793,12.9024],[107.7905,12.9132],[107.7792,12.9065],[107.773,12.9065],[107.735,12.9249],[107.7147,12.9339],[107.6931,12.9373],[107.6826,12.9464],[107.6751,12.9595],[107.6631,12.9748],[107.6465,12.9852],[107.6338,12.984],[107.6212,12.9783],[107.605,12.9748],[107.5632,12.9748],[107.5533,12.9783],[107.5474,12.9866],[107.5431,12.9959],[107.5391,13.0028],[107.4741,13.0437],[107.4706,13.0467],[107.4484,13.0589],[107.4434,13.0607],[107.4413,13.0638],[107.4307,13.0653],[107.426,13.0676],[107.4225,13.0749],[107.4247,13.0812],[107.4282,13.0869],[107.4291,13.0921],[107.4163,13.1304],[107.4058,13.1468],[107.3918,13.1536],[107.3774,13.2371]]}},{"type":"Feature","properties":{"scalerank":7,"name":"Wu"},"geometry":{"type":"LineString","coordinates":[[106.7309,27.3177],[106.8158,27.3177],[106.822,27.3187],[106.8316,27.3234],[106.8367,27.3245],[106.8425,27.3225],[106.8516,27.3135],[106.8574,27.3115],[106.8628,27.3067],[106.8804,27.284],[106.888,27.2767],[106.9072,27.2691],[106.9177,27.2745],[106.963,27.3375],[106.9754,27.3499],[106.9915,27.3587],[107.0181,27.3595],[107.0366,27.347],[107.054,27.3319],[107.0769,27.3245],[107.0977,27.329],[107.1299,27.3509],[107.1491,27.3587],[107.19,27.3543],[107.1832,27.3251],[107.1355,27.263],[107.1296,27.2572],[107.1238,27.2535],[107.1218,27.2493],[107.128,27.2425],[107.1426,27.2357],[107.1519,27.2389],[107.1606,27.2457],[107.1729,27.2494],[107.2385,27.2516],[107.3274,27.2815],[107.3604,27.3001],[107.3887,27.3245],[107.3982,27.3413],[107.4151,27.3863],[107.426,27.4033],[107.4346,27.4112],[107.4451,27.4188],[107.4564,27.4246],[107.4804,27.4307],[107.4933,27.4488],[107.5048,27.4549],[107.5168,27.4549],[107.5208,27.45],[107.522,27.4423],[107.5254,27.4344],[107.5491,27.4057],[107.5532,27.4033],[107.5617,27.3958],[107.6147,27.3723],[107.6414,27.3726],[107.667,27.3828],[107.6887,27.3998],[107.7041,27.4207],[107.6841,27.4207],[107.6875,27.4269],[107.7114,27.4412],[107.7237,27.4535],[107.7451,27.4896],[107.7525,27.4896],[107.7701,27.479],[107.7866,27.495],[107.8037,27.5306],[107.8139,27.5405],[107.824,27.5473],[107.8378,27.5504],[107.8614,27.5508],[107.8725,27.553],[107.8823,27.5579],[107.893,27.5739],[107.8941,27.5942],[107.8884,27.6367],[107.898,27.6434],[107.9567,27.6671],[107.999,27.7027],[108.0154,27.7081],[108.0217,27.7112],[108.0407,27.7254],[108.0498,27.7286],[108.069,27.7301],[108.079,27.7324],[108.0876,27.736],[108.105,27.7495],[108.1389,27.7944],[108.1618,27.805],[108.1812,27.7999],[108.1974,27.7913],[108.2105,27.7913],[108.2159,27.8012],[108.2346,27.8648],[108.2465,27.9535],[108.2454,27.9688],[108.2371,27.9846],[108.1975,28.024],[108.187,28.0521],[108.1907,28.079],[108.2029,28.1041],[108.2361,28.1553],[108.2432,28.1722],[108.2454,28.1879],[108.2402,28.2044],[108.231,28.2152],[108.2202,28.2245],[108.2105,28.2363],[108.229,28.2591],[108.2515,28.3056],[108.2726,28.3256],[108.2857,28.3306],[108.2966,28.3327],[108.304,28.3389],[108.3067,28.3561],[108.3018,28.3623],[108.2657,28.3803],[108.2726,28.3927],[108.2818,28.3995],[108.3067,28.407],[108.3149,28.4077],[108.3233,28.4068],[108.3315,28.4071],[108.3381,28.4107],[108.3599,28.4263],[108.3976,28.4473],[108.4036,28.4517],[108.4072,28.4824],[108.4099,28.4895],[108.4192,28.494],[108.4478,28.4984],[108.4583,28.5032],[108.4663,28.5142],[108.4727,28.5274],[108.4767,28.5414],[108.478,28.5547],[108.4832,28.5738],[108.5034,28.6126],[108.5054,28.6397],[108.485,28.6402],[108.4058,28.6583],[108.3638,28.6776],[108.3449,28.682],[108.3301,28.6891],[108.3228,28.7058],[108.3206,28.725],[108.3204,28.7397],[108.329,28.7567],[108.3671,28.7769],[108.3756,28.7943],[108.3713,28.8159],[108.3611,28.8304],[108.3497,28.8432],[108.3416,28.8594],[108.3403,28.8692],[108.3413,28.9121],[108.3403,28.9195],[108.3013,29.0059],[108.2921,29.0449],[108.3001,29.086],[108.2905,29.1365],[108.2667,29.1627],[108.2337,29.1813],[108.1975,29.2089],[108.1848,29.2243],[108.1736,29.2423],[108.1657,29.2616],[108.1627,29.2812],[108.1584,29.2928],[108.149,29.3021],[108.1397,29.3093],[108.1355,29.315],[108.1287,29.3529],[108.1083,29.3868],[108.0725,29.3968],[107.9521,29.3848],[107.9454,29.3745],[107.9436,29.3495],[107.9384,29.3263],[107.9254,29.3091],[107.8965,29.2846],[107.8912,29.2788],[107.8868,29.2722],[107.8838,29.2651],[107.8823,29.2574],[107.8673,29.2641],[107.8491,29.2766],[107.8335,29.2921],[107.824,29.3155],[107.8163,29.3214],[107.8051,29.326],[107.7918,29.3297],[107.7451,29.3392],[107.7288,29.3461],[107.7177,29.3529],[107.6885,29.3771],[107.6799,29.3802],[107.6765,29.3826],[107.6458,29.3973],[107.6349,29.4005],[107.5806,29.4007],[107.562,29.4095],[107.5263,29.4366],[107.5157,29.4422],[107.4707,29.518],[107.4786,29.5629],[107.4749,29.5838],[107.4536,29.5925],[107.4312,29.5966],[107.4124,29.6075],[107.398,29.6229],[107.3887,29.6409],[107.3857,29.6551],[107.3859,29.6669],[107.3887,29.6853],[107.3941,29.6944],[107.4041,29.7032],[107.4099,29.7143],[107.4024,29.7303]]}},{"type":"Feature","properties":{"scalerank":7,"name":"Wu"},"geometry":{"type":"LineString","coordinates":[[106.7309,27.3177],[106.7241,27.3177]]}},{"type":"Feature","properties":{"scalerank":7,"name":"Wu"},"geometry":{"type":"LineString","coordinates":[[104.5925,26.8083],[104.6074,26.8006],[104.6467,26.7692],[104.6546,26.7574],[104.7358,26.7083],[104.7571,26.699],[104.7647,26.6989],[104.7779,26.7044],[104.7877,26.7059],[104.7986,26.7027],[104.8159,26.6886],[104.8225,26.6854],[104.8372,26.6881],[104.8452,26.6942],[104.8515,26.701],[104.86,26.7059],[104.8914,26.6992],[104.9312,26.6873],[104.9352,26.6839],[104.9363,26.6617],[104.9424,26.6461],[104.9567,26.6383],[104.9837,26.6392],[105.0003,26.6464],[105.0205,26.66],[105.0377,26.6744],[105.0515,26.6922],[105.0663,26.6839],[105.0928,26.6597],[105.11,26.6487],[105.1275,26.6423],[105.1458,26.6438],[105.1648,26.6566],[105.1847,26.6644],[105.1926,26.6446],[105.1958,26.5983],[105.2163,26.5914],[105.2258,26.5624],[105.2263,26.5561],[105.231,26.5519],[105.2471,26.5505],[105.256,26.5482],[105.276,26.5384],[105.2881,26.5362],[105.2944,26.5396],[105.3147,26.554],[105.3262,26.5567],[105.3397,26.5529],[105.3469,26.5455],[105.3511,26.537],[105.3535,26.5294],[105.3535,26.524],[105.3472,26.5148],[105.3461,26.5089],[105.3489,26.5036],[105.3584,26.4984],[105.3604,26.4921],[105.3622,26.4726],[105.3673,26.4505],[105.376,26.4296],[105.3877,26.4134],[105.4033,26.4039],[105.4213,26.3964],[105.436,26.3863],[105.4508,26.3496],[105.4716,26.3405],[105.4966,26.3377],[105.5457,26.3376],[105.5639,26.3401],[105.5789,26.3491],[105.5968,26.3686],[105.6103,26.3763],[105.6751,26.3928],[105.6867,26.3926],[105.7066,26.3874],[105.7167,26.386],[105.7226,26.3883],[105.7332,26.3983],[105.7371,26.4003],[105.7432,26.3973],[105.7478,26.3925],[105.7512,26.388],[105.7542,26.386],[105.7871,26.3877],[105.8038,26.3919],[105.8259,26.4003],[105.8829,26.4299],[105.905,26.4338],[105.9302,26.4351],[105.9508,26.439],[106.0757,26.481],[106.1096,26.4991],[106.1349,26.5362],[106.1504,26.5994],[106.1588,26.6151],[106.162,26.626],[106.1576,26.6386],[106.1487,26.6491],[106.1383,26.6535],[106.1323,26.6573],[106.1423,26.6654],[106.1565,26.6726],[106.1624,26.674],[106.1707,26.6905],[106.1721,26.7082],[106.1692,26.7525],[106.1631,26.7776],[106.1497,26.7938],[106.1355,26.8057],[106.1275,26.8174],[106.1304,26.8384],[106.145,26.8536],[106.1656,26.8627],[106.1861,26.8658],[106.1964,26.8701],[106.2097,26.8889],[106.2203,26.8931],[106.2385,26.8935],[106.2504,26.8863],[106.2599,26.8781],[106.2644,26.8715],[106.2706,26.8687],[106.2852,26.872],[106.2903,26.8757],[106.3093,26.8966],[106.3189,26.8994],[106.3399,26.8874],[106.3504,26.8897],[106.3572,26.8982],[106.3587,26.9057],[106.3585,26.9146],[106.3603,26.9273],[106.3668,26.9461],[106.3779,26.9664],[106.3931,26.9826],[106.437,26.996],[106.44,27.0116],[106.4314,27.0297],[106.4224,27.044],[106.4121,27.0641],[106.4059,27.0837],[106.4028,27.1046],[106.4019,27.129],[106.405,27.1414],[106.4129,27.1469],[106.4229,27.1505],[106.4326,27.1569],[106.4467,27.1881],[106.4502,27.1942],[106.459,27.1961],[106.4813,27.1931],[106.4907,27.1942],[106.5203,27.2226],[106.6079,27.2699],[106.6313,27.2927],[106.6428,27.2985],[106.7148,27.3124],[106.7309,27.3177]]}},{"type":"Feature","properties":{"scalerank":7,"name":"Xiang"},"geometry":{"type":"LineString","coordinates":[[110.617,25.4879],[110.6241,25.4926],[110.6414,25.5012],[110.6511,25.5084],[110.6655,25.5264],[110.6743,25.5335],[110.688,25.5363],[110.6891,25.5406],[110.698,25.5609],[110.7017,25.567],[110.7065,25.5781],[110.7009,25.5867],[110.6853,25.5977],[110.6788,25.628],[110.692,25.6588],[110.7393,25.7138],[110.7537,25.7269],[110.7708,25.738],[110.7883,25.7457],[110.8045,25.7486],[110.8269,25.7551],[110.8453,25.7711],[110.8599,25.7913],[110.8818,25.8312],[110.8933,25.8438],[110.9438,25.8723],[110.9497,25.8767],[110.9522,25.882],[110.9552,25.8865],[110.9622,25.8848],[110.9726,25.8789],[110.9942,25.8897],[111.0015,25.8964],[111.0068,25.9068],[111.0142,25.8994],[111.0234,25.9031],[111.0291,25.9014],[111.0339,25.8986],[111.0409,25.8994],[111.0465,25.9043],[111.0464,25.9098],[111.0454,25.9154],[111.0484,25.9205],[111.0593,25.9276],[111.0886,25.9404],[111.0865,25.9536],[111.0876,25.9668],[111.0911,25.9789],[111.0961,25.9888],[111.0973,25.9888],[111.1099,26.0006],[111.1099,26.0018],[111.1177,26.0067],[111.1222,26.0089],[111.1256,26.0075],[111.1303,26.0018],[111.1411,26.0101],[111.1522,26.015],[111.1608,26.0211],[111.1665,26.0412],[111.198,26.0922],[111.2532,26.2352],[111.2564,26.2562],[111.2607,26.2651],[111.2832,26.2731],[111.2857,26.2833],[111.2813,26.295],[111.2737,26.3035],[111.3181,26.3217],[111.332,26.3239],[111.365,26.3176],[111.3801,26.3189],[111.3904,26.3314],[111.395,26.3264],[111.4018,26.3217],[111.4046,26.3172],[111.4138,26.3228],[111.4229,26.3233],[111.4309,26.3189],[111.4382,26.3096],[111.4507,26.3129],[111.4624,26.3111],[111.4723,26.3121],[111.4797,26.3239],[111.4872,26.3239],[111.4903,26.3118],[111.4959,26.3029],[111.5039,26.296],[111.5144,26.2904],[111.5134,26.2937],[111.5168,26.2983],[111.5224,26.3023],[111.5274,26.3035],[111.5327,26.3011],[111.5364,26.2938],[111.5679,26.272],[111.5759,26.2687],[111.5883,26.2687],[111.5908,26.2706],[111.5918,26.2759],[111.5995,26.2867],[111.6072,26.3077],[111.5903,26.3508],[111.5927,26.3686],[111.604,26.3894],[111.6041,26.4079],[111.5959,26.4232],[111.5821,26.4338],[111.5899,26.4454],[111.6075,26.458],[111.617,26.468],[111.6231,26.4803],[111.6314,26.5059],[111.6373,26.5157],[111.6459,26.5224],[111.6692,26.5363],[111.6783,26.5436],[111.6869,26.5554],[111.6917,26.5646],[111.6984,26.5719],[111.7131,26.5778],[111.7131,26.5847],[111.7055,26.59],[111.7017,26.5965],[111.7017,26.6038],[111.7057,26.6114],[111.7304,26.5865],[111.7398,26.5716],[111.7403,26.5505],[111.7517,26.5567],[111.7526,26.5647],[111.751,26.5742],[111.754,26.5847],[111.7654,26.5959],[111.7755,26.5996],[111.7981,26.5983],[111.8007,26.5963],[111.8027,26.5857],[111.8049,26.5812],[111.811,26.5779],[111.8155,26.5795],[111.8198,26.5828],[111.8257,26.5847],[111.8466,26.5813],[111.8543,26.5847],[111.8633,26.5983],[111.8671,26.5884],[111.8701,26.5567],[111.8694,26.5476],[111.8645,26.5308],[111.8633,26.5195],[111.8686,26.5065],[111.8796,26.5113],[111.8894,26.5228],[111.8906,26.5294],[111.9006,26.5256],[111.9072,26.5186],[111.9114,26.5119],[111.9148,26.5089],[111.9277,26.501],[111.9518,26.4651],[111.9663,26.4549],[111.9849,26.4548],[112.0234,26.4652],[112.0488,26.468],[112.0488,26.4748],[112.0438,26.4762],[112.0413,26.4779],[112.0391,26.4798],[112.0347,26.4822],[112.0486,26.4969],[112.0679,26.5003],[112.1138,26.4959],[112.1331,26.5011],[112.1475,26.5139],[112.1724,26.5436],[112.1894,26.5487],[112.213,26.5484],[112.2291,26.5412],[112.2236,26.5263],[112.1873,26.5018],[112.1807,26.4886],[112.1991,26.4748],[112.2199,26.472],[112.2499,26.4737],[112.2769,26.4803],[112.2885,26.4921],[112.2907,26.4974],[112.2957,26.5021],[112.3004,26.5086],[112.3027,26.5195],[112.3007,26.5537],[112.3027,26.5642],[112.3169,26.5769],[112.3335,26.5728],[112.3491,26.5625],[112.3603,26.5567],[112.3757,26.5637],[112.3969,26.5935],[112.4114,26.5983],[112.4175,26.5938],[112.4319,26.5704],[112.4419,26.5638],[112.4487,26.5623],[112.4629,26.5642],[112.4743,26.5673],[112.479,26.5744],[112.4809,26.5814],[112.4834,26.5847],[112.4942,26.5831],[112.5093,26.5775],[112.5206,26.5778],[112.5376,26.5848],[112.5709,26.6067],[112.6199,26.6142],[112.6275,26.623],[112.6275,26.6381],[112.6305,26.6597],[112.6348,26.6687],[112.6515,26.6945],[112.6631,26.7233],[112.6692,26.732],[112.6773,26.7514],[112.6573,26.7574],[112.6106,26.7559],[112.5899,26.7688],[112.5835,26.7896],[112.5916,26.8089],[112.6144,26.8174],[112.6375,26.8199],[112.6487,26.8277],[112.6657,26.8583],[112.6309,26.8736],[112.6165,26.8851],[112.6106,26.9033],[112.6161,26.9226],[112.6425,26.9537],[112.6515,26.9757],[112.6534,27.0161],[112.6606,27.0267],[112.6824,27.0303],[112.6977,27.0219],[112.7057,27.0046],[112.7166,26.9899],[112.7403,26.9893],[112.7575,27.002],[112.7599,27.021],[112.7517,27.0421],[112.7372,27.0607],[112.7283,27.083],[112.7485,27.0917],[112.7759,27.0928],[112.7888,27.0917],[112.8079,27.1019],[112.8077,27.118],[112.8042,27.133],[112.8132,27.1395],[112.84,27.1455],[112.8476,27.1605],[112.844,27.2016],[112.8611,27.2352],[112.9209,27.2864],[112.9321,27.3245],[112.9273,27.3447],[112.9089,27.3854],[112.9048,27.4102],[112.9135,27.4234],[112.9335,27.4342],[112.9736,27.4486],[112.9869,27.432],[112.992,27.4139],[113.0006,27.3994],[113.0247,27.3934],[113.0445,27.3997],[113.0438,27.4154],[113.0361,27.4354],[113.0352,27.4549],[113.064,27.4793],[113.1072,27.4956],[113.1382,27.5172],[113.1314,27.5579],[113.1118,27.5921],[113.1057,27.6121],[113.1034,27.6367],[113.1065,27.6594],[113.1205,27.6946],[113.124,27.7149],[113.1225,27.7264],[113.114,27.746],[113.1109,27.7565],[113.1108,27.7661],[113.1162,27.7821],[113.1177,27.7944],[113.1209,27.7974],[113.1276,27.8026],[113.1345,27.8104],[113.1376,27.8214],[113.1358,27.8329],[113.1309,27.8411],[113.1225,27.8472],[113.1109,27.8521],[113.0903,27.8568],[113.083,27.8596],[113.0629,27.8521],[113.0166,27.8514],[112.9973,27.8421],[112.9647,27.8146],[112.9446,27.8028],[112.9253,27.7974],[112.9038,27.8006],[112.8914,27.8113],[112.8857,27.8279],[112.8843,27.8489],[112.8935,27.8623],[112.9532,27.9067],[112.9877,27.9524],[112.9911,27.9584],[112.9879,27.9654],[112.95,28.0079],[112.94,28.0229],[112.9321,28.0445],[112.9304,28.0684],[112.9356,28.0876],[112.9424,28.1048],[112.9595,28.2015],[112.9609,28.2447],[112.9543,28.2791],[112.9369,28.3074],[112.8709,28.3566],[112.844,28.3857],[112.8013,28.4527],[112.7661,28.5075],[112.7615,28.5236],[112.7627,28.5451],[112.7714,28.5532],[112.7855,28.5585],[112.8024,28.5721],[112.8103,28.5889],[112.8108,28.6081],[112.8052,28.6262],[112.7957,28.6397],[112.7765,28.6499],[112.7558,28.6514],[112.7343,28.647],[112.7136,28.6397],[112.7112,28.6744],[112.7485,28.6968],[112.7939,28.7173],[112.816,28.7464],[112.8267,28.7666],[112.8736,28.7769],[112.8843,28.7943],[112.893,28.858],[112.8917,28.8806],[112.8818,28.9158],[112.8794,28.9352],[112.8843,28.9557],[112.8965,28.9715],[112.9495,29.0069],[112.9822,29.035],[113.0109,29.0687],[113.0181,29.0887],[113.0134,29.1105],[112.9936,29.1475]]}},{"type":"Feature","properties":{"scalerank":7,"name":"Huai"},"geometry":{"type":"LineString","coordinates":[[113.7205,32.416],[113.7273,32.4234],[113.738,32.4166],[113.7467,32.4173],[113.7549,32.4212],[113.7651,32.4234],[113.7725,32.4221],[113.7962,32.4098],[113.7984,32.4221],[113.8046,32.4257],[113.8234,32.4234],[113.8258,32.4215],[113.8507,32.4098],[113.8563,32.4029],[113.8769,32.343],[113.8787,32.3306],[113.8831,32.3189],[113.8923,32.3146],[113.9018,32.3115],[113.9059,32.3033],[113.8991,32.286],[113.8993,32.2767],[113.9302,32.2647],[113.9431,32.2499],[113.9536,32.2413],[113.968,32.2521],[113.9841,32.2428],[114.004,32.2416],[114.021,32.2499],[114.0336,32.2808],[114.0571,32.3019],[114.0624,32.3102],[114.0718,32.3658],[114.0846,32.397],[114.104,32.4098],[114.103,32.4264],[114.1134,32.4425],[114.1304,32.4498],[114.1487,32.4402],[114.1588,32.4266],[114.1633,32.4221],[114.1723,32.416],[114.1821,32.4108],[114.1936,32.4069],[114.2047,32.406],[114.2139,32.4098],[114.2377,32.3895],[114.3101,32.3608],[114.3257,32.3484],[114.3413,32.3299],[114.355,32.3082],[114.3648,32.2862],[114.3823,32.2924],[114.4005,32.2877],[114.4195,32.2805],[114.4404,32.2788],[114.4713,32.2942],[114.4902,32.3005],[114.5053,32.2965],[114.5219,32.2877],[114.5366,32.2924],[114.5527,32.3017],[114.5737,32.3067],[114.5857,32.305],[114.5952,32.3026],[114.6041,32.303],[114.6145,32.3102],[114.6227,32.3126],[114.6469,32.3097],[114.6589,32.3136],[114.6597,32.2874],[114.6782,32.2926],[114.7173,32.3198],[114.7378,32.3142],[114.7628,32.3035],[114.7876,32.2968],[114.8067,32.3033],[114.8233,32.3059],[114.8804,32.2928],[114.899,32.2862],[114.9197,32.2741],[114.9308,32.2708],[114.9475,32.2727],[114.958,32.2776],[114.9718,32.2926],[114.9816,32.2999],[115.0046,32.2928],[115.0334,32.2932],[115.0606,32.2988],[115.0772,32.3067],[115.0962,32.3524],[115.1089,32.3686],[115.1256,32.3546],[115.1454,32.3594],[115.1655,32.3565],[115.1826,32.3475],[115.1939,32.3341],[115.1995,32.3384],[115.2053,32.3416],[115.2114,32.342],[115.2175,32.3378],[115.2249,32.3338],[115.2314,32.3376],[115.2378,32.3438],[115.2451,32.3471],[115.2744,32.3482],[115.2885,32.3513],[115.3486,32.3817],[115.3672,32.3976],[115.351,32.4098],[115.351,32.416],[115.3611,32.4217],[115.3713,32.4233],[115.3799,32.4196],[115.3858,32.4098],[115.3926,32.4098],[115.4263,32.4344],[115.5302,32.4011],[115.5645,32.4098]]}},{"type":"Feature","properties":{"scalerank":7,"name":"Huai"},"geometry":{"type":"LineString","coordinates":[[115.5645,32.4024],[115.5854,32.4123],[115.6091,32.4163],[115.631,32.4133],[115.6464,32.4024],[115.6871,32.4666],[115.6936,32.4918],[115.7261,32.4811],[115.7416,32.4791],[115.7545,32.4982],[115.7685,32.491],[115.7898,32.4706],[115.8081,32.5033],[115.8432,32.5424],[115.8843,32.5716],[115.92,32.5743],[115.9612,32.5989],[115.9893,32.6106],[116.002,32.6047],[116.0097,32.5909],[116.0269,32.5747],[116.0574,32.5532],[116.0764,32.5437],[116.0961,32.5304],[116.1016,32.5279],[116.1072,32.5244],[116.1119,32.5191],[116.1133,32.513],[116.1124,32.5066],[116.1121,32.5004],[116.1267,32.4788],[116.137,32.4576],[116.151,32.4387],[116.1741,32.4296],[116.2429,32.4607],[116.2467,32.4777],[116.2571,32.4964],[116.2717,32.5118],[116.2895,32.5191],[116.3137,32.5128],[116.3464,32.4786],[116.3623,32.4706],[116.3776,32.4658],[116.4213,32.4431],[116.4409,32.4365],[116.4813,32.4451],[116.5054,32.475],[116.5214,32.5012]]}},{"type":"Feature","properties":{"scalerank":7,"name":"Ingoda"},"geometry":{"type":"LineString","coordinates":[[111.0278,49.7958],[111.0309,49.821],[111.0392,49.8378],[111.0523,49.8498],[111.0689,49.8607],[111.1275,49.9149],[111.1699,49.9307],[111.1814,49.9495],[111.1852,49.972],[111.1848,49.991],[111.1817,50.0103],[111.1616,50.066],[111.1455,50.1129],[111.1442,50.1348],[111.1508,50.1555],[111.1701,50.1904],[111.1764,50.2092],[111.1804,50.2531],[111.186,50.2713],[111.1967,50.2872],[111.2129,50.2989],[111.235,50.3038],[111.2927,50.3093],[111.3115,50.3168],[111.3699,50.3752],[111.3911,50.3889],[111.3972,50.3951],[111.4019,50.4063],[111.4048,50.4178],[111.4099,50.4269],[111.4382,50.4371],[111.4551,50.4527],[111.4797,50.4851],[111.488,50.5032],[111.4898,50.5201],[111.4872,50.5565],[111.4795,50.5755],[111.4605,50.5832],[111.4379,50.5869],[111.4176,50.5943],[111.4114,50.6008],[111.4026,50.616],[111.3972,50.6216],[111.3866,50.6263],[111.3621,50.6331],[111.3338,50.65],[111.2825,50.6647],[111.2599,50.6763],[111.2468,50.6906],[111.2319,50.7139],[111.2267,50.7356],[111.2433,50.7452],[111.263,50.7532],[111.2798,50.7725],[111.3015,50.8134],[111.3033,50.8237],[111.3032,50.8459],[111.3077,50.855],[111.3174,50.8588],[111.3339,50.8614],[111.3493,50.8617],[111.3563,50.8581],[111.3687,50.8335],[111.3972,50.835],[111.4456,50.855],[111.4535,50.8531],[111.4758,50.8433],[111.4872,50.8408],[111.5022,50.8414],[111.5278,50.8464],[111.5545,50.8482],[111.563,50.8512],[111.5676,50.8583],[111.569,50.8714],[111.5742,50.8795],[111.5859,50.8841],[111.61,50.8885],[111.676,50.9188],[111.6958,50.9233],[111.7422,50.9206],[111.7585,50.9279],[111.7751,50.9506],[111.7857,50.969],[111.7991,50.9869],[111.8164,51.0004],[111.8391,51.0059],[111.8953,51.0095],[111.9194,51.0157],[111.9944,51.0489],[112.0204,51.0568],[112.073,51.0617],[112.0991,51.067],[112.124,51.0758],[112.1445,51.0878],[112.1455,51.0917],[112.1436,51.1042],[112.1445,51.1083],[112.1499,51.1116],[112.1607,51.1132],[112.165,51.1151],[112.1736,51.122],[112.1838,51.1285],[112.194,51.1331],[112.2256,51.1389],[112.2463,51.1487],[112.3225,51.2106],[112.3579,51.2228],[112.3862,51.2404],[112.4044,51.245],[112.4201,51.2524],[112.4319,51.2728],[112.4337,51.284],[112.4343,51.3035],[112.4386,51.3137],[112.446,51.321],[112.4659,51.3303],[112.4766,51.3376],[112.519,51.3846],[112.5349,51.3956],[112.769,51.4716],[112.7855,51.482],[112.8262,51.532],[112.844,51.5465],[112.9076,51.5765],[112.9404,51.5877],[113.0069,51.6484],[113.0418,51.6881],[113.0488,51.7008],[113.0523,51.711],[113.061,51.7199],[113.0796,51.7349],[113.0872,51.7465],[113.0875,51.7572],[113.083,51.7799],[113.0816,51.7984],[113.0833,51.8036],[113.0898,51.814],[113.0959,51.8216],[113.1209,51.8447],[113.1376,51.8785],[113.1426,51.8832],[113.1724,51.8959],[113.1881,51.9106],[113.2022,51.9286],[113.2177,51.944],[113.2525,51.9547],[113.3599,52.005],[113.3809,52.011],[113.4092,52.0133],[113.4204,52.0106],[113.433,52.0059],[113.4457,52.004],[113.4667,52.0152],[113.4809,52.0186],[113.4957,52.0198],[113.5081,52.0195],[113.5331,52.0111],[113.5689,51.9842],[113.5934,51.9785],[113.5962,51.9744],[113.6306,51.9357],[113.6332,51.9248],[113.6342,51.9142],[113.6384,51.9033],[113.6577,51.887],[113.7039,51.8719],[113.7239,51.8587],[113.7393,51.8446],[113.7457,51.8359],[113.7482,51.8245],[113.7456,51.8119],[113.7405,51.8035],[113.7373,51.7963],[113.7408,51.7867],[113.7599,51.7753],[113.8194,51.7644],[113.8595,51.7474],[113.9026,51.7546],[113.9265,51.7526],[113.9452,51.743],[113.9605,51.7283],[113.9705,51.7093],[113.9742,51.6868],[113.9832,51.672],[114.0037,51.6586],[114.042,51.6427],[114.0567,51.6402],[114.0899,51.6386],[114.104,51.6353],[114.1089,51.6293],[114.1121,51.6201],[114.1173,51.6116],[114.1282,51.6079],[114.3267,51.6042],[114.3476,51.6116],[114.3679,51.6239],[114.3939,51.6279],[114.4473,51.6284],[114.485,51.6406],[114.4956,51.6427],[114.5112,51.6416],[114.5381,51.6364],[114.5533,51.6353],[114.5755,51.6391],[114.5929,51.6485],[114.6248,51.6706],[114.6366,51.6758],[114.6597,51.6817],[114.6731,51.6837],[114.6939,51.6829],[114.7005,51.6837],[114.7066,51.6866],[114.7187,51.6955],[114.7465,51.7044],[114.7639,51.7209],[114.7799,51.7394],[114.7966,51.7526],[114.8214,51.7595],[114.896,51.7587],[114.9094,51.7567],[114.9274,51.7473],[114.937,51.7451],[115.0462,51.746],[115.3751,51.7922],[115.4006,51.7867],[115.4418,51.7681],[115.4644,51.7638],[115.5138,51.7755],[115.6768,51.7595],[115.7091,51.7441],[115.759,51.7451],[115.7717,51.7437],[115.8286,51.7224]]}},{"type":"Feature","properties":{"scalerank":7,"name":"Olëkma"},"geometry":{"type":"LineString","coordinates":[[120.6538,60.4067],[120.6508,60.3809],[120.6518,60.3538],[120.6558,60.3365],[120.6636,60.3196],[120.6742,60.3042],[120.6861,60.291],[120.7009,60.2819],[120.7184,60.2778],[120.7545,60.2762],[120.7683,60.2789],[120.7792,60.2867],[120.7986,60.3082],[120.8199,60.3272],[120.848,60.3466],[120.8782,60.3598],[120.9065,60.3604],[121.002,60.3507],[121.0325,60.3406],[121.1349,60.2744],[121.1699,60.2429],[121.2107,60.1916],[121.209,60.1808],[121.1817,60.1459],[121.1797,60.1415],[121.1778,60.139],[121.1648,60.1287],[121.148,60.1112],[121.1404,60.0952],[121.1384,60.0836],[121.1384,60.079]]}},{"type":"Feature","properties":{"scalerank":7,"name":"Olëkma"},"geometry":{"type":"LineString","coordinates":[[117.3899,53.8856],[117.5376,53.9061],[117.6199,53.9061],[117.7258,53.9263],[117.7585,53.9412],[117.7864,53.9611],[117.7984,53.9818],[117.7915,53.9818],[117.8056,53.9976],[117.8496,54.0188],[117.8704,54.0333],[117.8828,54.0507],[117.9028,54.0886],[117.9205,54.1047],[117.9893,54.1358],[118.0068,54.1395],[118.0132,54.1448],[118.021,54.1566],[118.0235,54.1683],[118.0137,54.1737],[118.0143,54.1786],[118.0263,54.2012],[118.0419,54.2228],[118.0491,54.2261],[118.0654,54.2282],[118.0908,54.2224],[118.1017,54.2243],[118.1134,54.2559],[118.1314,54.2651],[118.1536,54.2687],[118.2297,54.2708],[118.3303,54.2847],[118.5069,54.3304],[118.5639,54.3373],[118.6304,54.3583],[118.668,54.3586],[118.7051,54.3547],[118.7211,54.3555],[118.7363,54.3586],[118.7454,54.3625],[118.7524,54.367],[118.7599,54.3707],[118.771,54.3723],[118.7807,54.3701],[118.7984,54.3607],[118.8088,54.3586],[118.8255,54.3618],[118.8582,54.3758],[118.8706,54.3791],[118.8886,54.3863],[118.9082,54.4112],[118.9218,54.4064],[118.9332,54.4168],[118.9353,54.4308],[118.9356,54.4462],[118.9423,54.461],[118.9535,54.4643],[118.9668,54.458],[118.9824,54.4542],[119.001,54.4647],[119.0075,54.4715],[119.0248,54.4821],[119.0315,54.4839],[119.0403,54.4848],[119.0481,54.4868],[119.0515,54.492],[119.0508,54.5102],[119.0527,54.5269],[119.0625,54.5373],[119.0857,54.5367],[119.0645,54.555],[119.0567,54.5665],[119.0588,54.5777],[119.0669,54.5782],[119.1006,54.5754],[119.1135,54.5777],[119.108,54.5893],[119.1106,54.5958],[119.1162,54.6018],[119.1204,54.6118],[119.1211,54.6411],[119.1204,54.6466],[119.1417,54.6481],[119.1749,54.6448],[119.1962,54.6456],[119.1817,54.6596],[119.2276,54.6752],[119.249,54.6862],[119.2644,54.7012],[119.2774,54.7288],[119.2862,54.739],[119.3054,54.7491],[119.2922,54.753],[119.2864,54.7591],[119.2851,54.7653],[119.2844,54.7774],[119.2852,54.7894],[119.2876,54.8019],[119.2916,54.8111],[119.2791,54.8143],[119.27,54.8203],[119.2685,54.8284],[119.2781,54.8383],[119.2901,54.8417],[119.3199,54.8412],[119.3333,54.8446],[119.3179,54.85],[119.3012,54.8511],[119.2866,54.8544],[119.2781,54.8663],[119.3344,54.8721],[119.3587,54.8688],[119.3674,54.852],[119.3928,54.8649],[119.4512,54.8624],[119.4835,54.8663],[119.4766,54.8751],[119.4493,54.893],[119.4536,54.9089],[119.4492,54.9158],[119.429,54.9135],[119.429,54.9203],[119.4653,54.9204],[119.4766,54.9244],[119.4698,54.9346],[119.513,54.9542],[119.5342,54.9595],[119.5523,54.9544],[119.5872,54.9818],[119.5823,54.9897],[119.5817,54.9925],[119.584,54.9954],[119.5872,55.0029],[119.6099,54.9854],[119.6218,54.982],[119.6331,55.0032],[119.6482,55.0039],[119.6664,55.0015],[119.6821,55.0029],[119.694,55.0165],[119.6601,55.0504],[119.6611,55.0786],[119.6784,55.0899],[119.7647,55.1127],[119.7881,55.1229],[119.8171,55.1395],[119.832,55.1581],[119.8125,55.1741],[119.8543,55.2146],[119.8806,55.2297],[119.9702,55.2486],[119.9684,55.2608],[119.9519,55.2676],[119.9306,55.2705],[119.915,55.2704],[119.915,55.2766],[119.9331,55.2896],[119.9491,55.298],[119.9688,55.3026],[119.9978,55.3039],[120.0127,55.3112],[120.0732,55.3585],[120.1213,55.4012],[120.1455,55.4101],[120.1657,55.4242],[120.179,55.4274],[120.3506,55.441],[120.36,55.4357],[120.3618,55.424],[120.3615,55.4123],[120.3645,55.4069],[120.3779,55.4051],[120.4405,55.3887],[120.4697,55.3852],[120.4988,55.3865],[120.5403,55.404],[120.5462,55.409],[120.5366,55.4295],[120.5405,55.4381],[120.5498,55.444],[120.5598,55.4479],[120.5683,55.4488],[120.5854,55.4459],[120.5938,55.4479],[120.5977,55.4538],[120.601,55.4632],[120.6065,55.472],[120.6178,55.4759],[120.6407,55.4709],[120.6618,55.4635],[120.6773,55.4648],[120.6834,55.4861],[120.6912,55.5024],[120.71,55.509],[120.7324,55.5119],[120.7509,55.5168],[120.7638,55.5297],[120.7769,55.561],[120.7925,55.572],[120.8126,55.5607],[120.838,55.5572],[120.8579,55.5625],[120.8608,55.5782],[120.8533,55.5859],[120.8317,55.5971],[120.8267,55.6055],[120.831,55.621],[120.8433,55.622],[120.8746,55.6097],[120.8906,55.5952],[120.9022,55.5919],[120.957,55.5987],[120.9927,55.5971],[121.0049,55.5987],[121.0156,55.6062],[121.0322,55.6282],[121.0462,55.6329],[121.0922,55.632],[121.1128,55.6387],[121.1216,55.6571],[121.2033,55.6949],[121.2273,55.6994],[121.2568,55.7009],[121.2817,55.6951],[121.2921,55.6782],[121.3007,55.6588],[121.321,55.6546],[121.3459,55.6597],[121.3679,55.6676],[121.3679,55.6744],[121.3604,55.6767],[121.3406,55.6881],[121.3604,55.6942],[121.5293,55.7007],[121.553,55.7086],[121.5745,55.7259],[121.5647,55.7369],[121.544,55.7468],[121.5323,55.7601],[121.5379,55.7749],[121.5876,55.8184],[121.5967,55.824],[121.6044,55.8267],[121.6074,55.8301],[121.602,55.8383],[121.5903,55.8453],[121.5741,55.8494],[121.5434,55.852],[121.5305,55.8546],[121.5176,55.8613],[121.5105,55.8713],[121.5152,55.8833],[121.5247,55.8969],[121.5229,55.9055],[121.5166,55.9125],[121.5118,55.9208],[121.5044,55.924],[121.4995,55.9279],[121.4982,55.9345],[121.5012,55.941],[121.5059,55.9406],[121.5117,55.9388],[121.5186,55.9414],[121.5283,55.9463],[121.5349,55.9464],[121.5386,55.9501],[121.5398,55.9655],[121.5474,55.9913],[121.5663,55.9966],[121.5906,55.9957],[121.615,56.0028],[121.6189,56.0054],[121.6292,56.0102],[121.6177,56.0247],[121.6039,56.0334],[121.5665,56.0438],[121.5921,56.0581],[121.6021,56.0672],[121.6082,56.0785],[121.6076,56.0924],[121.6046,56.1082],[121.606,56.1214],[121.6183,56.1269],[121.6192,56.1339],[121.6311,56.1658],[121.6359,56.1747],[121.6638,56.1863],[121.6738,56.1966],[121.6665,56.2126],[121.6522,56.2211],[121.6347,56.2237],[121.5757,56.2238],[121.5688,56.229],[121.5723,56.2396],[121.5807,56.2573],[121.5884,56.294],[121.5707,56.3044],[121.5392,56.3048],[121.5051,56.3119],[121.5474,56.3256],[121.5577,56.3362],[121.5468,56.3529],[121.5221,56.3596],[121.4902,56.3602],[121.4624,56.3665],[121.4505,56.3904],[121.4791,56.4053],[121.5336,56.4195],[121.5671,56.4425],[121.5323,56.4832],[121.5435,56.4944],[121.5595,56.5053],[121.5766,56.5135],[121.5911,56.5167],[121.5959,56.5247],[121.5942,56.5423],[121.5876,56.5685],[121.5703,56.5735],[121.4864,56.5715],[121.4566,56.5856],[121.4088,56.5924],[121.3896,56.6022],[121.3764,56.6386],[121.364,56.6436],[121.3493,56.6452],[121.3372,56.6505],[121.3354,56.6561],[121.3386,56.6606],[121.3403,56.6653],[121.3338,56.6713],[121.3257,56.6746],[121.2996,56.6812],[121.2855,56.6873],[121.274,56.6943],[121.2644,56.7025],[121.2556,56.7122],[121.2415,56.7454],[121.2349,56.7501],[121.2085,56.78],[121.1965,56.7978],[121.1807,56.8052],[121.1491,56.8153],[121.1355,56.826],[121.1412,56.834],[121.1543,56.8421],[121.1631,56.8531],[121.1611,56.8648],[121.1526,56.8738],[121.1423,56.8809],[121.1352,56.8873],[121.1272,56.9071],[121.1177,56.9521],[121.1079,56.9692],[121.0957,56.9765],[121.0662,56.9838],[121.0532,56.9897],[121.0438,56.9993],[121.0294,57.0219],[121.0191,57.0313],[121.0014,57.0352],[120.9815,57.035],[120.9666,57.038],[120.9639,57.0518],[120.9712,57.0619],[120.9965,57.0804],[121.0049,57.0927],[120.995,57.0928],[120.9859,57.0951],[120.9778,57.0997],[120.9706,57.1064],[120.9797,57.1253],[120.942,57.1702],[120.9456,57.1925],[120.9557,57.2001],[120.9778,57.2132],[121.0149,57.2469],[121.0259,57.2533],[121.0538,57.2629],[121.1441,57.2803],[121.1733,57.2906],[121.2002,57.3063],[121.2417,57.3497],[121.2664,57.3654],[121.2944,57.3623],[121.3027,57.354],[121.3061,57.343],[121.3088,57.3192],[121.3262,57.2707],[121.3307,57.2706],[121.3563,57.2774],[121.3643,57.2815],[121.3735,57.2878],[121.3782,57.2896],[121.3843,57.2894],[121.3892,57.2877],[121.3918,57.2852],[121.3971,57.2786],[121.4072,57.2725],[121.4188,57.2701],[121.4548,57.2716],[121.4844,57.2826],[121.4878,57.2973],[121.4942,57.3096],[121.504,57.3193],[121.5178,57.326],[121.5317,57.3302],[121.5376,57.3341],[121.538,57.3398],[121.5327,57.3438],[121.5251,57.3454],[121.5181,57.3477],[121.5132,57.3543],[121.5142,57.372],[121.5244,57.3863],[121.5366,57.3997],[121.544,57.4145],[121.5449,57.4273],[121.5462,57.4317],[121.5504,57.442],[121.5538,57.4556],[121.5647,57.4827],[121.5684,57.5027],[121.5717,57.5119],[121.5787,57.5197],[121.5869,57.5245],[121.6171,57.5364],[121.6187,57.5397],[121.6232,57.5445],[121.6249,57.5479],[121.625,57.5534],[121.6241,57.5576],[121.6245,57.5617],[121.6284,57.5668],[121.6594,57.5878],[121.6886,57.6014],[121.6982,57.6082],[121.7041,57.6166],[121.7076,57.6267],[121.7131,57.6544],[121.7314,57.7],[121.733,57.7083],[121.7322,57.7158],[121.73,57.7232],[121.7288,57.7314],[121.7302,57.7398],[121.7431,57.7609],[121.7443,57.7679],[121.7431,57.7736],[121.7387,57.7857],[121.7356,57.8099],[121.7324,57.8176],[121.728,57.8231],[121.7231,57.8278],[121.7192,57.833],[121.7171,57.8397],[121.7179,57.8486],[121.7222,57.8651],[121.7203,57.8741],[121.7166,57.88],[121.7019,57.8955],[121.6897,57.9116],[121.6858,57.9273],[121.6908,57.9859],[121.69,58.0076],[121.6827,58.0505],[121.6701,58.0933],[121.6602,58.1049],[121.6372,58.1229],[121.6292,58.1348],[121.6282,58.1456],[121.63,58.1699],[121.6255,58.1789],[121.5911,58.2134],[121.5847,58.2241],[121.5855,58.2342],[121.5883,58.2449],[121.5876,58.2578],[121.5828,58.2683],[121.5701,58.2885],[121.5665,58.2987],[121.5676,58.3107],[121.5782,58.3318],[121.5807,58.3431],[121.5899,58.3653],[121.6314,58.4129],[121.6422,58.4366],[121.6365,58.4593],[121.6189,58.4775],[121.5777,58.5079],[121.5409,58.5487],[121.476,58.6599],[121.4709,58.6792],[121.4719,58.7008],[121.4712,58.7119],[121.4675,58.7202],[121.463,58.7355],[121.4723,58.7498],[121.4982,58.7717],[121.5486,58.8431],[121.5706,58.8641],[121.6255,58.9051],[121.6409,58.913],[121.6753,58.9232],[121.69,58.9361],[121.6943,58.9461],[121.6953,58.9666],[121.6975,58.9771],[121.7067,58.9925],[121.7188,59.0032],[121.7314,59.012],[121.7422,59.0218],[121.7573,59.0324],[121.7944,59.0418],[121.8102,59.0498],[121.8179,59.0788],[121.8057,59.1202],[121.7666,59.1906],[121.7387,59.2183],[121.5958,59.2958],[121.5868,59.3051],[121.5845,59.3109],[121.5838,59.3164],[121.5821,59.322],[121.5777,59.3282],[121.5683,59.3344],[121.558,59.3393],[121.543,59.3404],[121.5286,59.3372],[121.5151,59.3309],[121.4907,59.3154],[121.4788,59.3106],[121.4661,59.3076],[121.4521,59.3058],[121.4317,59.306],[121.3911,59.3116],[121.3705,59.3121],[121.356,59.3096],[121.3438,59.3048],[121.3023,59.2821],[121.1285,59.2203],[121.0932,59.2151],[121.0611,59.2223],[121.0401,59.2489],[121.0396,59.2807],[121.0559,59.3072],[121.0816,59.3282],[121.2813,59.4325],[121.4401,59.5637],[121.468,59.598],[121.4781,59.6376],[121.4846,59.7238],[121.4909,59.7541],[121.4905,59.7722],[121.4763,59.7845],[121.3776,59.8185],[121.3463,59.834],[121.3271,59.8542],[121.3198,59.8801],[121.3202,59.8974],[121.315,59.9121],[121.2921,59.9299],[121.1865,59.9811],[121.1497,60.0157],[121.1352,60.0739]]}},{"type":"Feature","properties":{"scalerank":7,"name":"Künes"},"geometry":{"type":"LineString","coordinates":[[84.9596,43.3668],[84.9443,43.3764],[84.9262,43.3715],[84.9092,43.3592],[84.898,43.3464],[84.887,43.3169],[84.8814,43.3088],[84.8706,43.2993],[84.865,43.296],[84.8061,43.2804],[84.7905,43.2733],[84.7556,43.2513],[84.7387,43.2442],[84.7208,43.2418],[84.6715,43.2479],[84.6025,43.2626],[84.4607,43.2709],[84.4356,43.2687],[84.387,43.2581],[84.3613,43.2572],[84.1465,43.3115],[84.0281,43.3211],[83.8445,43.3818],[83.8233,43.3926],[83.7481,43.4476],[83.7255,43.4558],[83.7017,43.46],[83.5564,43.4666],[83.5168,43.475],[83.416,43.5117],[83.3804,43.5156],[83.2975,43.513],[83.2337,43.5286],[83.1602,43.5372],[83.0927,43.5357],[83.0326,43.5235],[82.832,43.5211],[82.6506,43.5541],[82.5549,43.5943],[82.5358,43.5983],[82.484,43.6013],[82.4172,43.6138],[82.3682,43.6136],[82.2683,43.5955],[82.2192,43.5933],[82.2012,43.5963],[82.1163,43.628],[82.0981,43.6321],[82.0381,43.638],[82.0165,43.6435],[82.0029,43.6514],[81.9869,43.6565],[81.8735,43.6412],[81.792,43.6173],[81.7525,43.6207]]}},{"type":"Feature","properties":{"scalerank":7,"name":"Sapt"},"geometry":{"type":"LineString","coordinates":[[85.7546,28.5516],[85.7507,28.5748],[85.7267,28.6335],[85.7409,28.6519],[85.7632,28.6742],[85.7887,28.6874],[85.813,28.6785],[85.832,28.6691],[85.8557,28.6704],[85.8814,28.6748],[85.9055,28.6751],[85.9475,28.6655],[86.0115,28.6519],[86.044,28.6499],[86.0774,28.654],[86.1028,28.6624],[86.1218,28.6753],[86.134,28.6939],[86.1404,28.7328],[86.1466,28.7447],[86.1563,28.7532],[86.1845,28.7603],[86.1951,28.7696],[86.2037,28.7809],[86.2134,28.7906],[86.2393,28.8039],[86.262,28.8076],[86.3287,28.803],[86.354,28.7976],[86.3787,28.7888],[86.3989,28.7769],[86.4132,28.7584],[86.4192,28.7363],[86.4194,28.6918],[86.4273,28.6695],[86.4463,28.643],[86.4709,28.6196],[86.4951,28.6062],[86.5199,28.6053],[86.5596,28.6221],[86.5805,28.6267],[86.6423,28.6267],[86.6499,28.6249],[86.6523,28.6207],[86.6539,28.6162],[86.6597,28.6131],[86.7515,28.6062],[86.7605,28.6085],[86.7804,28.6182],[86.7925,28.6205],[86.8051,28.6186],[86.8262,28.6094],[86.8372,28.6062],[86.8591,28.607],[86.8823,28.6109],[86.9043,28.6115],[86.9229,28.6025],[86.9317,28.5996],[86.9795,28.5978],[86.9968,28.5935],[87.0084,28.5926],[87.0364,28.5943],[87.0664,28.5996],[87.0947,28.6083],[87.1183,28.6205],[87.1809,28.5987],[87.2223,28.6143],[87.2734,28.6121],[87.3245,28.5997],[87.3648,28.5851],[87.3928,28.5704],[87.4184,28.5519],[87.4644,28.5069],[87.4754,28.5021],[87.5125,28.4998],[87.5221,28.4921],[87.5571,28.4752],[87.5791,28.4615],[87.6052,28.441],[87.6148,28.4225],[87.5634,28.4071],[87.4684,28.338],[87.4653,28.3317],[87.4609,28.3189],[87.4545,28.2823],[87.4507,28.2738],[87.4321,28.2678],[87.3805,28.2722],[87.3579,28.2636],[87.3486,28.2478],[87.3333,28.1986],[87.3306,28.1844],[87.334,28.1727],[87.3404,28.1628],[87.3447,28.1535],[87.3372,28.1322],[87.344,28.1208],[87.3648,28.0991],[87.3696,28.09],[87.3765,28.0682],[87.3784,28.0582],[87.3774,28.0544],[87.3721,28.0438],[87.3716,28.0377],[87.3745,28.0311],[87.3838,28.0192],[87.3858,28.0131],[87.3836,28.0003],[87.3738,27.9782],[87.3716,27.965],[87.3738,27.9587],[87.3836,27.9487],[87.3858,27.9415],[87.3834,27.9349],[87.3732,27.9191],[87.3716,27.9141],[87.3784,27.9043],[87.4041,27.8839],[87.4131,27.8732],[87.4169,27.8599],[87.4194,27.8309],[87.4229,27.8214],[87.4439,27.7918],[87.4426,27.7743],[87.4236,27.764],[87.392,27.7565],[87.3683,27.7547],[87.3627,27.7502],[87.3579,27.736],[87.3696,27.7085],[87.3723,27.6898],[87.3613,27.6814],[87.3306,27.5994],[87.3117,27.5816],[87.2809,27.5778],[87.2472,27.5535],[87.2149,27.5371],[87.2084,27.5272],[87.2037,27.5133],[87.1925,27.5041],[87.1668,27.4896],[87.1489,27.4722],[87.1404,27.4561],[87.1407,27.4379],[87.1493,27.4136],[87.1664,27.3922],[87.1884,27.3724],[87.2021,27.3509],[87.1939,27.3245],[87.2118,27.3076],[87.2141,27.2481],[87.2388,27.2351],[87.2467,27.2241],[87.2717,27.1713],[87.2759,27.1531],[87.2691,27.1429],[87.2166,27.0981],[87.2056,27.0912],[87.1973,27.0821],[87.1939,27.0672],[87.1951,27.0564],[87.1997,27.0377],[87.2009,27.0269],[87.197,27.0119],[87.1881,27.0024],[87.1769,26.9938],[87.1668,26.9819],[87.1626,26.9565],[87.1751,26.903],[87.1699,26.8829],[87.1661,26.8758],[87.1607,26.8548],[87.1599,26.8485],[87.1538,26.8366],[87.1399,26.8262],[87.1121,26.8106],[87.0422,26.7445],[87.0196,26.7354],[87.0039,26.723],[86.9812,26.6392],[86.9666,26.6173],[86.9614,26.6048],[86.9644,26.5948],[86.9677,26.5879],[86.9692,26.5769],[86.9695,26.5653],[86.968,26.5567],[86.9601,26.5464],[86.9379,26.5281],[86.9334,26.5161],[86.9314,26.5045],[86.926,26.4966],[86.8637,26.4605],[86.7546,26.3649],[86.7384,26.3665],[86.7144,26.3575],[86.6913,26.3448],[86.6768,26.3345],[86.6655,26.3292],[86.6504,26.3247],[86.6373,26.3181],[86.6316,26.3066],[86.6265,26.2955],[86.5908,26.2625],[86.5488,26.2059],[86.543,26.1905],[86.539,26.1692],[86.5283,26.1542],[86.4617,26.0906],[86.4463,26.0685],[86.4353,26.025],[86.4185,25.9896],[86.4194,25.9671],[86.4229,25.9617],[86.4355,25.9489],[86.44,25.9404],[86.4395,25.9303],[86.4365,25.9197],[86.436,25.9083],[86.4434,25.896],[86.4531,25.8741],[86.444,25.8536],[86.4288,25.8331],[86.4194,25.8106],[86.4223,25.7954],[86.4319,25.7862],[86.4439,25.7786],[86.4536,25.7691],[86.4581,25.7574],[86.4625,25.7329],[86.4672,25.7206],[86.4951,25.7008],[86.5237,25.6736],[86.5671,25.6428],[86.5922,25.6295],[86.637,25.6336],[86.6597,25.6257],[86.6646,25.6191],[86.6802,25.5909],[86.704,25.565],[86.7183,25.5526],[86.7341,25.5431],[86.7293,25.5279],[86.7423,25.5229],[86.7599,25.5186],[86.769,25.5052],[86.773,25.4932],[86.7832,25.4824],[86.7966,25.4737],[86.8098,25.4674],[86.8219,25.4639],[86.8376,25.4615],[86.8525,25.4622],[86.8613,25.468],[86.8676,25.4753],[86.8743,25.4743],[86.8814,25.4699],[86.8887,25.4674],[86.8951,25.4696],[86.9076,25.4789],[86.916,25.481],[86.9288,25.4796],[86.9742,25.4674],[86.9905,25.4586],[87.0234,25.432],[87.0361,25.4265],[87.0543,25.4287],[87.0986,25.4469],[87.1871,25.4612],[87.2242,25.4426],[87.2598,25.4341],[87.2964,25.4395],[87.3202,25.4531],[87.3316,25.4557],[87.4741,25.4255],[87.4883,25.4196],[87.516,25.4115],[87.5407,25.3954],[87.5449,25.394],[87.5534,25.3843],[87.5571,25.3854],[87.5684,25.3757],[87.5816,25.3716],[87.6083,25.3712],[87.6142,25.3638],[87.6318,25.3314],[87.6427,25.324],[87.6742,25.3172],[87.707,25.2999],[87.735,25.276],[87.7583,25.2442]]}},{"type":"Feature","properties":{"scalerank":7,"name":"Min"},"geometry":{"type":"LineString","coordinates":[[117.4892,27.8663],[117.4551,27.7913],[117.4475,27.7244],[117.4414,27.7081],[117.4309,27.6992],[117.4238,27.7001],[117.417,27.7033],[117.4073,27.7012],[117.398,27.694],[117.3434,27.6185],[117.339,27.6022],[117.3355,27.5581],[117.3379,27.5386],[117.3492,27.5306],[117.3579,27.5227],[117.3704,27.504],[117.3814,27.4823],[117.3936,27.444],[117.4265,27.4121],[117.434,27.3968],[117.4373,27.3806],[117.4458,27.3616],[117.459,27.3489],[117.4756,27.3518],[117.5654,27.2803],[117.5786,27.263],[117.5862,27.2499],[117.587,27.243],[117.5786,27.2221],[117.5767,27.206],[117.5768,27.1829],[117.5803,27.1622],[117.5889,27.1531],[117.6109,27.1426],[117.6275,27.1179],[117.6421,27.0894],[117.6575,27.0672],[117.6755,27.0556],[117.6782,27.0499],[117.6712,27.0406],[117.6677,27.0325],[117.6689,27.0223],[117.6729,27.0135],[117.6917,27.0016],[117.7295,26.9478],[117.7207,26.9346],[117.7291,26.9266],[117.7428,26.9197],[117.75,26.9102],[117.75,26.8758],[117.7534,26.8677],[117.7682,26.8531],[117.7716,26.8485],[117.7809,26.8152],[117.8043,26.791],[117.8351,26.7775],[117.8672,26.7764],[117.8848,26.788],[117.8942,26.7901],[117.9055,26.788],[117.9231,26.7786],[117.9468,26.7734],[117.9659,26.7658],[117.9824,26.7559],[117.9895,26.746],[117.992,26.7298],[118.0017,26.7076],[118.0032,26.6945],[117.9967,26.6758],[117.9713,26.6487],[117.9622,26.6331],[117.9692,26.6291],[117.9884,26.6231],[117.9963,26.6188],[118.0134,26.5958],[118.0137,26.5914],[118.0715,26.5869],[118.0925,26.5914],[118.1083,26.6001],[118.1435,26.6282],[118.1577,26.6426],[118.1663,26.638],[118.2365,26.6256],[118.2454,26.6195],[118.2575,26.6046],[118.2644,26.5983],[118.2947,26.5855],[118.3101,26.576],[118.3291,26.5696],[118.3328,26.565],[118.3369,26.5584],[118.3583,26.5526],[118.3668,26.5476],[118.3706,26.5399],[118.3767,26.5167],[118.3805,26.5073],[118.3984,26.4877],[118.4011,26.4827],[118.4037,26.4794],[118.4083,26.4689],[118.4102,26.4578],[118.4048,26.4527],[118.3994,26.4489],[118.3925,26.4398],[118.3873,26.4285],[118.3873,26.4179],[118.4088,26.4041],[118.4468,26.4027],[118.658,26.4179],[118.6718,26.4094],[118.6685,26.3719],[118.6782,26.3633],[118.6928,26.3627],[118.7039,26.3603],[118.7143,26.355],[118.7262,26.3459],[118.7549,26.3179],[118.7705,26.3065],[118.7997,26.2992],[118.8404,26.2835],[118.8535,26.2739],[118.8421,26.2487],[118.8491,26.232],[118.867,26.2208],[118.8877,26.2125],[118.8982,26.2191],[118.9125,26.2197],[118.9423,26.2125],[118.9597,26.2003],[118.9668,26.1982],[118.9937,26.1942],[119.001,26.1955],[119.0157,26.2006],[119.0248,26.201],[119.0325,26.1983],[119.0445,26.1888],[119.0574,26.1812],[119.0789,26.1545],[119.0938,26.1458]]}},{"type":"Feature","properties":{"scalerank":7,"name":"Sreng"},"geometry":{"type":"LineString","coordinates":[[104.2649,14.2601],[104.2285,14.2803],[104.1921,14.2858],[104.1553,14.2799],[103.9188,14.1774],[103.8502,14.1484],[103.8128,14.1245],[103.6865,13.9952],[103.6724,13.9859],[103.6159,13.9666],[103.5977,13.9577],[103.5546,13.9229],[103.5386,13.9143],[103.5186,13.909],[103.4795,13.9048],[103.4605,13.9002],[103.433,13.8871],[103.4203,13.8719],[103.4175,13.8503],[103.4197,13.8066],[103.4169,13.7737],[103.4314,13.7155],[103.4297,13.6971],[103.4185,13.6757],[103.4087,13.6632],[103.4033,13.6483],[103.4044,13.5246]]}},{"type":"Feature","properties":{"scalerank":7,"name":"Mamas"},"geometry":{"type":"LineString","coordinates":[[91.7765,28.2919],[91.7759,28.0977],[91.7778,28.0839],[91.7915,28.0433],[91.7969,28.0135],[91.8023,27.9993],[91.8081,27.9911],[91.8208,27.9766],[91.8258,27.9682],[91.8283,27.9591],[91.8291,27.9495],[91.8281,27.9398],[91.8199,27.9102],[91.8115,27.8905],[91.8002,27.872],[91.7867,27.8557],[91.7584,27.8216],[91.7482,27.8023],[91.7413,27.7799],[91.742,27.7613],[91.7532,27.7262],[91.7512,27.7081],[91.7475,27.7017],[91.7373,27.6904],[91.7329,27.6844],[91.73,27.6771],[91.725,27.6543],[91.6963,27.5926],[91.6909,27.5681],[91.6853,27.5158],[91.6734,27.4956],[91.6584,27.4852],[91.6248,27.47],[91.6093,27.4603],[91.5795,27.4332],[91.567,27.4173],[91.5581,27.3994],[91.5567,27.3899],[91.5585,27.3699],[91.5572,27.359],[91.5292,27.3218],[91.4308,27.2769],[91.3918,27.243],[91.3847,27.226],[91.3819,27.175],[91.377,27.1529],[91.3689,27.1288],[91.358,27.106],[91.3449,27.0878],[91.3255,27.0734],[91.2577,27.0463],[91.2368,27.0313],[91.2197,27.0126],[91.1923,26.9693],[91.1729,26.9057],[91.1624,26.8904],[91.145,26.884],[91.0254,26.8791],[90.9746,26.8665],[90.9452,26.8383],[90.9575,26.7875],[90.9551,26.7855],[90.9524,26.7841],[90.9462,26.7823],[90.9367,26.7783],[90.9304,26.7718],[90.9199,26.7542],[90.9081,26.7281],[90.9073,26.7049],[90.915,26.6539],[90.9108,26.6399],[90.8897,26.6097],[90.8818,26.5945],[90.8595,26.512],[90.8531,26.5012],[90.8462,26.4925],[90.8408,26.4827],[90.8386,26.4691],[90.8414,26.4586],[90.8533,26.4392],[90.8564,26.4297],[90.8565,26.4195],[90.8546,26.4178],[90.8496,26.4169],[90.84,26.4085],[90.8228,26.3852],[90.8093,26.3605],[90.8033,26.34],[90.7991,26.3311],[90.7898,26.3239],[90.7765,26.3207],[90.7503,26.3187],[90.7397,26.3117],[90.7339,26.2996],[90.7306,26.2747],[90.7227,26.264],[90.7123,26.2587],[90.6773,26.2513],[90.6679,26.2478],[90.6606,26.2431],[90.6558,26.2362],[90.6536,26.2265],[90.6555,26.2078],[90.6547,26.1989],[90.6487,26.193]]}},{"type":"Feature","properties":{"scalerank":7,"name":"Ou"},"geometry":{"type":"LineString","coordinates":[[101.7593,22.4341],[101.7529,22.4219],[101.7507,22.4058],[101.7529,22.3749],[101.7589,22.3581],[101.7891,22.3113],[101.8098,22.2589],[101.819,22.2101],[101.815,22.1627],[101.796,22.1147],[101.7788,22.0708],[101.7755,22.045],[101.7852,22.0301],[101.7944,22.0305],[101.8008,22.0365],[101.8061,22.0441],[101.8123,22.0493],[101.8234,22.0528],[101.8336,22.0548],[101.8442,22.055],[101.8683,22.0521],[101.8764,22.0519],[101.9097,22.0618],[101.9495,22.0621],[101.9609,22.0643],[101.9907,22.0787],[102.0147,22.0838],[102.0654,22.0844],[102.0906,22.0894],[102.1399,22.1066],[102.1602,22.1177],[102.1708,22.122],[102.1826,22.1241],[102.2258,22.1125],[102.2539,22.08],[102.3115,21.9448],[102.3154,21.9174],[102.3053,21.8911],[102.2866,21.8718],[102.2084,21.8206],[102.199,21.8128],[102.1913,21.8037],[102.1867,21.7928],[102.1869,21.777],[102.2037,21.7288],[102.2088,21.7058],[102.2126,21.6951],[102.2192,21.6852],[102.2284,21.6788],[102.2493,21.6707],[102.2573,21.6627],[102.2578,21.6553],[102.2548,21.6469],[102.2524,21.6375],[102.2551,21.6271],[102.2621,21.6215],[102.2922,21.6099],[102.313,21.5927],[102.3261,21.5737],[102.3325,21.5516],[102.3333,21.5049],[102.3422,21.4517],[102.3434,21.4256],[102.3399,21.3785],[102.3467,21.3521],[102.3533,21.3378],[102.359,21.3281],[102.3809,21.3043],[102.3868,21.2933],[102.3906,21.2888],[102.4011,21.2821],[102.4122,21.2794],[102.437,21.2776],[102.4588,21.2656],[102.4687,21.2429],[102.4767,21.1356],[102.4846,21.1068],[102.4978,21.0853],[102.5159,21.0762],[102.5398,21.0733],[102.6616,21.0745],[102.6861,21.0655],[102.7122,21.0464],[102.7344,21.0227],[102.7478,20.9999],[102.7692,20.9109],[102.7683,20.8911],[102.7561,20.8782],[102.7221,20.8583],[102.7163,20.8519],[102.7067,20.8367],[102.7006,20.8306],[102.6912,20.8266],[102.6681,20.8207],[102.6608,20.8169],[102.6528,20.7921],[102.6577,20.7628],[102.6665,20.7327],[102.6701,20.7061],[102.6659,20.6871],[102.6522,20.6524],[102.6456,20.6085],[102.6433,20.6016],[102.6381,20.5927],[102.6308,20.5852],[102.6211,20.5789],[102.6085,20.574],[102.6008,20.5746],[102.5949,20.5787],[102.5889,20.5816],[102.5806,20.5786],[102.5767,20.5719],[102.5698,20.5412],[102.5706,20.5031],[102.5681,20.4868],[102.5572,20.4702],[102.4661,20.409],[102.4412,20.3815],[102.4351,20.3656],[102.4324,20.3153],[102.4213,20.2928],[102.3783,20.2686],[102.36,20.2506],[102.319,20.1463],[102.303,20.1192],[102.2793,20.0887],[102.2517,20.0628],[102.2242,20.0487]]}},{"type":"Feature","properties":{"scalerank":7,"name":"Buh"},"geometry":{"type":"LineString","coordinates":[[98.8643,38.1587],[98.8687,38.1507],[98.8711,38.1427],[98.872,38.1341],[98.8711,38.1246],[98.8667,38.1142],[98.8534,38.0989],[98.8506,38.0935],[98.8462,38.0785],[98.8164,38.0221],[98.7975,37.991],[98.7954,37.9805],[98.7988,37.9698],[98.8132,37.9536],[98.8164,37.9433],[98.814,37.9175],[98.8071,37.8984],[98.7498,37.813],[98.7369,37.799],[98.7246,37.7818],[98.7083,37.7431],[98.6929,37.7267],[98.676,37.7212],[98.6313,37.7169],[98.614,37.71],[98.5987,37.6927],[98.6,37.6801],[98.6417,37.642],[98.6445,37.6385],[98.6466,37.6312],[98.6459,37.6253],[98.6445,37.6206],[98.6445,37.6168],[98.6567,37.5825],[98.6582,37.5728],[98.6612,37.5618],[98.6754,37.5446],[98.6787,37.5386],[98.6787,37.494],[98.6825,37.4794],[98.691,37.4612],[98.7029,37.4458],[98.7261,37.435],[98.7444,37.4157],[98.751,37.4114],[98.7618,37.4097],[98.7954,37.3977],[98.9659,37.3636],[99.037,37.3325],[99.1402,37.2681],[99.5657,37.1324],[99.5897,37.117],[99.6311,37.0803],[99.7843,37.0045],[99.8207,36.9956],[99.8388,37.0003]]}},{"type":"Feature","properties":{"scalerank":7,"name":"Katun"},"geometry":{"type":"LineString","coordinates":[[85.7758,51.6956],[85.7823,51.7016],[85.7914,51.704],[85.7951,51.7086],[85.7581,51.7474],[85.7416,51.7604],[85.739,51.7662],[85.7403,51.7788],[85.747,51.7897],[85.7566,51.7974],[85.7616,51.8059],[85.7546,51.8196],[85.782,51.8377],[85.7888,51.847],[85.7403,51.8607],[85.7581,51.8742],[85.8069,51.8864],[85.8346,51.9024],[85.8765,51.9195],[85.8723,51.9287],[85.8423,51.96],[85.8342,51.9714],[85.8372,51.983],[85.8543,52.0009],[85.9072,52.0367],[85.9192,52.0524],[85.9228,52.0897],[85.9096,52.1337],[85.8713,52.2169],[85.835,52.2702],[85.8297,52.2889],[85.832,52.3272],[85.8285,52.3431],[85.816,52.3616],[85.7855,52.3917],[85.7689,52.4186],[85.7649,52.423],[85.7433,52.4258],[85.679,52.4435],[85.53,52.4419],[85.481,52.4497],[85.4601,52.458],[85.4438,52.4671],[85.426,52.4746],[85.3164,52.4907],[85.1587,52.4708],[85.1555,52.4649],[85.1533,52.4547],[85.1484,52.444],[85.1377,52.4366],[85.1177,52.4444],[85.0918,52.446],[85.0562,52.4336]]}},{"type":"Feature","properties":{"scalerank":7,"name":"Katun"},"geometry":{"type":"LineString","coordinates":[[86.3027,49.6404],[86.2018,49.6453],[86.1524,49.6404],[86.0523,49.6129],[86.0019,49.6103]]}},{"type":"Feature","properties":{"scalerank":7,"name":"Katun"},"geometry":{"type":"LineString","coordinates":[[85.9961,49.6103],[85.7524,49.6206],[85.7356,49.6241],[85.7263,49.6335],[85.7149,49.661],[85.7032,49.6783],[85.6915,49.687],[85.6784,49.6937],[85.6632,49.7056],[85.651,49.7108],[85.6363,49.7119],[85.6238,49.7149],[85.6186,49.7261],[85.615,49.7409],[85.606,49.753],[85.5406,49.8076],[85.519,49.8217],[85.4956,49.8322],[85.5022,49.849],[85.4963,49.8616],[85.4864,49.8724],[85.4815,49.8838],[85.4809,49.9132],[85.4828,49.9258],[85.4889,49.9421],[85.4666,49.9498],[85.4444,49.9645],[85.4317,49.9824],[85.4373,50.0002],[85.4421,50.0098],[85.4404,50.0207],[85.436,50.0314],[85.4336,50.0414],[85.4365,50.0484],[85.4498,50.0694],[85.4546,50.0793],[85.4795,50.148],[85.4815,50.1578],[85.4822,50.1825],[85.4859,50.2017],[85.4942,50.2168],[85.5093,50.2295],[85.5201,50.2339],[85.5459,50.2391],[85.5571,50.2431],[85.5669,50.2509],[85.5841,50.2678],[85.6477,50.2926],[85.6645,50.2914],[85.7573,50.2661],[85.8022,50.2618],[85.8515,50.2505],[85.9283,50.2194],[85.9767,50.2149],[86,50.21],[86.0203,50.2015],[86.0369,50.1892],[86.0432,50.1804],[86.0479,50.1715],[86.0537,50.1627],[86.0641,50.1544],[86.0783,50.1481],[86.0903,50.1463],[86.2344,50.1489],[86.2759,50.1612],[86.3093,50.1791],[86.3178,50.1817],[86.5629,50.17],[86.6129,50.1817],[86.627,50.1911],[86.655,50.2173],[86.6641,50.2227],[86.6651,50.2288],[86.7203,50.2795],[86.7232,50.2891],[86.7183,50.3008],[86.7148,50.3226],[86.7097,50.3402],[86.6923,50.3766],[86.6948,50.3878],[86.6948,50.394],[86.684,50.402],[86.6607,50.4362],[86.6538,50.4394],[86.6448,50.4414],[86.6368,50.4449],[86.6334,50.4523],[86.6353,50.4622],[86.6445,50.4763],[86.647,50.4833],[86.6477,50.503],[86.6426,50.5098],[86.6129,50.5181],[86.5938,50.5296],[86.5894,50.5381],[86.5891,50.5464],[86.5826,50.5572],[86.5328,50.5919],[86.521,50.6116],[86.5349,50.6395],[86.5392,50.6682],[86.4922,50.7038],[86.5177,50.7258],[86.5146,50.7405],[86.5366,50.759],[86.5315,50.773],[86.5182,50.7772],[86.4785,50.7757],[86.4625,50.7804],[86.4826,50.7938],[86.4758,50.8048],[86.459,50.8164],[86.4495,50.8313],[86.4452,50.8353],[86.4356,50.8387],[86.426,50.8438],[86.4216,50.8524],[86.4194,50.8685],[86.4127,50.8761],[86.3875,50.8828],[86.3501,50.8872],[86.3397,50.8902],[86.3286,50.898],[86.3247,50.9047],[86.3223,50.9118],[86.3151,50.9207],[86.2975,50.9315],[86.2883,50.939],[86.2844,50.9483],[86.2833,50.9608],[86.2803,50.972],[86.2701,50.9927],[86.2232,51.0339],[86.2156,51.0443],[86.2079,51.0684],[86.1907,51.0821],[86.1725,51.0931],[86.1616,51.1094],[86.168,51.1248],[86.1934,51.1578],[86.1847,51.164],[86.1584,51.1651],[86.1316,51.169],[86.1084,51.1776],[86.0927,51.192],[86.0894,51.2025],[86.0934,51.2209],[86.0927,51.2329],[86.0881,51.2403],[86.0811,51.2471],[86.0748,51.2562],[86.072,51.2701],[86.0486,51.3115],[86.0385,51.3226],[86.0344,51.3319],[86.0312,51.3558],[86.0317,51.3624],[86.0339,51.3675],[86.033,51.3736],[86.0243,51.3831],[86.0098,51.39],[86.0015,51.388],[85.9978,51.3897],[85.9971,51.4073],[85.9981,51.416],[85.9993,51.4197],[85.9966,51.4242],[85.9865,51.4346],[85.982,51.4459],[85.9871,51.457],[85.9944,51.4681],[85.9971,51.4793],[85.9869,51.4954],[85.9233,51.5452],[85.9176,51.5517],[85.9142,51.5609],[85.9135,51.5764],[85.9081,51.5827],[85.8956,51.5875],[85.8725,51.5938],[85.8367,51.6108],[85.8007,51.635],[85.7749,51.6639],[85.77,51.6956]]}},{"type":"Feature","properties":{"scalerank":7,"name":"Tista"},"geometry":{"type":"LineString","coordinates":[[88.5918,27.6951],[88.5996,27.6844],[88.6072,27.6634],[88.6123,27.6534],[88.6179,27.6481],[88.634,27.6376],[88.6396,27.6329],[88.6599,27.6058],[88.6668,27.5894],[88.667,27.5716],[88.6592,27.556],[88.647,27.5499],[88.6123,27.5442],[88.5929,27.534],[88.5844,27.5306],[88.5518,27.5266],[88.544,27.5237],[88.5337,27.5087],[88.5276,27.4877],[88.523,27.4486],[88.5226,27.4416],[88.5234,27.4309],[88.5216,27.4071],[88.5206,27.4016],[88.5026,27.3776],[88.4978,27.3731],[88.4937,27.3682],[88.4888,27.3587],[88.4861,27.3487],[88.485,27.3321],[88.4819,27.3245],[88.478,27.3234],[88.4649,27.3253],[88.4609,27.3245],[88.459,27.3202],[88.4564,27.3083],[88.4507,27.2958],[88.4495,27.2886],[88.4475,27.2823],[88.4404,27.2767],[88.4404,27.2699],[88.4495,27.2635],[88.4623,27.2462],[88.4714,27.2425],[88.4858,27.2402],[88.4954,27.2329],[88.5007,27.2211],[88.5025,27.2047],[88.5109,27.1836],[88.5264,27.169],[88.5332,27.1543],[88.5161,27.1327],[88.4783,27.1123],[88.4727,27.1069],[88.4662,27.0952],[88.4571,27.0834],[88.4444,27.0781],[88.4347,27.0666],[88.4495,27.013],[88.4404,26.9962],[88.4404,26.9893],[88.4484,26.9893],[88.4484,26.9819],[88.4424,26.9633],[88.4597,26.9269],[88.5093,26.8583],[88.6123,26.7491],[88.6461,26.6927],[88.6642,26.6636],[88.6751,26.6506],[88.7392,26.5952],[88.7564,26.5683],[88.7631,26.5362],[88.762,26.5257],[88.7571,26.5079],[88.7563,26.5021],[88.759,26.4928],[88.7681,26.4776],[88.7699,26.4714],[88.7751,26.4601],[88.8907,26.3421],[88.9373,26.2767],[89.0545,26.1647],[89.0817,26.1538],[89.0934,26.1385],[89.1331,26.0707],[89.1453,26.0346],[89.1577,26.0095],[89.1611,25.9694],[89.1672,25.954],[89.2199,25.9265],[89.2293,25.9233],[89.2383,25.9124],[89.2906,25.8658],[89.2964,25.8563],[89.3008,25.8465],[89.3071,25.8376],[89.318,25.8305],[89.3289,25.8294],[89.3534,25.8314],[89.3712,25.8238],[89.395,25.82],[89.3999,25.8137],[89.4047,25.8094],[89.468,25.7734],[89.483,25.7598],[89.4894,25.7383],[89.4937,25.7281],[89.5029,25.7196],[89.5166,25.7107],[89.5181,25.7058],[89.5317,25.6861],[89.5379,25.6744],[89.5392,25.6685],[89.5388,25.6643],[89.5355,25.6512],[89.5343,25.6424],[89.5347,25.6341],[89.5366,25.6259],[89.5435,25.6091],[89.5515,25.5736],[89.5595,25.5594],[89.5641,25.5526],[89.5701,25.5459],[89.5763,25.5421],[89.5835,25.54],[89.637,25.5344],[89.6541,25.5296],[89.6607,25.5257],[89.6661,25.5191],[89.6675,25.5121],[89.665,25.4967],[89.6646,25.4874],[89.6661,25.4774],[89.669,25.4676],[89.6729,25.459],[89.6777,25.4522],[89.6965,25.4351],[89.6962,25.4344],[89.6963,25.4339],[89.6968,25.4334],[89.697,25.4326]]}},{"type":"Feature","properties":{"scalerank":7,"name":"Kong"},"geometry":{"type":"LineString","coordinates":[[107.3677,16.1074],[107.3198,16.1819],[107.2932,16.2092],[107.2593,16.2276],[107.2485,16.2303],[107.2,16.223],[107.1541,16.2039],[107.115,16.1776],[107.0872,16.1484],[107.0963,16.1292],[107.0855,16.1282],[107.053,16.1409],[107.0584,16.1077],[107.0523,16.0755],[107.0361,16.047],[107.0113,16.0248],[106.9658,15.9996],[106.9463,15.9828],[106.9295,15.9559],[106.912,15.902],[106.8989,15.8782],[106.8743,15.8604],[106.8411,15.8529],[106.7803,15.8485],[106.7588,15.8331],[106.7641,15.8231],[106.7685,15.8091],[106.7713,15.7942],[106.7725,15.7813],[106.7691,15.767],[106.7571,15.7411],[106.7588,15.7294],[106.769,15.7256],[106.8043,15.7224],[106.8121,15.7198],[106.809,15.6911],[106.8145,15.682],[106.8333,15.6884],[106.8295,15.6718],[106.7996,15.6526],[106.7922,15.6375],[106.7855,15.5482],[106.7892,15.5418],[106.7971,15.539],[106.8043,15.5349],[106.8059,15.5246],[106.8008,15.5198],[106.7725,15.5109],[106.7517,15.5003],[106.7416,15.4873],[106.7309,15.4488],[106.7356,15.4509],[106.7472,15.4537],[106.752,15.4557],[106.7543,15.4389],[106.7739,15.4172],[106.7786,15.4045],[106.7793,15.3753],[106.772,15.3692],[106.752,15.3601],[106.725,15.3424],[106.7115,15.3306],[106.7177,15.318],[106.7219,15.3018],[106.7293,15.2855],[106.7415,15.2781],[106.7651,15.2698],[106.7804,15.2493],[106.804,15.1863],[106.8064,15.1819],[106.809,15.1782],[106.8174,15.1612],[106.8259,15.121],[106.8333,15.1056],[106.8477,15.0953],[106.8769,15.0862],[106.888,15.0721],[106.8696,15.0521],[106.8789,14.998],[106.8674,14.9691],[106.8725,14.9651],[106.8816,14.9486],[106.8609,14.9427],[106.8445,14.9283],[106.8349,14.9088],[106.8333,14.8872],[106.8376,14.8789],[106.8442,14.8725],[106.8469,14.8665],[106.84,14.8592],[106.8289,14.8561],[106.8041,14.8567],[106.7922,14.8524],[106.818,14.8408],[106.8301,14.8309],[106.8333,14.8182],[106.8264,14.8146],[106.7969,14.8208],[106.782,14.8148],[106.7559,14.7979],[106.752,14.7943],[106.7465,14.7691],[106.7446,14.7636],[106.733,14.7595],[106.7198,14.7595],[106.7088,14.7557],[106.7041,14.7401],[106.6998,14.7329],[106.6795,14.7082],[106.6725,14.7028],[106.6629,14.7022],[106.6529,14.6997],[106.6453,14.6942],[106.6421,14.6848],[106.6377,14.6809],[106.6162,14.6817],[106.6079,14.6811],[106.5947,14.6754],[106.5868,14.6674],[106.5842,14.6589],[106.5865,14.6499],[106.5865,14.6429],[106.5634,14.6354],[106.5569,14.6241],[106.5524,14.6105],[106.5459,14.5991],[106.5269,14.5977],[106.5121,14.5905],[106.4907,14.5712],[106.4834,14.5677],[106.4767,14.5671],[106.4719,14.5643],[106.4701,14.5545],[106.4707,14.5448],[106.4727,14.5377],[106.4771,14.5328],[106.4844,14.5302],[106.4844,14.524],[106.4692,14.5249],[106.4564,14.5281],[106.4456,14.5293],[106.436,14.524],[106.434,14.5198],[106.4322,14.5126],[106.4334,14.5059],[106.4448,14.4997],[106.4405,14.4928],[106.4331,14.4868],[106.4292,14.4862],[106.4188,14.4667],[106.3936,14.4563],[106.333,14.4483],[106.3354,14.4356],[106.339,14.4274],[106.3413,14.4195],[106.3403,14.4073],[106.3362,14.3986],[106.3302,14.3913],[106.3257,14.3817],[106.3262,14.3664],[106.3311,14.3575],[106.339,14.3494],[106.3456,14.3395],[106.3467,14.3248],[106.3408,14.3125],[106.3314,14.3116],[106.3211,14.3193],[106.3125,14.3322],[106.2988,14.3179],[106.3154,14.2969],[106.3237,14.2893],[106.333,14.2838],[106.3473,14.2801],[106.3576,14.2794],[106.3658,14.2758],[106.3745,14.2634],[106.3484,14.246],[106.3692,14.2228],[106.4292,14.1814],[106.4297,14.159],[106.4151,14.1455],[106.3975,14.1337],[106.3889,14.1163],[106.387,14.0931],[106.3814,14.0749],[106.3723,14.0592],[106.3497,14.0318],[106.3159,13.9996],[106.3072,13.9838],[106.308,13.966],[106.3117,13.9488],[106.3125,13.9344],[106.3023,13.9158],[106.2988,13.9064],[106.2975,13.8851],[106.2955,13.8765],[106.2886,13.8729],[106.2695,13.8458],[106.2504,13.8183],[106.2522,13.8048],[106.2573,13.7973],[106.2609,13.7901],[106.2578,13.7774],[106.2305,13.7426],[106.2158,13.7391],[106.2026,13.7401],[106.1897,13.739],[106.176,13.7289],[106.1714,13.7196],[106.1664,13.6935],[106.1624,13.6805],[106.1576,13.6748],[106.1349,13.6538],[106.0772,13.5865],[106.0577,13.5744],[106.0318,13.5712]]}},{"type":"Feature","properties":{"scalerank":7,"name":"Jialing"},"geometry":{"type":"LineString","coordinates":[[106.8816,34.208],[106.8748,34.1975],[106.8587,34.1962],[106.8264,34.2042],[106.7797,34.1634],[106.7691,34.1571],[106.7579,34.147],[106.7241,34.0813],[106.6983,34.0619],[106.6875,34.0491],[106.6817,34.0255],[106.6677,34.0004],[106.6421,33.9652],[106.6015,33.9462],[106.5109,33.9247],[106.477,33.9025],[106.4356,33.8564],[106.4241,33.8349],[106.4117,33.83],[106.3849,33.8281],[106.377,33.8246],[106.3621,33.8073],[106.354,33.8007],[106.3126,33.7958],[106.3062,33.7899],[106.303,33.779],[106.2885,33.7558],[106.2852,33.749],[106.2763,33.7353],[106.2561,33.7397],[106.2237,33.7591],[106.2105,33.7393],[106.2095,33.7237],[106.2139,33.708],[106.2169,33.6878],[106.2188,33.6821],[106.2223,33.6773],[106.2239,33.6726],[106.2203,33.6667],[106.2053,33.6556],[106.2032,33.6533],[106.1993,33.6519],[106.176,33.6289],[106.0701,33.5734],[106.0455,33.5469],[106.0222,33.515],[106.0198,33.5031],[106.0386,33.4742],[106.0444,33.4589],[106.0524,33.4234],[106.0678,33.379],[106.0811,33.3579],[106.0972,33.3489],[106.1218,33.3453],[106.1363,33.3358],[106.1423,33.3223],[106.1417,33.3067],[106.1362,33.2888],[106.1282,33.275],[106.0823,33.2237],[106.0689,33.2121],[106.0524,33.2049],[106.0584,33.1861],[106.0606,33.163],[106.0569,33.1419],[106.0455,33.1292],[106.0857,33.091],[106.1008,33.0808],[106.0723,33.0037],[106.0593,32.9852],[105.9716,32.9438],[105.9567,32.9334],[105.9535,32.9162],[105.9451,32.9092],[105.9341,32.9049],[105.9225,32.8958],[105.9146,32.881],[105.9155,32.8707],[105.9199,32.8602],[105.9225,32.8446],[105.9247,32.8409],[105.9337,32.8306],[105.9358,32.8241],[105.9348,32.8167],[105.9306,32.8077],[105.9272,32.7824],[105.9269,32.7711],[105.9295,32.7603],[105.9358,32.745],[105.9192,32.7469],[105.9102,32.7445],[105.9054,32.7371],[105.9015,32.7245],[105.9015,32.6866],[105.9005,32.6838],[105.8982,32.6794],[105.8959,32.6734],[105.8931,32.6561],[105.8891,32.6518],[105.8845,32.6488],[105.8811,32.6425],[105.8674,32.5914],[105.8652,32.5765],[105.8555,32.56],[105.8533,32.5498],[105.8613,32.5077],[105.8606,32.4918],[105.8526,32.4704],[105.8365,32.4458],[105.8154,32.4271],[105.7918,32.4234],[105.7951,32.4174],[105.802,32.4016],[105.8054,32.3955],[105.7677,32.3931],[105.7507,32.387],[105.7371,32.375],[105.7091,32.3198],[105.7136,32.3168],[105.731,32.3085],[105.7378,32.3038],[105.7314,32.2971],[105.7167,32.2862],[105.7154,32.2727],[105.7178,32.2582],[105.7227,32.2457],[105.7297,32.2379],[105.7239,32.2293],[105.7236,32.2237],[105.7271,32.2192],[105.7334,32.214],[105.7377,32.2051],[105.7316,32.1989],[105.7226,32.1944],[105.7167,32.1907],[105.6887,32.1491],[105.7117,32.1428],[105.7154,32.1288],[105.7129,32.111],[105.7167,32.0939],[105.7079,32.0921],[105.7046,32.0899],[105.7021,32.0863],[105.6956,32.0808],[105.7057,32.075],[105.7092,32.0668],[105.7057,32.0587],[105.6956,32.0529],[105.7019,32.0455],[105.7171,32.0377],[105.7236,32.0324],[105.7271,32.024],[105.7276,32.0106],[105.7334,32.002],[105.7412,31.9969],[105.7466,31.9957],[105.7498,31.9924],[105.7507,31.9809],[105.7496,31.9714],[105.7444,31.9537],[105.7433,31.9431],[105.7577,31.9501],[105.7683,31.9484],[105.7768,31.944],[105.7849,31.9431],[105.794,31.9473],[105.804,31.9576],[105.8128,31.9642],[105.8206,31.9517],[105.8228,31.9409],[105.8184,31.9313],[105.8054,31.9226],[105.8397,31.9104],[105.8533,31.9089],[105.8459,31.8847],[105.8389,31.8763],[105.8259,31.8741],[105.8259,31.8679],[105.8317,31.8637],[105.8351,31.8603],[105.8357,31.8556],[105.8334,31.8475],[105.8481,31.8503],[105.8591,31.8553],[105.8692,31.8583],[105.8811,31.8549],[105.8731,31.8234],[105.8921,31.7994],[105.9212,31.7894],[105.9433,31.7996],[105.9439,31.7805],[105.9351,31.7635],[105.9338,31.7491],[105.9567,31.7376],[105.9401,31.7236],[105.9387,31.7086],[105.9482,31.6942],[105.9631,31.6824],[105.9564,31.6829],[105.9358,31.6824],[105.9404,31.673],[105.9433,31.6693],[105.9369,31.6639],[105.9317,31.6573],[105.9284,31.6496],[105.9288,31.6414],[105.9343,31.6354],[105.9426,31.6359],[105.9513,31.6376],[105.9567,31.6352],[105.9614,31.6185],[105.9631,31.5868],[105.9705,31.5731],[105.9826,31.5825],[105.998,31.6092],[106.0081,31.6147],[106.0524,31.5799],[106.0593,31.5687],[106.0641,31.5524],[106.0608,31.5378],[106.0421,31.5315],[106.0307,31.5252],[106.021,31.5113],[106.0201,31.4974],[106.0352,31.4912],[106.0381,31.4838],[106.0398,31.4485],[106.0387,31.4366],[106.0247,31.4126],[106.0206,31.4003],[106.0284,31.395],[106.0347,31.3939],[106.0481,31.3892],[106.0559,31.3881],[106.0651,31.3852],[106.0693,31.3785],[106.0708,31.3716],[106.073,31.3677],[106.0884,31.3635],[106.1199,31.3587],[106.1349,31.354],[106.1349,31.3472],[106.1173,31.3379],[106.1148,31.3217],[106.1232,31.3107],[106.1383,31.3168],[106.1515,31.3295],[106.197,31.3614],[106.209,31.3368],[106.2107,31.3301],[106.2139,31.3263],[106.2217,31.3265],[106.2304,31.3276],[106.2368,31.3267],[106.2473,31.3187],[106.2586,31.3082],[106.2673,31.2956],[106.2709,31.2817],[106.2678,31.2679],[106.2599,31.2523],[106.25,31.2378],[106.2405,31.2271],[106.228,31.2211],[106.2144,31.2166],[106.2114,31.2112],[106.2305,31.2032],[106.2433,31.2071],[106.2495,31.1973],[106.2537,31.181],[106.2612,31.166],[106.2879,31.1466],[106.292,31.1448],[106.2966,31.1319],[106.3075,31.1302],[106.3262,31.1349],[106.3462,31.1203],[106.3468,31.107],[106.3413,31.0948],[106.3434,31.0831],[106.3513,31.0799],[106.3617,31.0796],[106.3707,31.0777],[106.3745,31.0697],[106.395,31.0455],[106.3782,31.0335],[106.356,31.0302],[106.3329,31.0295],[106.3125,31.025],[106.325,31.0136],[106.3447,30.999],[106.3569,30.9853],[106.3467,30.9766],[106.3325,30.98],[106.2975,31.0032],[106.2791,31.0114],[106.2561,31.0167],[106.256,31.0135],[106.2578,31.0046],[106.2617,30.9962],[106.2715,30.9924],[106.2709,30.9841],[106.2583,30.9651],[106.2405,30.9623],[106.2002,30.9704],[106.1884,30.9597],[106.1808,30.9128],[106.1725,30.9022],[106.1611,30.8937],[106.1411,30.8522],[106.1313,30.8367],[106.0996,30.8019],[106.0857,30.7804],[106.0797,30.7613],[106.0891,30.746],[106.1065,30.7286],[106.1157,30.7112],[106.1008,30.6961],[106.0883,30.7093],[106.0722,30.7141],[106.0584,30.7073],[106.0524,30.6859],[106.0574,30.6657],[106.0698,30.6664],[106.0874,30.6725],[106.107,30.6688],[106.1189,30.6499],[106.1064,30.6347],[106.083,30.6247],[106.063,30.621],[106.0628,30.614],[106.0693,30.5795],[106.0667,30.5664],[106.0841,30.5717],[106.0938,30.5764],[106.0984,30.5743],[106.1008,30.5595],[106.0966,30.5491],[106.0894,30.5388],[106.0894,30.5318],[106.107,30.5316],[106.12,30.5389],[106.1329,30.5499],[106.1451,30.5535],[106.1554,30.5384],[106.1529,30.5322],[106.1417,30.4832],[106.1138,30.5008],[106.1038,30.4997],[106.0903,30.4869],[106.0953,30.4779],[106.1353,30.4553],[106.1485,30.4497],[106.1528,30.4652],[106.1646,30.4634],[106.177,30.4505],[106.1829,30.4322],[106.186,30.4131],[106.1934,30.4116],[106.2026,30.4213],[106.2107,30.436],[106.2247,30.3983],[106.2305,30.3876],[106.2432,30.3754],[106.255,30.3701],[106.2668,30.3666],[106.2791,30.3603],[106.2504,30.3398],[106.2649,30.3277],[106.2686,30.3054],[106.2649,30.2816],[106.2578,30.2647],[106.252,30.2705],[106.242,30.2781],[106.2368,30.2852],[106.2263,30.2501],[106.2203,30.2405],[106.2032,30.2032],[106.2055,30.1897],[106.2117,30.1868],[106.2213,30.1859],[106.2337,30.1784],[106.235,30.1708],[106.2301,30.1609],[106.2169,30.1406],[106.2299,30.1369],[106.2495,30.1541],[106.2647,30.1549],[106.2633,30.1475],[106.263,30.1334],[106.2685,30.1249],[106.2852,30.1343],[106.2896,30.1238],[106.2857,30.1149],[106.2778,30.1054],[106.2709,30.0934],[106.2949,30.092],[106.3096,30.0856],[106.3154,30.071],[106.3116,30.0374],[106.3097,30.0284],[106.3032,30.0208],[106.2759,30.0144],[106.2715,30.0065],[106.2732,29.9973],[106.2791,29.9897],[106.2852,29.9897],[106.2958,30.0021],[106.319,30.0021],[106.3375,29.9893],[106.333,29.963],[106.3621,29.9469],[106.3792,29.9266],[106.4087,29.8736],[106.4264,29.8535],[106.5094,29.7823],[106.5201,29.7695],[106.5248,29.7539],[106.5235,29.7214],[106.5167,29.7034],[106.5012,29.6955],[106.4708,29.7059],[106.4564,29.7043],[106.4502,29.6853],[106.4522,29.6776],[106.461,29.6624],[106.4639,29.6546],[106.4624,29.6507],[106.4594,29.6451],[106.4585,29.6375],[106.4639,29.6273],[106.4592,29.5956],[106.4978,29.5771],[106.5502,29.5733],[106.5868,29.5856]]}},{"type":"Feature","properties":{"scalerank":7,"name":"Dong"},"geometry":{"type":"LineString","coordinates":[[115.7079,25.0565],[115.7149,25.0447],[115.7319,25.0028],[115.735,24.9845],[115.7363,24.9819],[115.7385,24.9798],[115.7408,24.9768],[115.742,24.9708],[115.7398,24.9649],[115.73,24.9558],[115.7278,24.9501],[115.7242,24.9433],[115.7163,24.9395],[115.7074,24.9366],[115.7009,24.933],[115.6894,24.9133],[115.6806,24.892],[115.6808,24.8861],[115.6873,24.8774],[115.688,24.8715],[115.6848,24.865],[115.6757,24.8535],[115.6738,24.8473],[115.6731,24.8389],[115.6653,24.8108],[115.6245,24.73],[115.5952,24.6897],[115.5693,24.6629],[115.5567,24.6544],[115.5176,24.6365],[115.5059,24.6284],[115.4975,24.6168],[115.4888,24.5978],[115.4927,24.5888],[115.4788,24.5674],[115.4743,24.5528],[115.4713,24.5066],[115.4743,24.4942],[115.4282,24.4594],[115.4204,24.4501],[115.4122,24.4449],[115.3941,24.4515],[115.3652,24.4675],[115.3726,24.4304],[115.3691,24.4149],[115.351,24.4191],[115.3442,24.413],[115.3228,24.4022],[115.3174,24.3985],[115.3176,24.3892],[115.3287,24.3694],[115.3274,24.361],[115.3125,24.351],[115.2682,24.3335],[115.197,24.2904],[115.1837,24.2781],[115.1773,24.2589],[115.1926,24.246],[115.2164,24.235],[115.2354,24.2211],[115.242,24.2067],[115.246,24.1878],[115.2485,24.1485],[115.2441,24.1262],[115.2325,24.1097],[115.2007,24.0833],[115.1782,24.0597],[115.1636,24.0476],[115.1495,24.0423],[115.1235,24.0394],[115.1074,24.0313],[115.0961,24.0183],[115.0847,24.0013],[115.0698,23.9891],[115.0659,23.9822],[115.071,23.974],[115.0571,23.9577],[115.0017,23.9197],[114.9853,23.9003],[114.9763,23.8903],[114.9658,23.8842],[114.9519,23.8839],[114.9332,23.8915],[114.9125,23.8724],[114.8832,23.8575],[114.7805,23.8212],[114.7475,23.7984],[114.7202,23.7691],[114.7005,23.7338],[114.6768,23.6754],[114.6731,23.6618],[114.6707,23.6412],[114.6526,23.5904],[114.6501,23.5721],[114.6506,23.5542],[114.6563,23.5406],[114.6694,23.5352],[114.6742,23.5274],[114.6867,23.4731],[114.6665,23.463],[114.6319,23.4265],[114.6076,23.4185],[114.6017,23.4153],[114.5807,23.3949],[114.5707,23.3895],[114.5598,23.3915],[114.5435,23.3986],[114.5226,23.3963],[114.5078,23.389],[114.4986,23.3753],[114.4956,23.3536],[114.5022,23.3334],[114.5528,23.2726],[114.5567,23.2699],[114.561,23.2663],[114.5639,23.2609],[114.5522,23.2444],[114.5503,23.2403],[114.5557,23.2327],[114.5645,23.2261],[114.574,23.2215],[114.5807,23.2198],[114.5873,23.2117],[114.5943,23.1927],[114.5953,23.1719],[114.5839,23.1578],[114.5831,23.1614],[114.5728,23.166],[114.5598,23.1699],[114.5503,23.1715],[114.5283,23.1603],[114.5147,23.1561],[114.5048,23.1644],[114.478,23.182],[114.4661,23.1863],[114.4573,23.179],[114.4335,23.1259],[114.4262,23.1175],[114.4156,23.1094],[114.4089,23.1086],[114.2964,23.1578],[114.2842,23.1534],[114.249,23.1564],[114.2332,23.1364],[114.1951,23.1162],[114.1798,23.0994],[114.1382,23.0759],[114.1228,23.0643],[114.1115,23.0577],[114.0984,23.0603],[114.0772,23.0759],[114.0581,23.0939],[114.0474,23.0955],[114.032,23.0865],[114.0159,23.0803],[113.9968,23.0819],[113.9809,23.0892],[113.9742,23.1004],[113.9059,23.1107],[113.872,23.1019],[113.8563,23.1032],[113.8435,23.1103]]}},{"type":"Feature","properties":{"scalerank":7,"name":"Dong"},"geometry":{"type":"LineString","coordinates":[[114.6365,23.7359],[114.6391,23.7338],[114.6572,23.7238],[114.6714,23.7302],[114.6865,23.7416],[114.7073,23.7469]]}},{"type":"Feature","properties":{"scalerank":7,"name":"Dong"},"geometry":{"type":"LineString","coordinates":[[113.844,23.1107],[113.8435,23.1103]]}},{"type":"Feature","properties":{"scalerank":7,"name":"Dong"},"geometry":{"type":"LineString","coordinates":[[113.8435,23.1103],[113.8303,23.1175]]}},{"type":"Feature","properties":{"scalerank":7,"name":"Dong"},"geometry":{"type":"LineString","coordinates":[[113.8435,23.1103],[113.8323,23.1009],[113.812,23.0894],[113.7895,23.0799],[113.7568,23.0716],[113.6178,22.9493]]}},{"type":"Feature","properties":{"scalerank":7,"name":"Yalong"},"geometry":{"type":"LineString","coordinates":[[97.6166,34.0642],[97.6091,34.046],[97.5913,34.0337],[97.3457,33.9421],[97.3283,33.9319],[97.3132,33.9205],[97.2358,33.842],[97.2267,33.8349],[97.2164,33.8317],[97.1908,33.8288],[97.1819,33.8243],[97.1724,33.8175],[97.1646,33.8145],[97.1593,33.8096],[97.1572,33.7971],[97.1594,33.7877],[97.1716,33.7591],[97.2173,33.5541],[97.2236,33.5383],[97.2319,33.5241],[97.2437,33.5091],[97.2481,33.4941],[97.2482,33.4749],[97.2516,33.4583],[97.2764,33.4449],[97.3317,33.3732],[97.3442,33.3609],[97.3594,33.3557],[97.3969,33.3526],[97.417,33.3482],[97.4317,33.3414],[97.4739,33.3582],[97.5186,33.3701],[97.5645,33.3762],[97.6098,33.3756],[97.6724,33.3636],[97.6954,33.3619],[97.7158,33.3685],[97.7494,33.3998],[97.7681,33.4097],[97.8005,33.4024],[97.84,33.3766],[97.8757,33.3433],[97.8972,33.3135],[97.8993,33.3041],[97.9014,33.2814],[97.9041,33.2725],[97.9114,33.263],[97.9513,33.2286],[97.9695,33.2225],[98.0457,33.2151],[98.0554,33.2111],[98.0603,33.2051],[98.0651,33.196],[98.0711,33.1875],[98.0791,33.1838],[98.1163,33.1798],[98.1578,33.1702],[98.1729,33.1584],[98.1865,33.1424],[98.2019,33.1284],[98.2234,33.1223],[98.2376,33.1164],[98.3198,33.0456],[98.3369,33.0146],[98.364,32.9368],[98.3916,32.905],[98.4324,32.889],[98.521,32.8685],[98.5764,32.8444],[98.5933,32.8412],[98.6038,32.8465],[98.6122,32.8592],[98.6196,32.874],[98.6275,32.8856],[98.6439,32.8902],[98.6646,32.8834],[98.7612,32.8207],[98.7656,32.8337],[98.7758,32.8322],[98.7881,32.825],[98.7991,32.8207],[98.8169,32.8177],[98.822,32.8095],[98.8242,32.7974],[98.8331,32.7828],[98.8517,32.7593],[98.8624,32.7529],[98.8779,32.7555],[98.9043,32.7645],[98.9053,32.7661],[98.9148,32.7638],[98.9258,32.7545],[98.936,32.7524],[98.9535,32.7547],[98.9815,32.7644],[98.9941,32.7661],[99.0039,32.7623],[99.0418,32.7381],[99.0497,32.7281],[99.0562,32.7037],[99.0623,32.6898],[99.0959,32.6505],[99.1039,32.6351],[99.0899,32.6278],[99.0821,32.6101],[99.0817,32.5897],[99.0903,32.5743],[99.0715,32.5623],[99.0645,32.5396],[99.065,32.5137],[99.0696,32.4918],[99.0826,32.4567],[99.0826,32.4439],[99.0768,32.4373],[99.0537,32.4236],[99.0432,32.4149],[99.0315,32.4125],[99.0198,32.4086],[99.0144,32.399],[99.0103,32.3837],[99.0003,32.3788],[98.988,32.3771],[98.9666,32.3673],[98.9517,32.3653],[98.9382,32.3612],[98.9325,32.3509],[98.935,32.3389],[98.9529,32.2999],[98.9766,32.3055],[98.9959,32.3],[99.0133,32.291],[99.0315,32.2862],[99.0413,32.2851],[99.0623,32.28],[99.0728,32.2788],[99.0823,32.2828],[99.1066,32.3011],[99.1174,32.3067],[99.142,32.3082],[99.2031,32.2931],[99.2255,32.2924],[99.2457,32.289],[99.2644,32.2806],[99.282,32.2652],[99.3023,32.2316],[99.3237,32.187],[99.3267,32.1754],[99.3338,32.1703],[99.3408,32.1683],[99.344,32.1658],[99.3451,32.1507],[99.3484,32.1472],[99.3547,32.1471],[99.3645,32.1423],[99.395,32.1176],[99.4122,32.1106],[99.4363,32.1082],[99.4553,32.103],[99.4639,32.0893],[99.4675,32.0467],[99.4714,32.0279],[99.4805,32.0074],[99.4942,31.9908],[99.5118,31.984],[99.5286,31.9752],[99.561,31.9322],[99.5762,31.9163],[99.6358,31.8968],[99.645,31.885],[99.6472,31.8754],[99.6567,31.8536],[99.6587,31.844],[99.6567,31.8226],[99.6584,31.817],[99.6655,31.8065],[99.6821,31.7909],[99.7207,31.7729],[99.7376,31.7622],[99.752,31.7434],[99.7817,31.6761],[99.8062,31.6517],[99.8413,31.6409],[99.9702,31.6289],[100.0178,31.616],[100.0606,31.5956],[100.09,31.5663],[100.0969,31.5452],[100.1023,31.5006],[100.114,31.481],[100.1406,31.4603],[100.1555,31.4537],[100.1592,31.4459],[100.1616,31.4366],[100.1651,31.4291],[100.1831,31.4166],[100.2061,31.4057],[100.2262,31.3921],[100.2348,31.3714],[100.2393,31.3497],[100.2689,31.2988],[100.2823,31.2573],[100.2915,31.1919],[100.3052,31.1505],[100.3098,31.128],[100.3098,31.0645],[100.3064,31.0523],[100.3086,31.0408],[100.3088,30.9593],[100.3079,30.9508],[100.3062,30.9437],[100.303,30.9363],[100.2789,30.9187],[100.2662,30.896],[100.2451,30.8887],[100.2,30.8817],[100.1638,30.8567],[100.1498,30.8211],[100.1522,30.7799],[100.197,30.658],[100.2177,30.6263],[100.2485,30.6005],[100.272,30.5846],[100.2888,30.5703],[100.3167,30.5384],[100.3328,30.525],[100.3557,30.5144],[100.3823,30.5074],[100.4094,30.5049],[100.4401,30.4633],[100.4536,30.4488],[100.4631,30.444],[100.533,30.4387],[100.5625,30.4305],[100.5774,30.4149],[100.588,30.4208],[100.594,30.4198],[100.6046,30.4081],[100.6052,30.4052],[100.6046,30.3913],[100.6065,30.3872],[100.6104,30.3875],[100.6148,30.3889],[100.6183,30.3876],[100.6287,30.3749],[100.6397,30.3668],[100.6661,30.3541],[100.6809,30.3434],[100.691,30.3306],[100.707,30.2989],[100.7166,30.2854],[100.728,30.2723],[100.7377,30.2579],[100.7418,30.2405],[100.7503,30.2259],[100.7874,30.2211],[100.8042,30.1934],[100.8228,30.194],[100.8429,30.199],[100.8545,30.1995],[100.863,30.1897],[100.8662,30.187],[100.9157,30.1961],[100.9367,30.2076],[100.9566,30.2106],[100.978,30.2091],[100.9957,30.2032],[101.0022,30.18],[100.9988,30.1573],[100.992,30.136],[100.9882,30.1173],[100.9944,30.1105],[101.0061,30.107],[101.0132,30.1018],[101.0056,30.09],[101.002,30.0822],[101.0035,30.0731],[101.0073,30.0631],[101.0094,30.0524],[101.003,30.0069],[101.003,29.9811],[101.0125,29.9698],[101.0272,29.9605],[101.0619,29.9161],[101.0708,29.9016],[101.0869,29.8592],[101.0903,29.8392],[101.0884,29.7538],[101.0844,29.7364],[101.0724,29.7123],[101.0708,29.7023],[101.0741,29.6915],[101.0881,29.6717],[101.0912,29.6651],[101.0899,29.6606],[101.0838,29.6479],[101.0811,29.644],[101.0801,29.6405],[101.0834,29.6298],[101.0844,29.6238],[101.0867,29.6174],[101.1183,29.5756],[101.1251,29.5699],[101.1323,29.5658],[101.1248,29.5279],[101.1524,29.4647],[101.1397,29.4286],[101.1072,29.3997],[101.0876,29.3861],[101.0742,29.3802],[101.0725,29.3784],[101.0586,29.3697],[101.0503,29.3665],[101.0398,29.3671],[101.0305,29.3707],[101.0211,29.3721],[101.0094,29.3665],[101.0094,29.3597],[101.0159,29.3503],[101.0182,29.3455],[101.0156,29.3461],[101.0215,29.3445],[101.0293,29.3452],[101.0355,29.3481],[101.0361,29.3529],[101.0407,29.3424],[101.043,29.332],[101.0546,29.2029],[101.0617,29.1789],[101.0742,29.1679],[101.0938,29.1608],[101.1052,29.1433],[101.1187,29.0997],[101.1514,29.03],[101.1499,29.0134],[101.1428,29.0034],[101.1422,28.9942],[101.1504,28.9667],[101.1608,28.9605],[101.1725,28.9562],[101.1807,28.9488],[101.1843,28.928],[101.1738,28.8629],[101.1751,28.7965],[101.1807,28.7769],[101.186,28.7687],[101.1914,28.7647],[101.1967,28.7599],[101.2011,28.7496],[101.2026,28.7393],[101.2019,28.6849],[101.2421,28.4952],[101.2704,28.416],[101.2798,28.3991],[101.293,28.3837],[101.3113,28.3747],[101.3311,28.3721],[101.3499,28.3658],[101.365,28.3455],[101.3666,28.3358],[101.3633,28.3159],[101.365,28.3046],[101.3694,28.2982],[101.3827,28.2858],[101.3855,28.2807],[101.384,28.2574],[101.3718,28.2015],[101.3789,28.1661],[101.4082,28.1409],[101.4431,28.119],[101.4674,28.0929],[101.4783,28.0707],[101.4873,28.0631],[101.526,28.065],[101.5405,28.0737],[101.5711,28.1339],[101.5879,28.1496],[101.6083,28.1646],[101.6254,28.1804],[101.6324,28.1984],[101.6348,28.2084],[101.6445,28.2279],[101.6529,28.284],[101.6529,28.3256],[101.6558,28.3363],[101.6665,28.3629],[101.6744,28.3721],[101.7105,28.3967],[101.7212,28.407],[101.746,28.4744],[101.7491,28.4929],[101.745,28.5349],[101.7482,28.5504],[101.7628,28.5653],[101.8281,28.5941],[101.8496,28.6121],[101.876,28.6184],[101.9038,28.6212],[101.9199,28.6205],[101.938,28.6068],[101.936,28.5926],[101.9259,28.5776],[101.9138,28.5445],[101.8721,28.4827],[101.8643,28.4427],[101.8819,28.3633],[101.8858,28.3256],[101.8836,28.3165],[101.8743,28.295],[101.8619,28.2777],[101.8609,28.2691],[101.8609,28.2603],[101.8584,28.2499],[101.8482,28.2317],[101.8137,28.1916],[101.7964,28.1605],[101.7916,28.1463],[101.7905,28.1393],[101.7901,28.1302],[101.7867,28.1095],[101.772,28.0775],[101.7691,28.0582],[101.7739,28.0368],[101.7856,28.0283],[101.8243,28.024],[101.8452,28.0242],[101.8545,28.0217],[101.8584,28.0131],[101.8535,28.0067],[101.8272,27.9893],[101.8228,27.9807],[101.8394,27.9625],[101.8613,27.9468],[101.8721,27.9449],[101.8686,27.9238],[101.8596,27.9112],[101.8486,27.9009],[101.8379,27.8862],[101.8674,27.8861],[101.8823,27.8765],[101.8853,27.8598],[101.8789,27.8384],[101.9116,27.8245],[101.9249,27.7862],[101.9343,27.7431],[101.9546,27.7149],[101.9773,27.7109],[101.9971,27.7124],[102.0108,27.7076],[102.0161,27.6845],[102.0151,27.6658],[102.0109,27.6428],[102.0026,27.6226],[101.9888,27.6125],[101.9944,27.6039],[101.9982,27.5957],[102.0005,27.588],[102.0014,27.5807],[101.9976,27.5601],[101.9788,27.5198],[101.9745,27.4964],[101.9723,27.4305],[101.9609,27.3655],[101.9501,27.3372],[101.9373,27.317],[101.9033,27.2801],[101.8891,27.2576],[101.8713,27.2053],[101.8584,27.1805],[101.8682,27.1761],[101.8743,27.1667],[101.8767,27.1574],[101.8755,27.1531],[101.8757,27.1509],[101.8447,27.1395],[101.8287,27.128],[101.8155,27.1146],[101.8066,27.0974],[101.8032,27.0743],[101.7979,27.0561],[101.7737,27.0118],[101.7288,26.9688],[101.7084,26.962],[101.6968,26.9568],[101.6871,26.9478],[101.6993,26.9322],[101.7027,26.8931],[101.7252,26.8485],[101.7322,26.8447],[101.7691,26.8379],[101.7965,26.8177],[101.8364,26.7635],[101.8652,26.7429],[101.856,26.732],[101.8243,26.674],[101.8237,26.6693],[101.8252,26.6582],[101.8243,26.6535],[101.8134,26.6381],[101.7964,26.6051]]}},{"type":"Feature","properties":{"scalerank":7,"name":null},"geometry":{"type":"LineString","coordinates":[[80.9407,31.3915],[80.9212,31.3821],[80.8999,31.3824],[80.8623,31.3881],[80.852,31.3858],[80.8316,31.3776],[80.8208,31.3751],[80.8084,31.3753],[80.787,31.3801],[80.7359,31.3821],[80.7241,31.3882],[80.6747,31.4468],[80.6555,31.4625],[80.6318,31.4721],[80.6196,31.4741],[80.606,31.4748],[80.5303,31.4666],[80.4888,31.4704],[80.4519,31.4864],[80.4236,31.5185],[80.4047,31.5592],[80.398,31.5816],[80.3956,31.6041],[80.3893,31.6209],[80.3745,31.6349],[80.3565,31.6483],[80.3409,31.6631],[80.3113,31.7119],[80.3069,31.7274],[80.3032,31.7528],[80.293,31.7702],[80.259,31.7996],[80.2164,31.8526],[80.1855,31.8698],[80.1752,31.89],[80.1629,31.9294],[80.1325,31.9957],[80.0667,32.0808],[80.0507,32.1323],[80.0427,32.1457],[79.9814,32.1938],[79.9373,32.2384],[79.9302,32.2484],[79.9263,32.267],[79.9166,32.2866],[79.9043,32.3041],[79.8108,32.3941],[79.7786,32.4098],[79.7461,32.4196],[79.7319,32.4263],[79.7009,32.4496],[79.6933,32.4581],[79.69,32.4676],[79.69,32.486],[79.688,32.4926],[79.6831,32.4979]]}},{"type":"Feature","properties":{"scalerank":7,"name":"Sittong"},"geometry":{"type":"LineString","coordinates":[[95.7869,20.2182],[95.8158,20.1988],[95.8311,20.1931],[95.8521,20.1909],[95.8716,20.1939],[95.9084,20.2051],[95.9308,20.2046],[95.9909,20.1806],[96.0097,20.1766],[96.0149,20.1746],[96.0201,20.1701],[96.0269,20.1656],[96.0372,20.1636],[96.083,20.1636],[96.1006,20.1617],[96.121,20.156],[96.1418,20.1463],[96.1607,20.1326],[96.167,20.1254],[96.1746,20.1121],[96.1811,20.1053],[96.1899,20.1005],[96.2094,20.0973],[96.2183,20.0948],[96.2408,20.069],[96.2471,20.0296],[96.2393,19.9439],[96.2415,19.8841],[96.2393,19.8619],[96.228,19.8395],[96.2257,19.8278],[96.2319,19.7869],[96.2473,19.7661],[96.2827,19.7313],[96.294,19.7111],[96.2962,19.6881],[96.2929,19.6686],[96.2918,19.6498],[96.3008,19.6292],[96.2783,19.6229],[96.2832,19.5952],[96.3076,19.5361],[96.2905,19.4988],[96.2832,19.4923],[96.2799,19.4776],[96.2796,19.4615],[96.2803,19.4517],[96.2918,19.4029],[96.3022,19.38],[96.3179,19.3586],[96.3212,19.3505],[96.317,19.3444],[96.3108,19.3385],[96.3076,19.3309],[96.3098,19.3235],[96.319,19.3172],[96.3253,19.2994],[96.335,19.288],[96.3464,19.2819],[96.356,19.2866],[96.4112,19.197],[96.4243,19.1631],[96.4308,19.1586],[96.4356,19.1542],[96.438,19.15],[96.4363,19.1438],[96.4317,19.1386],[96.4268,19.1356],[96.4243,19.1358],[96.4243,19.1153],[96.426,19.109],[96.4302,19.1088],[96.4348,19.1101],[96.438,19.1085],[96.4425,19.0886],[96.438,19.0327],[96.4516,19.0331],[96.4574,19.0148],[96.4599,18.9518],[96.4631,18.941],[96.469,18.9366],[96.4778,18.9329],[96.48,18.9246],[96.4795,18.9099],[96.4986,18.8759],[96.5006,18.8568],[96.4826,18.8483],[96.4596,18.8445],[96.4493,18.8334],[96.4482,18.816],[96.4575,18.7633],[96.4585,18.7386],[96.457,18.7319],[96.4526,18.7208],[96.4517,18.7137],[96.4548,18.6929],[96.4634,18.6796],[96.4858,18.6566],[96.5054,18.6209],[96.5201,18.6021],[96.5584,18.5853],[96.5781,18.5653],[96.5938,18.5425],[96.605,18.5203],[96.6078,18.5172],[96.6159,18.512],[96.6126,18.5087],[96.606,18.5015],[96.6025,18.4983],[96.6093,18.4886],[96.6298,18.471],[96.6332,18.4611],[96.6372,18.4368],[96.6668,18.3754],[96.6719,18.3676],[96.6782,18.3612],[96.6738,18.3546],[96.6707,18.3464],[96.6707,18.3379],[96.6748,18.3307],[96.6848,18.3194],[96.6846,18.3137],[96.6802,18.3089],[96.6782,18.2997],[96.6817,18.2587],[96.6988,18.1962],[96.7055,18.1824],[96.7171,18.1706],[96.7261,18.1712],[96.7341,18.1751],[96.7427,18.1727],[96.7459,18.1657],[96.7392,18.1507],[96.739,18.1414],[96.7433,18.1376],[96.7503,18.1364],[96.7568,18.1336],[96.7595,18.1253],[96.7574,18.1226],[96.7529,18.1207],[96.7482,18.1166],[96.7465,18.1079],[96.7564,18.0772],[96.7735,18.0585],[96.7805,18.0533],[96.795,18.0562],[96.804,18.054],[96.8079,18.0428],[96.8087,18.0152],[96.8126,18.0044],[96.8215,17.998],[96.8119,17.993],[96.8079,17.9918],[96.8079,17.9844],[96.8283,17.9764],[96.8345,17.96],[96.8352,17.9439],[96.8386,17.9366],[96.8544,17.9392],[96.8579,17.9357],[96.8632,17.9229],[96.8643,17.9144],[96.8632,17.8819],[96.8787,17.794],[96.8872,17.7753],[96.8899,17.7652],[96.8896,17.7539],[96.8845,17.7344],[96.8831,17.7237],[96.8823,17.721],[96.8809,17.7115],[96.8816,17.7012],[96.8865,17.6964],[96.8916,17.6939],[96.8972,17.6878],[96.9018,17.6801],[96.9034,17.6728],[96.9022,17.6568],[96.8838,17.5695],[96.8831,17.4574]]}},{"type":"Feature","properties":{"scalerank":7,"name":"You"},"geometry":{"type":"LineString","coordinates":[[105.2573,24.4481],[105.3124,24.4189],[105.3491,24.4097],[105.3875,24.3854],[105.4082,24.3758],[105.4771,24.3721],[105.4939,24.3656],[105.5034,24.3599],[105.5249,24.3524],[105.5351,24.3448],[105.5425,24.3378],[105.5508,24.3325],[105.5608,24.329],[105.5733,24.3275],[105.6251,24.3298],[105.6311,24.3303],[105.6366,24.33],[105.6412,24.3288],[105.6449,24.3266],[105.6984,24.3128],[105.723,24.2984],[105.7373,24.2955],[105.7475,24.2969],[105.7551,24.3006],[105.7803,24.3197],[105.8154,24.3373],[105.829,24.3518],[105.8362,24.3568],[105.8451,24.356],[105.8491,24.3524],[105.8622,24.3352],[105.8914,24.3126],[105.8969,24.2967],[105.8863,24.2556],[105.888,24.2347],[105.905,24.2179],[105.959,24.1924],[105.9705,24.1832],[105.9736,24.1707],[105.9807,24.1625],[105.9878,24.156],[105.9909,24.1485],[105.9933,24.1375],[105.999,24.1326],[106.0058,24.1297],[106.0115,24.1248],[106.0209,24.1109],[106.0183,24.0969],[106.0142,24.0888],[106.0079,24.0816],[106.0061,24.0726],[106.0149,24.0594],[106.0358,24.0446],[106.0603,24.0319],[106.0828,24.0169],[106.0972,23.9953],[106.0976,23.9859],[106.0897,23.9706],[106.0884,23.9627],[106.0914,23.9564],[106.0969,23.9532],[106.1265,23.9443],[106.1392,23.942],[106.1524,23.9426],[106.1692,23.9461],[106.1901,23.9458],[106.1993,23.9481],[106.2032,23.9569],[106.2057,23.9609],[106.219,23.9712],[106.2237,23.974],[106.2446,23.9753],[106.2627,23.9673],[106.2804,23.9569],[106.2999,23.9512],[106.3222,23.9521],[106.3484,23.9569],[106.3735,23.9653],[106.392,23.9771],[106.4116,23.9811],[106.4374,23.972],[106.4566,23.9559],[106.4566,23.9461]]}},{"type":"Feature","properties":{"scalerank":7,"name":"You"},"geometry":{"type":"LineString","coordinates":[[106.4566,23.9461],[106.4502,23.9393],[106.4635,23.9339],[106.5044,23.9256],[106.5141,23.9182],[106.5322,23.8992],[106.5459,23.8915],[106.5597,23.8882],[106.573,23.8883],[106.6135,23.8975],[106.621,23.8981],[106.6272,23.8963],[106.6323,23.8899],[106.6336,23.8817],[106.6336,23.8728],[106.6347,23.8641],[106.644,23.8348],[106.6553,23.8109],[106.6738,23.7931],[106.7041,23.7823],[106.7525,23.7752],[106.7778,23.7752],[106.8007,23.7798],[106.8164,23.7799],[106.8315,23.7587],[106.8468,23.7554],[106.8873,23.7611],[106.9092,23.7606],[106.9282,23.7547],[106.9337,23.7466],[106.9306,23.7367],[106.9247,23.7258],[106.9223,23.715],[106.9263,23.7061],[106.9337,23.6999],[106.9423,23.6944],[106.9495,23.6875],[106.9609,23.6646],[106.9669,23.6575],[106.9893,23.6415],[107.0186,23.6262],[107.0498,23.6148],[107.1417,23.5966],[107.1931,23.5985],[107.2112,23.5966],[107.2442,23.5843],[107.2657,23.5659],[107.2839,23.5457],[107.3069,23.5284],[107.3165,23.5142],[107.3351,23.4959],[107.3574,23.4799],[107.3779,23.4731],[107.3818,23.47],[107.4093,23.4527],[107.4114,23.4468],[107.4116,23.4328],[107.4155,23.426],[107.4204,23.423],[107.4317,23.4212],[107.4373,23.4185],[107.5401,23.3245],[107.5553,23.3148],[107.5619,23.3127],[107.573,23.3117],[107.5792,23.3102],[107.5814,23.3084],[107.5855,23.3024],[107.5879,23.3005],[107.5913,23.3],[107.6013,23.3015],[107.6201,23.2972],[107.6303,23.2891],[107.6353,23.2762],[107.6432,23.2297],[107.648,23.2196],[107.6592,23.2093],[107.698,23.1829],[107.7041,23.1752],[107.7133,23.1667],[107.7554,23.1539],[107.7681,23.1466],[107.7691,23.1333],[107.7642,23.1207],[107.7634,23.1113],[107.7769,23.1075],[107.7839,23.1082],[107.7903,23.1097],[107.7964,23.1103],[107.8034,23.1088],[107.8106,23.1046],[107.8167,23.0985],[107.8263,23.0845],[107.8277,23.0886],[107.8303,23.0833],[107.8541,23.0655],[107.8596,23.0591],[107.8687,23.0445],[107.8738,23.0386],[107.8806,23.0345],[107.8863,23.0344],[107.8994,23.0409],[107.9408,23.0544],[107.9469,23.0576],[107.9586,23.0655],[107.9649,23.0683],[107.9762,23.0701],[107.9815,23.0669],[107.9816,23.0597],[107.9773,23.0493],[107.9605,23.0201],[107.9565,23.0043],[107.9614,22.9905],[107.9732,22.9825],[108.0269,22.9642],[108.0342,22.9637],[108.0403,22.9617],[108.0457,22.9551],[108.0468,22.949],[108.045,22.9357],[108.0451,22.9293],[108.0464,22.9249],[108.0567,22.9046],[108.0582,22.8985],[108.0571,22.8926],[108.0522,22.8842],[108.0497,22.8823],[108.0435,22.8804],[108.0418,22.878],[108.0421,22.8722],[108.0451,22.8673],[108.0606,22.8548],[108.0678,22.8509],[108.0833,22.8453],[108.0923,22.8443]]}},{"type":"Feature","properties":{"scalerank":7,"name":"You"},"geometry":{"type":"LineString","coordinates":[[106.4566,23.9393],[106.4566,23.9461]]}},{"type":"Feature","properties":{"scalerank":7,"name":"Sankh"},"geometry":{"type":"LineString","coordinates":[[83.9034,23.1981],[83.9439,23.1783],[83.9631,23.1419],[83.9877,23.0563],[84.0211,23.0212],[84.073,22.9945],[84.1293,22.9846],[84.176,22.9996],[84.1887,23.0285],[84.2012,23.0748],[84.2173,23.1128],[84.2415,23.1168],[84.2538,23.1041],[84.2737,23.0721],[84.2849,23.0579],[84.3811,22.9798],[84.3914,22.9676],[84.3982,22.9536],[84.4001,22.9359],[84.3963,22.9222],[84.3904,22.9089],[84.3865,22.8922],[84.3884,22.8182],[84.4199,22.6863],[84.4229,22.6561],[84.4145,22.6274],[84.3936,22.6063],[84.3399,22.5783],[84.3189,22.5565],[84.3091,22.4987],[84.3399,22.4539],[84.44,22.3926],[84.512,22.3254],[84.5374,22.315],[84.5829,22.3201],[84.6079,22.3179],[84.6221,22.3144],[84.634,22.307],[84.6536,22.2886],[84.6681,22.2652]]}},{"type":"Feature","properties":{"scalerank":7,"name":"Bei"},"geometry":{"type":"LineString","coordinates":[[112.5288,25.3172],[112.5777,25.322],[112.6734,25.3588],[112.7216,25.3671],[112.7332,25.3648],[112.7554,25.3544],[112.7668,25.3509],[112.7905,25.3482],[112.7988,25.3449],[112.8373,25.3203],[112.8697,25.3061],[113.0168,25.2816],[113.0518,25.2595],[113.1158,25.2341],[113.1506,25.2251],[113.1827,25.2226],[113.2021,25.2302],[113.235,25.2569],[113.2549,25.2584],[113.2734,25.246],[113.283,25.2262],[113.2924,25.1622],[113.2965,25.154],[113.3169,25.1371],[113.3303,25.1218],[113.3565,25.0754],[113.367,25.0626],[113.3782,25.0523],[113.4043,25.0381],[113.4142,25.0301],[113.421,25.0154],[113.4233,24.9964],[113.4229,24.981],[113.4264,24.9667],[113.4401,24.9508],[113.4475,24.946],[113.4614,24.941],[113.4679,24.9376],[113.4912,24.9146],[113.5195,24.8997],[113.5317,24.8915],[113.5418,24.8779],[113.5459,24.8655],[113.5546,24.8253],[113.5593,24.8173],[113.5641,24.8116],[113.5686,24.8051],[113.5713,24.7949],[113.5707,24.7729],[113.564,24.7518],[113.551,24.7364],[113.5181,24.7279],[113.5162,24.7166],[113.5214,24.691],[113.5201,24.6619],[113.5234,24.6316],[113.5342,24.604],[113.5558,24.5832],[113.5806,24.5434],[113.5613,24.495],[113.4973,24.4125],[113.4743,24.3706],[113.4615,24.3527],[113.4145,24.3004],[113.4067,24.2802],[113.4137,24.2608],[113.4221,24.2571],[113.444,24.2569],[113.4517,24.2526],[113.4517,24.2386],[113.3997,24.1136],[113.3875,24.093],[113.3574,24.068],[113.322,24.0532],[113.292,24.033],[113.2774,23.9921],[113.2817,23.9471],[113.2805,23.9318],[113.2749,23.9149],[113.2498,23.8686],[113.2472,23.8541],[113.2468,23.8229],[113.2442,23.808],[113.2281,23.7727],[113.2033,23.7366],[113.1709,23.7118],[113.1197,23.7113],[113.1114,23.7056],[113.1043,23.6976],[113.0948,23.6918],[113.0841,23.6892],[113.0761,23.6888],[113.0357,23.6942],[113.0172,23.6936],[113.0006,23.6872],[112.9848,23.6722],[112.9739,23.6477],[112.9763,23.6255],[112.9824,23.6027],[112.9816,23.5767],[112.9707,23.5494],[112.9537,23.5242],[112.8954,23.4578],[112.8893,23.4394],[112.8871,23.3902],[112.875,23.3394],[112.8652,23.3141],[112.8106,23.2263],[112.804,23.1927],[112.8193,23.1529]]}},{"type":"Feature","properties":{"scalerank":7,"name":"Ussuri"},"geometry":{"type":"LineString","coordinates":[[134.316,43.6488],[134.2921,43.6126],[134.2796,43.6063],[134.155,43.598],[134.1321,43.6015],[134.1123,43.6102],[134.0336,43.6579],[133.9871,43.6774],[133.8468,43.7466],[133.8367,43.7545],[133.835,43.7696],[133.8673,43.8323],[133.8701,43.8581],[133.8741,43.8671],[133.8803,43.8732],[133.8871,43.8753],[133.8945,43.8768],[133.9022,43.8807],[133.9317,43.9156],[133.9431,43.9217],[133.9314,43.936],[133.9083,43.9838],[133.9182,44.0086],[133.9087,44.0266],[133.8621,44.0618],[133.8442,44.0704],[133.8367,44.076],[133.8315,44.0878],[133.8351,44.0996],[133.8425,44.1108],[133.8473,44.1209],[133.8496,44.135],[133.8489,44.1424],[133.8223,44.1973],[133.8196,44.2063],[133.8218,44.2286],[133.8286,44.2414],[133.8604,44.2644],[133.8931,44.2989],[133.9089,44.3207],[133.9157,44.3363],[133.9252,44.3522],[133.947,44.3663],[133.9915,44.3872],[134.0112,44.4057],[134.0182,44.409],[134.0304,44.4079],[134.047,44.3973],[134.0564,44.3946],[134.064,44.4057],[134.0625,44.4309],[134.053,44.4766],[134.0501,44.4851],[134.0474,44.4893],[134.0457,44.4941],[134.0462,44.5045],[134.0481,44.5065],[134.0584,44.5277],[134.0598,44.5318],[134.0724,44.5437],[134.1138,44.5734],[134.1253,44.5849],[134.1314,44.5965],[134.1289,44.6101],[134.1138,44.6275],[134.1013,44.6364],[134.0859,44.6426],[134.0709,44.6413],[134.0598,44.6275],[134.0222,44.6459],[133.9877,44.6718],[133.9674,44.6823],[133.9541,44.6752],[133.9419,44.6623],[133.9257,44.6553],[133.8473,44.6684],[133.8101,44.667],[133.7914,44.6685],[133.7717,44.6752],[133.6984,44.7419],[133.664,44.7547],[133.6575,44.762],[133.6482,44.7783],[133.6491,44.781],[133.6523,44.7849],[133.6541,44.7899],[133.6514,44.7957],[133.6472,44.7986],[133.6339,44.8062],[133.6305,44.8122],[133.6284,44.8175],[133.6255,44.8222],[133.6204,44.8267],[133.5922,44.8425],[133.5862,44.8472],[133.58,44.8669],[133.5798,44.9331],[133.569,44.9602],[133.5564,44.9738],[133.5447,44.9894],[133.5401,45.0057],[133.5486,45.0216],[133.5455,45.0303],[133.5226,45.0672],[133.5109,45.0799],[133.5681,45.0984],[133.5908,45.1118],[133.5862,45.1345],[133.5947,45.1494],[133.5959,45.1682],[133.5914,45.1865],[133.5828,45.1997],[133.5814,45.2072],[133.5864,45.2268],[133.5828,45.2307],[133.5698,45.2334],[133.5616,45.2396],[133.5547,45.2464],[133.5451,45.2512],[133.5068,45.2473],[133.4873,45.2518],[133.5003,45.2837],[133.4788,45.3094],[133.4844,45.3264],[133.4575,45.3487],[133.4497,45.3606],[133.4566,45.3748],[133.4371,45.4126],[133.4233,45.4337],[133.4072,45.4462],[133.3993,45.454],[133.3918,45.4632],[133.3882,45.4709],[133.3887,45.4789],[133.3928,45.4854],[133.4014,45.4916],[133.4148,45.4982],[133.3949,45.5184],[133.4078,45.5367],[133.4243,45.5545],[133.4148,45.5733]]}},{"type":"Feature","properties":{"scalerank":7,"name":"Namhan"},"geometry":{"type":"LineString","coordinates":[[128.8789,37.4051],[128.8624,37.4048],[128.8528,37.4252],[128.8421,37.47],[128.8252,37.4831],[128.7991,37.4901],[128.7714,37.4915],[128.7498,37.4874],[128.6827,37.4639],[128.6791,37.462],[128.6741,37.4579],[128.6718,37.4548],[128.6694,37.4505],[128.6668,37.4466],[128.6636,37.4449],[128.6465,37.4403],[128.6553,37.4296],[128.6882,37.4108],[128.6721,37.3955],[128.6587,37.3882],[128.6192,37.3829],[128.6139,37.3836],[128.6128,37.3862],[128.6122,37.389],[128.6087,37.3903],[128.6038,37.3882],[128.5997,37.3835],[128.5986,37.3788],[128.6103,37.3716],[128.6103,37.3602],[128.605,37.3419],[128.6079,37.3341],[128.6124,37.3253],[128.6176,37.3181],[128.6227,37.3152],[128.6327,37.3115],[128.6274,37.3034],[128.6171,37.296],[128.6124,37.2941],[128.5986,37.2716],[128.5951,37.2674],[128.5737,37.2698],[128.5659,37.2681],[128.5571,37.26],[128.5549,37.2792],[128.5429,37.2877],[128.5294,37.2849],[128.523,37.2706],[128.5288,37.2526],[128.5307,37.2435],[128.5268,37.2395],[128.5051,37.2321],[128.4998,37.2296],[128.4965,37.2225],[128.5045,37.2136],[128.5032,37.2053],[128.4981,37.1988],[128.4861,37.1882],[128.4773,37.1777],[128.4727,37.1751],[128.4712,37.1722],[128.4758,37.1644],[128.4826,37.1587],[128.5099,37.1433],[128.5224,37.1292],[128.5294,37.1136],[128.5258,37.1011],[128.5056,37.096],[128.4981,37.0896],[128.4907,37.0755],[128.4802,37.0614],[128.4643,37.055],[128.4324,37.0572],[128.4215,37.0519],[128.4059,37.0352],[128.3838,37.005],[128.3693,36.9957],[128.3517,36.9999],[128.3556,36.9821],[128.3246,36.9695],[128.2373,36.9561],[128.2254,36.9571],[128.2143,36.9617],[128.2024,36.9742],[128.1777,37.0073],[128.1622,37.0141],[128.1367,37.0106],[128.1187,37.0013],[128.0906,36.9731],[128.0474,36.9527],[128.0134,36.973],[127.9822,37.0053],[127.9473,37.0215],[127.9265,37.0128],[127.9107,36.9969],[127.895,36.9873],[127.8749,36.997],[127.8634,37.0213],[127.8722,37.0409],[127.8833,37.0585],[127.8783,37.0767],[127.8683,37.0814],[127.8437,37.0821],[127.834,37.0864],[127.8093,37.1089],[127.7615,37.1653],[127.7549,37.1755],[127.752,37.1973],[127.7436,37.2137],[127.7276,37.224],[127.7032,37.2276],[127.6899,37.2379],[127.6724,37.2865],[127.6518,37.3027],[127.6455,37.2952],[127.5862,37.337],[127.5724,37.3518],[127.5536,37.3616],[127.5493,37.3673],[127.5466,37.3758],[127.5283,37.4119],[127.5203,37.4213],[127.5024,37.4364],[127.4942,37.4461],[127.4917,37.4566],[127.4909,37.4702],[127.4876,37.482],[127.4532,37.4986],[127.4429,37.5007],[127.4088,37.4941],[127.3985,37.4945],[127.3828,37.5026],[127.3718,37.5138],[127.3579,37.5237],[127.3336,37.528],[127.3234,37.5236],[127.3132,37.5149],[127.3028,37.5086],[127.2925,37.5115],[127.2823,37.5195],[127.2545,37.5355],[127.2426,37.5477],[127.2309,37.5634],[127.2183,37.5769],[127.2033,37.5826],[127.1831,37.5803]]}},{"type":"Feature","properties":{"scalerank":7,"name":"Shilka"},"geometry":{"type":"LineString","coordinates":[[115.8286,51.7224],[115.8508,51.7182],[115.8709,51.7215],[115.8891,51.7349],[115.8906,51.7415],[115.8922,51.7764],[115.8975,51.7862],[115.9097,51.795],[115.9778,51.8256],[116.2247,51.8796],[116.2743,51.8839],[116.375,51.8641],[116.4253,51.8623],[116.4734,51.8706],[116.5581,51.9053],[116.7016,51.93],[116.8268,51.9812],[116.8723,51.9915],[116.914,51.9904],[116.9274,51.9915],[116.9382,51.996],[116.9614,52.0102],[116.9868,52.0189],[117.0442,52.0542],[117.0851,52.072],[117.107,52.0784],[117.2161,52.0831],[117.2428,52.0883],[117.4209,52.1566],[117.4324,52.1592],[117.4567,52.1609],[117.4688,52.1634],[117.4801,52.1699],[117.5016,52.1872],[117.5103,52.1907],[117.5352,52.1932],[117.6538,52.2194],[117.6738,52.2276],[117.7158,52.258],[117.7383,52.2566],[117.7841,52.2386],[117.8296,52.2407],[117.9172,52.2807],[117.9622,52.2932],[118.0171,52.2963],[118.0459,52.3033],[118.0584,52.318],[118.0723,52.3244],[118.1607,52.3279],[118.2117,52.3386],[118.3223,52.3484],[118.3346,52.3519],[118.3554,52.3692],[118.3668,52.3758],[118.4249,52.383],[118.4819,52.3789],[118.5361,52.3819],[118.5859,52.4105],[118.6111,52.442],[118.6267,52.4537],[118.6762,52.465],[118.6768,52.4814],[118.6543,52.5191],[118.6504,52.5388],[118.658,52.5501],[118.6921,52.5712],[118.707,52.5892],[118.7363,52.6507],[118.7618,52.6849],[118.7796,52.6989],[118.8228,52.7084],[118.8445,52.7175],[118.9168,52.7644],[118.9302,52.7816],[118.9355,52.804],[118.9397,52.8147],[118.9591,52.8283],[118.9634,52.8384],[118.9702,52.8834],[118.9755,52.889],[119.0044,52.9107],[119.0134,52.9212],[119.018,52.9244],[119.0253,52.9257],[119.0409,52.9243],[119.0567,52.9317],[119.0693,52.9359],[119.0807,52.9411],[119.0857,52.9483],[119.0885,52.9594],[119.0956,52.9686],[119.1418,53.0133],[119.1555,53.031],[119.1682,53.0691],[119.1851,53.0822],[119.2234,53.1026],[119.2329,53.1116],[119.2468,53.1296],[119.2575,53.1367],[119.2696,53.1397],[119.3159,53.1435],[119.3397,53.1496],[119.3579,53.1636],[119.3731,53.1796],[119.388,53.1914],[119.4043,53.1962],[119.4189,53.1953],[119.4332,53.1925],[119.4711,53.1901],[119.4773,53.1914],[119.4796,53.1953],[119.4833,53.2093],[119.4898,53.2149],[119.5214,53.2291],[119.5817,53.2669],[119.6306,53.2974],[119.6501,53.3138],[119.658,53.3228],[119.6611,53.3319],[119.6632,53.3444],[119.669,53.3514],[119.7507,53.395],[119.7678,53.4073],[119.7891,53.4191],[119.8144,53.4213],[119.9638,53.4172],[120.0082,53.4279],[120.0458,53.4588],[120.0513,53.4689],[120.053,53.4755],[120.0561,53.4806],[120.0663,53.4862],[120.0783,53.4893],[120.1246,53.493],[120.1538,53.4886],[120.2035,53.4671],[120.2302,53.4588],[120.3491,53.4422],[120.4097,53.4418],[120.4636,53.4514],[120.5567,53.4851],[120.6063,53.4932],[120.7117,53.4793],[120.7583,53.4842],[120.8882,53.5133],[120.9024,53.5135],[120.9474,53.5017],[120.9605,53.4998],[121.0429,53.5108],[121.0669,53.5066],[121.082,53.4922],[121.0854,53.4738],[121.0862,53.4552],[121.0942,53.44],[121.1153,53.4287],[121.1375,53.4263],[121.1587,53.4309],[121.1768,53.44],[121.1939,53.4522],[121.2007,53.4606],[121.2033,53.4713],[121.2006,53.4827],[121.1951,53.4907],[121.1924,53.4984],[121.1972,53.5089],[121.2156,53.5156],[121.2413,53.5098],[121.2858,53.4883],[121.3774,53.4161],[121.3843,53.4],[121.3816,53.3785],[121.377,53.373],[121.3701,53.3689],[121.3638,53.3638],[121.3611,53.3549],[121.367,53.3463],[121.3799,53.3462],[121.4019,53.3518],[121.4241,53.35],[121.4434,53.346],[121.4609,53.3379],[121.4778,53.3239]]}},{"type":"Feature","properties":{"scalerank":7,"name":null},"geometry":{"type":"LineString","coordinates":[[120.587,31.128],[120.5947,31.1408],[120.6087,31.1707],[120.6212,31.1833],[120.6358,31.1901],[120.6774,31.2013],[120.6936,31.2032],[120.7254,31.212],[120.7491,31.2324],[120.7698,31.2552],[120.7925,31.2714],[120.7779,31.2774],[120.7715,31.2783],[120.7823,31.2889],[120.8008,31.2916],[120.8403,31.2925],[120.8693,31.3089],[120.8745,31.3096],[120.8787,31.3174],[120.888,31.3177],[120.9024,31.3131],[120.9345,31.326],[120.949,31.3277],[121.0059,31.3046],[121.0198,31.3052],[121.039,31.3131],[121.0388,31.2946],[121.0368,31.2864],[121.0327,31.2783],[121.0549,31.275],[121.1523,31.2783],[121.1646,31.2755],[121.1723,31.269],[121.1777,31.2621],[121.1829,31.2578],[121.2051,31.2565],[121.2249,31.2617],[121.2433,31.2642],[121.2617,31.2547],[121.2822,31.2402],[121.3027,31.2338],[121.3406,31.2305],[121.3845,31.2188],[121.4067,31.2191],[121.4246,31.246],[121.4446,31.2477],[121.4921,31.2442],[121.5078,31.2469],[121.5308,31.2537],[121.5514,31.2652],[121.5603,31.2817],[121.5557,31.3085],[121.544,31.3254],[121.5118,31.354],[121.5049,31.3621],[121.5005,31.3698],[121.5019,31.3781],[121.5118,31.3881]]}},{"type":"Feature","properties":{"scalerank":7,"name":null},"geometry":{"type":"LineString","coordinates":[[90.6401,22.953],[90.6331,22.9691],[90.6096,22.9863],[90.6134,23.0001],[90.5973,23.0109],[90.5899,23.003],[90.589,22.9852],[90.5888,22.962]]}},{"type":"Feature","properties":{"scalerank":7,"name":null},"geometry":{"type":"LineString","coordinates":[[90.4626,22.8226],[90.4734,22.8143],[90.4959,22.8111],[90.5069,22.8052],[90.5157,22.7984],[90.5444,22.7817]]}},{"type":"Feature","properties":{"scalerank":7,"name":null},"geometry":{"type":"LineString","coordinates":[[90.6624,22.804],[90.6638,22.8166],[90.6522,22.8251],[90.6339,22.829],[90.6165,22.8301],[90.6062,22.8258],[90.5959,22.8153],[90.5816,22.7879]]}},{"type":"Feature","properties":{"scalerank":7,"name":null},"geometry":{"type":"LineString","coordinates":[[90.6697,22.4726],[90.7001,22.4835],[90.7114,22.4791],[90.7158,22.4558],[90.7128,22.4356],[90.7046,22.4154],[90.6939,22.399],[90.6834,22.3919]]}},{"type":"Feature","properties":{"scalerank":7,"name":null},"geometry":{"type":"LineString","coordinates":[[90.7158,22.4521],[90.7239,22.4552],[90.7306,22.4487],[90.735,22.4363],[90.7369,22.4217],[90.7411,22.4041],[90.751,22.3997],[90.7741,22.4043],[90.7833,22.4002],[90.8015,22.3791],[90.8115,22.3702],[90.8213,22.3662],[90.8335,22.3629],[90.8451,22.3581],[90.8596,22.3422]]}},{"type":"Feature","properties":{"scalerank":7,"name":"Yong"},"geometry":{"type":"LineString","coordinates":[[108.0923,22.8443],[108.1104,22.8449],[108.1186,22.8424],[108.1122,22.8218],[108.1104,22.8032],[108.117,22.7872],[108.1355,22.7748],[108.1629,22.7729],[108.183,22.7853],[108.1895,22.8044],[108.1764,22.8226],[108.1764,22.8301],[108.1978,22.8367],[108.2162,22.837],[108.2324,22.833],[108.2477,22.8266],[108.2726,22.8158],[108.311,22.8076],[108.3296,22.7993],[108.3279,22.7879],[108.3279,22.7817],[108.3425,22.7869],[108.3526,22.7886],[108.3793,22.7871],[108.3883,22.7831],[108.3961,22.7817],[108.3997,22.7825],[108.4092,22.7869],[108.428,22.7923],[108.4524,22.8116],[108.4638,22.8158],[108.4751,22.8104],[108.4819,22.7976],[108.4848,22.7818],[108.4849,22.7674],[108.4981,22.7993],[108.5068,22.8101],[108.5122,22.7947],[108.5444,22.812],[108.5557,22.8237],[108.5601,22.8397],[108.5681,22.8472],[108.6289,22.8431],[108.7798,22.8636],[108.833,22.8814],[108.8521,22.8841],[108.8735,22.8809],[108.8838,22.8721],[108.8976,22.8431],[108.9201,22.8166],[108.9282,22.8015],[108.9207,22.7947],[108.9088,22.7916],[108.9043,22.7848],[108.9011,22.7779],[108.8936,22.7748],[108.8859,22.7775],[108.8788,22.7813],[108.8731,22.78],[108.8697,22.7674],[108.8723,22.755],[108.8804,22.7458],[108.8976,22.7333]]}},{"type":"Feature","properties":{"scalerank":7,"name":"Brahmani"},"geometry":{"type":"LineString","coordinates":[[84.6681,22.2652],[84.6795,22.2471],[84.7094,22.2445],[84.7729,22.2525],[84.7965,22.2386],[84.8173,22.2098],[84.8633,22.0983],[84.8677,22.0924],[84.8735,22.0878],[84.8789,22.0826],[84.8818,22.0746],[84.8798,22.0694],[84.8699,22.0624],[84.8674,22.0589],[84.874,21.9821],[84.876,21.9734],[84.8853,21.9578],[84.887,21.9503],[84.8832,21.9374],[84.8765,21.9296],[84.8691,21.9229],[84.8635,21.9134],[84.8621,21.889],[84.8717,21.8692],[84.8889,21.8533],[84.915,21.8373],[84.9262,21.828],[84.9317,21.8257],[84.9382,21.8269],[84.9444,21.8306],[84.9495,21.8343],[84.9524,21.8358],[84.9648,21.8341],[84.9701,21.8326],[84.9739,21.8275],[84.9883,21.7991],[84.9956,21.778],[84.9991,21.7569],[84.9952,21.7413],[84.9677,21.7293],[84.9317,21.7249],[84.9043,21.7129],[84.9037,21.6778],[84.9255,21.6553],[84.9928,21.6289],[85.0103,21.6035],[85.0098,21.5704],[85.0012,21.5349],[84.9873,21.5008],[84.9709,21.4725],[84.9401,21.4396],[84.9335,21.4237],[84.9397,21.3995],[84.9626,21.3564],[84.9767,21.3395],[84.9978,21.32],[85.0151,21.2993],[85.0415,21.2503],[85.0575,21.2317],[85.0752,21.2239],[85.1135,21.2166],[85.1295,21.2039],[85.1358,21.1876],[85.1332,21.1724],[85.127,21.1568],[85.1222,21.1392],[85.1276,21.1079],[85.149,21.0875],[85.2041,21.0555],[85.23,21.0299],[85.2431,21.0058],[85.2463,20.9793],[85.2402,20.9262],[85.2411,20.9158],[85.2449,20.9067],[85.2539,20.8981],[85.2751,20.8867],[85.2834,20.8793],[85.288,20.8704],[85.2915,20.852],[85.295,20.8431],[85.3067,20.8296]]}},{"type":"Feature","properties":{"scalerank":7,"name":"Brahmani"},"geometry":{"type":"LineString","coordinates":[[85.6343,20.7958],[85.6414,20.8065],[85.7647,20.8751],[85.812,20.8872],[85.878,20.876],[85.9209,20.8684],[86.0733,20.8677],[86.1108,20.8755],[86.1314,20.8737],[86.1974,20.8476],[86.2064,20.8422],[86.2214,20.8264],[86.2299,20.8199],[86.2661,20.8045],[86.444,20.6833],[86.4741,20.6728],[86.5089,20.6783],[86.5576,20.7005],[86.5715,20.7043],[86.5919,20.701],[86.6267,20.6818],[86.6475,20.6815],[86.6669,20.6843],[86.689,20.6831],[86.7107,20.6782],[86.7291,20.6702],[86.7437,20.6583],[86.7495,20.6461],[86.7493,20.6114],[86.7618,20.6219],[86.7739,20.6289],[86.787,20.6334],[86.8022,20.6361],[86.8106,20.6407],[86.8106,20.6581],[86.8176,20.6653],[86.8296,20.666],[86.843,20.6629],[86.8574,20.6611],[86.8727,20.6657],[86.9024,20.6867],[86.9179,20.695],[86.9401,20.698]]}},{"type":"Feature","properties":{"scalerank":7,"name":"Srepok"},"geometry":{"type":"LineString","coordinates":[[107.3774,13.2371],[107.3699,13.2811],[107.3711,13.2901],[107.3657,13.2944],[107.356,13.3131],[107.3508,13.3174],[107.3274,13.3175],[107.3169,13.3156],[107.3069,13.3106],[107.2958,13.3233],[107.2822,13.3552],[107.272,13.3658],[107.2537,13.37],[107.2449,13.3613],[107.2395,13.3461],[107.231,13.3311],[107.2022,13.3153],[107.1421,13.3233],[107.1076,13.3106],[107.0906,13.3268],[107.0352,13.4034],[107.0283,13.4173],[107.0239,13.4427],[107.0152,13.4733],[107.0113,13.4819],[107.0051,13.4819],[106.9907,13.4746],[106.9841,13.4865],[106.9795,13.5048],[106.9705,13.5167],[106.9605,13.5134],[106.9506,13.5032],[106.9385,13.4964],[106.922,13.503],[106.9216,13.4983],[106.9207,13.4974],[106.919,13.4976],[106.9157,13.4962],[106.9216,13.483],[106.9168,13.4793],[106.9081,13.4804],[106.9022,13.4819],[106.8958,13.4856],[106.8931,13.4917],[106.8886,13.4938],[106.8779,13.4856],[106.874,13.47],[106.8806,13.4549],[106.8799,13.4425],[106.8538,13.4348],[106.8351,13.4358],[106.8198,13.4429],[106.8096,13.4551],[106.8059,13.472],[106.7974,13.4781],[106.7783,13.4813],[106.7446,13.4819],[106.735,13.4794],[106.7153,13.471],[106.7041,13.4683],[106.6592,13.4683],[106.6432,13.4632],[106.6323,13.454],[106.62,13.4503],[106.6005,13.4614],[106.5894,13.4776],[106.581,13.5156],[106.5649,13.5413],[106.5615,13.549],[106.5574,13.5551],[106.5493,13.5576],[106.5117,13.5638],[106.4773,13.5601],[106.4751,13.5391],[106.4859,13.5118],[106.4907,13.4893],[106.4872,13.4857],[106.4742,13.4789],[106.4701,13.4757],[106.4682,13.4678],[106.4678,13.4483],[106.4639,13.4409],[106.4458,13.4322],[106.4391,13.4412],[106.4381,13.4569],[106.436,13.4683],[106.4306,13.4713],[106.4153,13.4735],[106.4087,13.4757],[106.4038,13.4805],[106.3984,13.4923],[106.395,13.4962],[106.3855,13.5015],[106.3593,13.5101],[106.3497,13.5128],[106.3403,13.5167],[106.317,13.5294],[106.2793,13.5577],[106.2043,13.5827],[106.19,13.5857],[106.1519,13.5856],[106.1377,13.5826],[106.1128,13.5692],[106.061,13.5518],[106.0541,13.551],[106.0479,13.5521],[106.0431,13.5559],[106.0396,13.5604],[106.0358,13.5644],[106.0298,13.5665],[106.023,13.5657],[106.0157,13.5629],[105.9874,13.5458],[105.9785,13.5421],[105.9703,13.5414]]}},{"type":"Feature","properties":{"scalerank":7,"name":"Yongding"},"geometry":{"type":"LineString","coordinates":[[115.5891,40.2404],[115.598,40.2219],[115.6055,40.1927],[115.6123,40.1802],[115.6213,40.1746],[115.6538,40.1621],[115.6635,40.1597],[115.6666,40.1568],[115.6675,40.15],[115.6669,40.1358],[115.6699,40.1336],[115.6851,40.1269],[115.6907,40.1224],[115.6969,40.1064],[115.6936,40.0781],[115.7009,40.0635],[115.7203,40.074],[115.7337,40.0755],[115.7659,40.0709],[115.7764,40.0634],[115.7817,40.0474],[115.7901,40.0327],[115.8102,40.0294],[115.8081,40.0258],[115.8034,40.0163],[115.8129,40.0198],[115.8198,40.0211],[115.8255,40.02],[115.8315,40.0163],[115.84,40.0169],[115.8615,40.0214],[115.8723,40.0225],[115.8833,40.0195],[115.905,40.0058],[115.9166,40.0027],[115.9304,39.9969],[115.9727,39.9733],[115.9815,39.9713],[115.985,39.975],[116.0058,40.0027],[116.0165,39.9984],[116.0245,39.9791],[116.0333,39.9747],[116.0418,39.9779],[116.0479,39.9921],[116.054,39.9952],[116.0654,39.9909],[116.0702,39.9816],[116.072,39.9722],[116.1119,39.9064],[116.1249,39.8939],[116.1904,39.8542],[116.206,39.8397],[116.2192,39.8226],[116.2293,39.8034],[116.2307,39.788],[116.2297,39.7484],[116.2361,39.7352],[116.2158,39.7003],[116.2048,39.6595],[116.2026,39.617],[116.2081,39.5769],[116.2247,39.5356],[116.2495,39.5057],[116.3174,39.4608],[116.3355,39.4532],[116.3862,39.442],[116.4102,39.4403],[116.4334,39.4422],[116.447,39.4473],[116.4588,39.4539],[116.4756,39.4608],[116.502,39.4645],[116.5982,39.4481],[116.6115,39.4344],[116.6232,39.4185],[116.6407,39.4062],[116.6484,39.405],[116.666,39.4065],[116.6743,39.4062],[116.6818,39.4036],[116.6948,39.3956],[116.7016,39.3925],[116.749,39.3803],[116.7637,39.3789],[116.8796,39.3851],[116.8954,39.3834],[116.9343,39.3714],[116.949,39.36],[116.9548,39.3571],[116.9844,39.3575],[116.9924,39.3541],[117.0336,39.3304]]}},{"type":"Feature","properties":{"scalerank":7,"name":"Song’acha"},"geometry":{"type":"LineString","coordinates":[[132.8394,45.0594],[132.921,45.0281],[132.9531,45.0247],[132.9658,45.0291],[132.9924,45.0488],[133.0237,45.0586],[133.0494,45.082],[133.073,45.0908],[133.0984,45.108],[133.1152,45.1233],[133.1211,45.1315],[133.1249,45.1416],[133.127,45.1556],[133.1204,45.1837],[133.1063,45.215],[133.0973,45.2438],[133.1065,45.2649],[133.1016,45.2875],[133.127,45.3853],[133.1284,45.4029],[133.1329,45.4199],[133.1399,45.4357],[133.1795,45.4941],[133.189,45.5045],[133.2018,45.5115],[133.2407,45.5235],[133.2713,45.5286],[133.2986,45.5423],[133.33,45.5495],[133.3623,45.5682],[133.3745,45.5733],[133.4132,45.5736]]}},{"type":"Feature","properties":{"scalerank":7,"name":"Ussuri"},"geometry":{"type":"LineString","coordinates":[[133.4132,45.5736],[133.4248,45.5806],[133.4148,45.6007],[133.4273,45.6155],[133.4417,45.6209],[133.4581,45.6229],[133.477,45.628],[133.4714,45.6327],[133.4619,45.6442],[133.4566,45.6491],[133.4825,45.6632],[133.4912,45.6737],[133.4876,45.687],[133.4765,45.6938],[133.4513,45.6994],[133.4429,45.7099],[133.4707,45.7291],[133.4846,45.7687],[133.5109,45.7788],[133.5032,45.7879],[133.4834,45.7969],[133.477,45.8061],[133.4771,45.8203],[133.4846,45.8287],[133.4937,45.8336],[133.4981,45.8375],[133.5024,45.8623],[133.5141,45.8795],[133.5313,45.8885],[133.552,45.8887],[133.5588,45.8855],[133.5639,45.8808],[133.5698,45.8767],[133.5793,45.8751],[133.5857,45.8766],[133.5857,45.8801],[133.5842,45.8844],[133.5862,45.8887],[133.6028,45.8989],[133.6059,45.9053],[133.6066,45.9197],[133.6098,45.93],[133.6174,45.9365],[133.6275,45.9381],[133.6495,45.9281],[133.6578,45.9348],[133.6944,46.023],[133.7197,46.064],[133.719,46.0795],[133.696,46.1153],[133.687,46.142],[133.6984,46.1493],[133.7197,46.1505],[133.7407,46.1593],[133.7657,46.1782],[133.7748,46.1869],[133.7813,46.197],[133.7862,46.2069],[133.7932,46.2145],[133.8059,46.2176],[133.8129,46.2144],[133.821,46.2004],[133.8298,46.1971],[133.8364,46.2007],[133.8526,46.2177],[133.8604,46.2238],[133.8549,46.2369],[133.8693,46.2447],[133.8897,46.251],[133.9022,46.2592],[133.9018,46.2783],[133.8939,46.2916],[133.8935,46.3021],[133.9157,46.3133],[133.9067,46.3227],[133.896,46.3275],[133.8849,46.3269],[133.8741,46.32],[133.8633,46.3395],[133.8806,46.3539],[133.9257,46.3715],[133.9336,46.391],[133.9212,46.4104],[133.8999,46.4268],[133.8816,46.4374],[133.8702,46.4407],[133.8613,46.4413],[133.854,46.4449],[133.8473,46.4572],[133.8455,46.4709],[133.8491,46.4805],[133.8916,46.5292],[133.896,46.5385],[133.8987,46.5635],[133.9022,46.5739],[133.9201,46.5906],[133.9672,46.6114],[133.9877,46.6254],[134.0051,46.6461],[134.0143,46.6652],[134.0256,46.711],[134.0415,46.753],[134.0444,46.7723],[134.0356,46.7899],[134.0213,46.8064],[134.0164,46.8197],[134.0203,46.8343],[134.0625,46.9071],[134.0665,46.9271],[134.0665,46.968],[134.0688,46.9815],[134.074,46.9884],[134.0806,46.9929],[134.087,46.9991],[134.114,47.0561],[134.124,47.0707],[134.1454,47.0814],[134.1968,47.0854],[134.2168,47.0947],[134.2267,47.118],[134.2158,47.138],[134.1984,47.1558],[134.1895,47.1732],[134.1953,47.194],[134.1969,47.2056],[134.1929,47.2108],[134.1863,47.2139],[134.1681,47.2308],[134.1616,47.2386],[134.1539,47.2581],[134.1597,47.2719],[134.1697,47.2871],[134.1752,47.3107],[134.1834,47.3277],[134.2026,47.3387],[134.2447,47.3553],[134.2573,47.3675],[134.2793,47.398],[134.2925,47.41],[134.3125,47.4204],[134.3324,47.4266],[134.3536,47.4296],[134.3779,47.4305],[134.3887,47.4331],[134.4015,47.4376],[134.4146,47.4395],[134.4361,47.43],[134.4717,47.4289],[134.4844,47.4305],[134.5001,47.4392],[134.5349,47.4658],[134.5566,47.4714],[134.5603,47.4821],[134.6038,47.528],[134.6147,47.5369],[134.624,47.5499],[134.6679,47.5743],[134.6824,47.5881],[134.686,47.6091],[134.6865,47.6314],[134.6926,47.6492],[134.7136,47.6564],[134.7252,47.6635],[134.7722,47.711],[134.7649,47.7185],[134.7695,47.7413],[134.6962,47.7954],[134.676,47.8246],[134.6738,47.8408],[134.6674,47.8649],[134.6575,47.887],[134.6454,47.8966],[134.6226,47.9005],[134.5989,47.911],[134.5874,47.9261],[134.6011,47.9444],[134.5667,47.9858],[134.5591,48.0098],[134.5669,48.0406],[134.5862,48.0615],[134.6476,48.1024],[134.6624,48.1082],[134.6826,48.1358],[134.6871,48.2201],[134.7029,48.2529],[134.7184,48.2636],[134.7599,48.2835],[134.7913,48.2923],[134.8224,48.3183],[134.8406,48.3279],[134.9605,48.3499],[134.9981,48.3627],[135.052,48.3926],[135.0701,48.4064],[135.0781,48.4144],[135.0844,48.4237],[135.0879,48.432],[135.0903,48.4414],[135.09,48.4507],[135.0857,48.4585],[135.0764,48.4664],[135.0545,48.4794],[135.0434,48.4838]]}},{"type":"Feature","properties":{"scalerank":7,"name":"Yu"},"geometry":{"type":"LineString","coordinates":[[108.8976,22.7333],[108.9059,22.7237],[108.9096,22.7164],[108.9169,22.6922],[108.9234,22.6805],[108.9296,22.672],[108.9374,22.665],[108.9585,22.6533],[108.9658,22.6473],[108.9716,22.6377],[108.9922,22.65],[109.0102,22.6578],[109.0293,22.6605],[109.0752,22.6529],[109.0957,22.647],[109.114,22.6378],[109.1292,22.6234],[109.1359,22.6234],[109.1305,22.6481],[109.1311,22.6599],[109.1394,22.665],[109.1875,22.665],[109.2208,22.6523],[109.2322,22.6513],[109.2426,22.6563],[109.2471,22.6639],[109.2526,22.6848],[109.2589,22.6848],[109.2617,22.6797],[109.2651,22.677],[109.269,22.675],[109.2732,22.6718],[109.2772,22.6782],[109.2796,22.6859],[109.2805,22.6951],[109.28,22.7059],[109.2901,22.7015],[109.2942,22.6985],[109.3027,22.7156],[109.3262,22.7263],[109.3549,22.7317],[109.3896,22.7333],[109.3976,22.7347],[109.4044,22.7388],[109.4102,22.7469],[109.4102,22.7567],[109.4059,22.7896],[109.4102,22.8021],[109.4615,22.8226],[109.475,22.8243],[109.5064,22.8338],[109.5165,22.8397],[109.5528,22.8723],[109.5611,22.8841],[109.5645,22.9008],[109.5625,22.9166],[109.563,22.9315],[109.5742,22.9455],[109.5851,22.9359],[109.6,22.9282],[109.6176,22.9257],[109.6362,22.9319],[109.6362,22.9387],[109.6021,22.9486],[109.5947,22.953],[109.5899,22.9622],[109.5932,22.9664],[109.5989,22.9698],[109.6021,22.9769],[109.5977,22.9858],[109.5881,22.9868],[109.5786,22.9861],[109.5742,22.9903],[109.5725,22.9966],[109.5611,23.0213],[109.5608,23.0381],[109.5655,23.0559],[109.574,23.0728],[109.5847,23.0865],[109.5919,23.0924],[109.5989,23.0955],[109.6074,23.0967],[109.627,23.0974],[109.7219,23.1175],[109.7411,23.1126],[109.7564,23.0902],[109.7734,23.0833],[109.7964,23.0848],[109.8255,23.1],[109.8451,23.1038],[109.8554,23.108],[109.853,23.1172],[109.8486,23.1263],[109.8523,23.1305],[109.8635,23.1285],[109.8738,23.1251],[109.8827,23.1245],[109.8901,23.1305],[109.8914,23.1399],[109.878,23.1546],[109.8759,23.1652],[109.8821,23.1729],[109.9055,23.1851],[109.9107,23.1888],[109.9201,23.2032],[109.9624,23.2136],[109.9721,23.2304],[109.9732,23.2412],[109.9771,23.2427],[109.9845,23.2431],[109.9963,23.2509],[110.0022,23.2608],[110.0058,23.2718],[110.0103,23.2818],[110.0205,23.2888],[110.0317,23.2872],[110.0591,23.2716],[110.0717,23.2676],[110.0824,23.2719],[110.0859,23.2819],[110.0816,23.2933],[110.0683,23.3018],[110.0577,23.2932],[110.0494,23.2917],[110.0438,23.297],[110.0403,23.3093],[110.0427,23.3204],[110.0579,23.3362],[110.0649,23.3588],[110.082,23.3944],[110.0894,23.4049]]}},{"type":"Feature","properties":{"scalerank":7,"name":"Han"},"geometry":{"type":"LineString","coordinates":[[127.1831,37.5803],[127.1629,37.5741],[127.1446,37.5655],[127.131,37.5559],[127.125,37.5463],[127.1118,37.517],[127.1043,37.5081],[127.088,37.5057],[127.0747,37.5131],[127.0632,37.523],[127.0523,37.528],[127.0455,37.5301],[127.032,37.5395],[127.0248,37.5416],[127.0171,37.5397],[127.0099,37.5355],[126.9933,37.5225],[126.9878,37.5162],[126.9819,37.5108],[126.9734,37.5081],[126.9647,37.5108],[126.9585,37.5177],[126.9539,37.5248],[126.9495,37.528],[126.9094,37.5458],[126.8811,37.5519],[126.8672,37.559],[126.7729,37.6263],[126.7555,37.6379]]}},{"type":"Feature","properties":{"scalerank":7,"name":"Hai"},"geometry":{"type":"LineString","coordinates":[[117.0336,39.3304],[117.0458,39.3267],[117.0635,39.3087],[117.0783,39.3032],[117.0783,39.2969],[117.0725,39.2909],[117.0724,39.284],[117.0771,39.2766],[117.0859,39.269],[117.0725,39.2548],[117.0781,39.2418],[117.1057,39.2213],[117.1211,39.2056],[117.1602,39.1524],[117.2156,39.1046],[117.2322,39.0932],[117.2906,39.0772],[117.3079,39.0699],[117.3154,39.0649],[117.3233,39.0519],[117.334,39.0521],[117.3456,39.0555],[117.3526,39.0567],[117.3603,39.05],[117.371,39.0328],[117.3762,39.0295],[117.3886,39.0285],[117.4209,39.022],[117.4321,39.0234],[117.4395,39.0269],[117.447,39.027],[117.4674,39.013],[117.5035,39.0015],[117.5138,39.0041],[117.5234,39.0036],[117.5339,38.9984],[117.5418,38.9964],[117.5536,38.9964],[117.5667,38.9947],[117.5786,38.9879],[117.5984,39.014],[117.624,39.0077],[117.6513,38.9933],[117.6748,38.9953],[117.6797,38.9902],[117.689,38.9888],[117.709,38.981]]}},{"type":"Feature","properties":{"scalerank":7,"name":"Chao Phraya"},"geometry":{"type":"LineString","coordinates":[[100.1407,15.7066],[100.134,15.7033],[100.1309,15.7024],[100.1279,15.7021],[100.1183,15.6966],[100.0969,15.6543],[100.1044,15.6543],[100.0956,15.6361],[100.0956,15.6223],[100.0982,15.609],[100.0969,15.5922],[100.0934,15.5877],[100.0771,15.573],[100.0803,15.5651],[100.0859,15.5628],[100.0922,15.5621],[100.0969,15.5587],[100.1004,15.5574],[100.1049,15.5587],[100.1089,15.5591],[100.1106,15.555],[100.1089,15.5466],[100.1069,15.5432],[100.1044,15.545],[100.1025,15.5441],[100.1001,15.5386],[100.098,15.5322],[100.0969,15.528],[100.0991,15.5233],[100.1038,15.52],[100.1084,15.5183],[100.1106,15.5178],[100.1106,15.4632],[100.1257,15.4682],[100.1308,15.4559],[100.1274,15.437],[100.1174,15.4215],[100.108,15.4185],[100.0903,15.4208],[100.0833,15.4147],[100.0836,15.4076],[100.0938,15.3884],[100.0969,15.3806],[100.0912,15.3839],[100.0702,15.3868],[100.0702,15.3806],[100.0868,15.3685],[100.0921,15.3535],[100.0881,15.3365],[100.0683,15.3066],[100.0584,15.2872],[100.0596,15.2717],[100.0833,15.2707],[100.0795,15.2639],[100.0786,15.2559],[100.0803,15.2469],[100.0839,15.2374],[100.1158,15.187],[100.1215,15.1804],[100.1293,15.1761],[100.1416,15.1745],[100.1897,15.182],[100.2078,15.1817],[100.2271,15.1788],[100.2422,15.1695],[100.2512,15.1428],[100.2689,15.1199],[100.2887,15.0721],[100.2921,15.0742],[100.2996,15.0769],[100.303,15.0789],[100.3314,15.0146],[100.3338,15.0032],[100.3457,14.9904],[100.3787,14.9138],[100.3849,14.9138],[100.3936,14.9189],[100.4001,14.9088],[100.4044,14.8919],[100.4059,14.8766],[100.4097,14.8663],[100.4185,14.8595],[100.4297,14.8551],[100.4401,14.8524],[100.4401,14.8462],[100.438,14.8311],[100.447,14.7636],[100.447,14.7189],[100.4492,14.711],[100.4604,14.6863],[100.4641,14.6811],[100.4644,14.6697],[100.447,14.5445],[100.4507,14.5341],[100.4561,14.524],[100.4573,14.5123],[100.447,14.4968],[100.4583,14.4824],[100.4595,14.4661],[100.4526,14.4514],[100.4401,14.4421],[100.4449,14.4254],[100.4395,14.4078],[100.4309,14.391],[100.4265,14.3763],[100.4302,14.3619],[100.4505,14.3189],[100.4607,14.305],[100.4688,14.3023],[100.4743,14.3067],[100.4802,14.3083],[100.4885,14.2975],[100.4905,14.2882],[100.4885,14.2534],[100.4909,14.2369],[100.5029,14.2076],[100.5084,14.1883],[100.5121,14.1627],[100.5152,14.1541],[100.5431,14.1231],[100.5431,14.0958],[100.541,14.0924],[100.5361,14.0904],[100.5312,14.0877],[100.5288,14.0818],[100.532,14.0749],[100.5391,14.0704],[100.5463,14.0672],[100.5501,14.0647],[100.5528,14.0556],[100.553,14.0506],[100.5501,14.0374],[100.5466,14.0323],[100.5453,14.0294]]}},{"type":"Feature","properties":{"scalerank":7,"name":"Chao Phraya"},"geometry":{"type":"LineString","coordinates":[[100.0833,15.2372],[100.0751,15.2247],[100.054,15.1785],[100.0524,15.1634],[100.044,15.1531],[100.0341,15.1443],[100.0293,15.1435],[100.0244,15.1383],[100.0191,15.1336],[100.0142,15.1307],[100.0159,15.1249],[100.02,15.1201],[100.0225,15.1199],[100.0239,15.1141],[100.0273,15.109],[100.0298,15.1024],[100.0293,15.0926],[100.0224,15.0801],[100.0142,15.0732],[100.0109,15.0666],[100.0191,15.055],[100.0298,15.0495],[100.0415,15.0458],[100.0471,15.0399],[100.0392,15.0274],[100.0243,15.0113],[100.0178,15.0008],[100.0156,14.9902],[100.0248,14.9742],[100.0619,14.9591],[100.0702,14.9387],[100.074,14.9013],[100.0833,14.8666],[100.1016,14.8352],[100.1044,14.8257],[100.1021,14.8148],[100.0923,14.8035],[100.09,14.7943],[100.0969,14.709],[100.1028,14.6954],[100.1143,14.6794],[100.1284,14.6661],[100.1416,14.6606],[100.1471,14.6506],[100.148,14.6284],[100.1448,14.593],[100.1216,14.5241],[100.1174,14.4875],[100.1249,14.4483],[100.1365,14.4427],[100.1386,14.4421],[100.1387,14.4373],[100.1373,14.4254],[100.1386,14.421],[100.1485,14.4086],[100.1552,14.4033],[100.1621,14.4012],[100.1611,14.3916],[100.1448,14.3322],[100.1456,14.3265],[100.1519,14.3233],[100.1522,14.3179],[100.1494,14.3123],[100.1411,14.3028],[100.1386,14.2975],[100.1318,14.2658],[100.1283,14.232],[100.1174,14.1956],[100.1174,14.1746],[100.1284,14.1595],[100.1311,14.1541],[100.1314,14.1438],[100.1287,14.1276],[100.1311,14.1199],[100.138,14.113],[100.1453,14.1105],[100.1526,14.1092],[100.1589,14.1057],[100.165,14.1004],[100.1675,14.0989],[100.169,14.0957],[100.1725,14.0852],[100.1729,14.0791]]}},{"type":"Feature","properties":{"scalerank":8,"name":"Di’er Songhua"},"geometry":{"type":"LineString","coordinates":[[126.905,43.5108],[126.9106,43.5412],[126.9087,43.5566],[126.9067,43.5822],[126.9049,43.5958],[126.9067,43.6095],[126.9037,43.6238],[126.871,43.6398],[126.8496,43.648],[126.8224,43.6497],[126.7914,43.6505],[126.7739,43.6625],[126.7703,43.6877],[126.762,43.7042],[126.7379,43.7112],[126.7118,43.7111],[126.6983,43.7026],[126.6858,43.6989],[126.6797,43.7026],[126.6788,43.7038]]}},{"type":"Feature","properties":{"scalerank":8,"name":"Di’er Songhua"},"geometry":{"type":"LineString","coordinates":[[126.6797,43.7026],[126.6614,43.7315],[126.6467,43.7512],[126.6279,43.7654],[126.604,43.7709],[126.5795,43.7725],[126.5513,43.7786],[126.5322,43.7911],[126.5352,43.8118],[126.5442,43.8181],[126.5676,43.8215],[126.5761,43.8255],[126.5787,43.8338],[126.5811,43.8612],[126.5795,43.8671],[126.5649,43.8735],[126.501,43.9156],[126.4949,43.916],[126.4776,43.9141],[126.4731,43.9156],[126.4723,43.9213],[126.4749,43.9263],[126.478,43.9293],[126.4799,43.9291],[126.4829,43.9349],[126.488,43.949],[126.49,43.9635],[126.4837,43.9702],[126.4754,43.9809],[126.4594,44.0452],[126.4535,44.0514],[126.4321,44.0663],[126.4082,44.0999],[126.3942,44.1094],[126.4018,44.1311],[126.4185,44.1544],[126.4321,44.1687],[126.4677,44.1976],[126.4819,44.2127],[126.4937,44.2308],[126.4695,44.2425],[126.4556,44.2623],[126.4573,44.2835],[126.4799,44.2991],[126.4673,44.3145],[126.4584,44.3321],[126.456,44.3494],[126.4628,44.364],[126.4698,44.3752],[126.4727,44.3873],[126.4741,44.3981],[126.4765,44.4052],[126.478,44.4143],[126.4684,44.4206],[126.4458,44.4288],[126.4425,44.429],[126.4375,44.4286],[126.4316,44.43],[126.4253,44.4356],[126.4274,44.437],[126.4298,44.4434],[126.4317,44.4511],[126.4321,44.4561],[126.4302,44.4612],[126.4274,44.4654],[126.4255,44.47],[126.4253,44.4766],[126.4321,44.494],[126.4324,44.5081],[126.4312,44.512],[126.4263,44.5139],[126.4151,44.5219],[126.4089,44.5305],[126.4037,44.5499],[126.398,44.5598],[126.3832,44.569],[126.3652,44.5752],[126.3499,44.5848],[126.3373,44.6185],[126.2888,44.6684],[126.2683,44.6964],[126.2276,44.7045],[126.2205,44.7069],[126.2148,44.7134],[126.2014,44.7164],[126.1755,44.7168],[126.1611,44.7208],[126.1607,44.7304],[126.1651,44.7419],[126.1659,44.7516],[126.1358,44.7731],[126.0842,44.7852],[126.0287,44.7888],[125.9864,44.7851],[125.9407,44.7735],[125.9204,44.7784],[125.9118,44.8024],[125.9019,44.8175],[125.8787,44.8317],[125.8511,44.8425],[125.8289,44.8472],[125.8136,44.845],[125.8056,44.8467],[125.7947,44.8546],[125.7862,44.8644],[125.7725,44.887],[125.7416,44.9242],[125.7284,44.9346],[125.7066,44.9434],[125.6829,44.9493],[125.6703,44.9506],[125.6581,44.9495],[125.6489,44.944],[125.6343,44.9261],[125.6168,44.918],[125.5967,44.8992],[125.5862,44.895],[125.5346,44.8881],[125.4937,44.8881],[125.4806,44.8902],[125.4521,44.8991],[125.4387,44.9012],[125.4295,44.8998],[125.4194,44.8963],[125.4097,44.8912],[125.4011,44.8847],[125.3931,44.8828],[125.3682,44.8875],[125.3565,44.8881],[125.3452,44.8848],[125.3378,44.8795],[125.331,44.8732],[125.3217,44.8676],[125.3102,44.8645],[125.2671,44.8688],[125.248,44.8739],[125.2363,44.8751],[125.2245,44.8727],[125.212,44.8681],[125.1988,44.8652],[125.1852,44.8676],[125.149,44.9305],[125.1409,44.94],[125.0997,44.9434],[125.0943,44.9487],[125.0759,44.9837],[125.0462,45.0178],[125.0099,45.0436],[124.9318,45.0873],[124.9171,45.0987],[124.8732,45.1454],[124.8637,45.1527],[124.8538,45.1563],[124.8282,45.1618],[124.8168,45.1664],[124.7879,45.1823],[124.7413,45.2017],[124.7297,45.2176],[124.7258,45.2477],[124.7271,45.2521],[124.7302,45.2579],[124.7337,45.2628],[124.7361,45.2649],[124.7408,45.2678],[124.739,45.2745],[124.7326,45.2853],[124.7263,45.3082],[124.7258,45.3181],[124.7326,45.3264],[124.7222,45.3395],[124.688,45.371],[124.6783,45.3863],[124.669,45.42],[124.6513,45.4479]]}},{"type":"Feature","properties":{"scalerank":8,"name":"Di’er Songhua"},"geometry":{"type":"LineString","coordinates":[[127.3761,42.5675],[127.3491,42.5803],[127.337,42.5959],[127.3314,42.6105],[127.317,42.6275],[127.2981,42.6374],[127.2788,42.6307],[127.2627,42.6148],[127.2496,42.6053],[127.234,42.6008],[127.2101,42.5996],[127.194,42.6053],[127.1929,42.619],[127.1995,42.6348],[127.2067,42.6474],[127.228,42.6747],[127.2322,42.6881],[127.2271,42.7088],[127.2183,42.7255],[127.1997,42.7499],[127.1931,42.7635],[127.1853,42.8206],[127.1795,42.8324],[127.1953,42.8446],[127.2079,42.8567],[127.2182,42.8704],[127.2271,42.887],[127.1655,42.9285],[127.1415,42.9348],[127.1349,42.938],[127.1135,42.9521],[127.0872,42.9586],[127.0796,42.9665],[127.0748,42.9755],[127.0696,42.9826],[126.9907,43.0341],[126.9878,43.0423],[126.9869,43.0669],[126.9839,43.072],[126.9758,43.0769],[126.9702,43.0884],[126.9688,43.1022],[126.9734,43.1136],[126.9324,43.1136],[126.9498,43.1282],[126.9912,43.1453],[127.0006,43.1613],[126.9963,43.1797],[126.9863,43.1954],[126.9799,43.2128],[126.9871,43.2365],[127.0009,43.2474],[127.021,43.2497],[127.098,43.2425],[127.1165,43.2486],[127.1522,43.278],[127.1357,43.2773],[127.1204,43.2807],[127.1074,43.2878],[127.0969,43.2979],[127.0886,43.3103],[127.0869,43.3189],[127.09,43.3272],[127.0969,43.3389],[127.131,43.3736],[127.1253,43.3807],[127.1115,43.3848],[127.0181,43.3941],[127.005,43.4005],[126.9876,43.4287],[126.9771,43.4351],[126.963,43.4394],[126.9318,43.4587],[126.9221,43.463],[126.9148,43.4686],[126.905,43.5108]]}},{"type":"Feature","properties":{"scalerank":8,"name":"Beas"},"geometry":{"type":"LineString","coordinates":[[76.2002,31.8864],[76.1685,31.8995],[76.1441,31.9215],[76.1179,31.9418],[76.0845,31.9547],[76.0406,31.9658],[75.9917,31.9745],[75.9546,31.9708],[75.9348,31.9645]]}},{"type":"Feature","properties":{"scalerank":8,"name":"Beas"},"geometry":{"type":"LineString","coordinates":[[77.1951,32.2589],[77.1995,32.24],[77.2032,32.1939],[77.2019,32.1863],[77.2002,32.1809],[77.1982,32.1761],[77.1567,32.1168],[77.1353,31.9949],[77.1209,31.9532],[77.1194,31.9399],[77.1205,31.93],[77.1235,31.9239],[77.1401,31.9086],[77.1547,31.8912],[77.1606,31.8797],[77.169,31.855],[77.1723,31.8496],[77.184,31.8345],[77.1876,31.8267],[77.1924,31.8079],[77.1959,31.7944],[77.206,31.7764],[77.21,31.7659],[77.2147,31.7376],[77.2002,31.7221],[77.1757,31.7158],[77.106,31.7155],[77.0913,31.7123],[77.0671,31.7006],[77.0593,31.6992],[77.0498,31.7018],[77.0439,31.7068],[77.0386,31.7123],[77.0315,31.7168],[77.009,31.7203],[76.988,31.7171],[76.9673,31.7115],[76.9451,31.708],[76.9399,31.709],[76.9363,31.7114],[76.9348,31.7137],[76.9347,31.718],[76.9353,31.7221],[76.9374,31.7291],[76.939,31.7388],[76.9395,31.7496],[76.9382,31.7591],[76.9367,31.7632],[76.9345,31.7684],[76.9308,31.7726],[76.8565,31.8209],[76.8506,31.8228],[76.7817,31.8365],[76.7774,31.8399],[76.7695,31.8478],[76.7642,31.8555],[76.7607,31.8634],[76.756,31.8709],[76.7473,31.8771],[76.6827,31.8983],[76.5938,31.9038],[76.5733,31.8948],[76.5546,31.8816],[76.5317,31.8693],[76.5247,31.863],[76.5217,31.8523],[76.518,31.8486],[76.4443,31.8089],[76.4225,31.8043],[76.3831,31.803],[76.3694,31.7997],[76.3374,31.786],[76.3208,31.7822],[76.302,31.7849],[76.2971,31.7874],[76.2925,31.7909],[76.2892,31.7957],[76.2866,31.8012],[76.283,31.8189],[76.2807,31.824],[76.2769,31.8279],[76.2721,31.8304],[76.25,31.8379],[76.2451,31.8409],[76.2409,31.8445],[76.2377,31.849],[76.2354,31.8544],[76.2322,31.8723],[76.23,31.8784],[76.2265,31.8826],[76.2209,31.8854],[76.2158,31.8868],[76.2003,31.8863]]}},{"type":"Feature","properties":{"scalerank":8,"name":"Beas"},"geometry":{"type":"LineString","coordinates":[[75.9348,31.9645],[75.9177,31.9585],[75.8982,31.9623],[75.8613,31.9826],[75.8018,32.0057],[75.7529,32.0324],[75.7066,32.0499],[75.6878,32.0673],[75.6946,32.097],[75.6939,32.106],[75.6884,32.1118],[75.6793,32.1121],[75.6604,32.1047],[75.6426,32.1022],[75.6035,32.0894],[75.5955,32.0853],[75.5885,32.0798],[75.569,32.0533],[75.5554,32.0384],[75.5499,32.0269],[75.5451,32.0108],[75.5348,31.94],[75.5375,31.9205],[75.5603,31.8703],[75.5629,31.8585],[75.5617,31.8513],[75.559,31.8432],[75.5513,31.8287],[75.5484,31.8203],[75.5488,31.8091],[75.5569,31.7928],[75.5591,31.7842],[75.558,31.7775],[75.5453,31.766],[75.54,31.7581],[75.5379,31.743],[75.5284,31.7119],[75.3955,31.594],[75.3761,31.5811],[75.3706,31.5752],[75.3543,31.5493],[75.3199,31.5098],[75.2988,31.5039],[75.2937,31.4969],[75.2907,31.4935],[75.2765,31.4833],[75.2402,31.4676],[75.2271,31.457],[75.1856,31.3972],[75.1742,31.369],[75.1729,31.3605],[75.1689,31.3468],[75.1625,31.338],[75.1414,31.3229],[75.134,31.3159],[75.1283,31.3078],[75.1183,31.2896],[75.0369,31.198],[75.0027,31.1763]]}},{"type":"Feature","properties":{"scalerank":8,"name":"Ngun"},"geometry":{"type":"LineString","coordinates":[[102.7807,18.7149],[102.7744,18.6975],[102.7459,18.6739],[102.7334,18.6668],[102.7135,18.6503],[102.7002,18.6307],[102.6887,18.6119],[102.6746,18.5924],[102.6428,18.5747],[102.6052,18.5666],[102.5881,18.5622],[102.5768,18.5552],[102.5671,18.5504]]}},{"type":"Feature","properties":{"scalerank":8,"name":"Ngun"},"geometry":{"type":"LineString","coordinates":[[103.205,19.6839],[103.1746,19.6494],[103.1577,19.6389],[103.0969,19.6202],[103.08,19.6114],[103.0681,19.5966],[103.064,19.5781],[103.0625,19.5384],[103.0556,19.5198],[103.0505,19.5152],[103.0368,19.5074],[103.0313,19.5034],[102.9723,19.4243],[102.9599,19.4141],[102.9537,19.4105],[102.9478,19.4078],[102.9309,19.4045],[102.9141,19.4074],[102.8965,19.4152],[102.8775,19.4263],[102.8497,19.437],[102.8196,19.4382],[102.7901,19.4309],[102.7643,19.416],[102.7494,19.3902],[102.7429,19.352],[102.7459,19.3144],[102.7589,19.2906],[102.7935,19.2763],[102.8092,19.267],[102.8186,19.251],[102.818,19.2404],[102.8077,19.2181],[102.8048,19.207],[102.8057,19.1978],[102.815,19.1683],[102.8336,19.1376],[102.8599,19.1076],[102.88,19.0748],[102.8818,19.0357],[102.8748,19.0174],[102.8653,19.0055],[102.8526,18.9969],[102.8137,18.9782],[102.7996,18.9688],[102.7892,18.9561],[102.7792,18.9357],[102.7734,18.9188],[102.771,18.877],[102.762,18.8426],[102.7643,18.821],[102.7666,18.8173],[102.7764,18.805],[102.7794,18.7998],[102.7809,18.7134]]}},{"type":"Feature","properties":{"scalerank":8,"name":"Ngun"},"geometry":{"type":"LineString","coordinates":[[102.5671,18.5504],[102.5444,18.5261],[102.5265,18.5187],[102.5134,18.5106],[102.5137,18.4845],[102.5333,18.4078],[102.5336,18.397],[102.5302,18.3758],[102.5315,18.3675],[102.5374,18.3696],[102.5492,18.3719],[102.5591,18.3683],[102.559,18.3526],[102.5524,18.3454],[102.5322,18.3392],[102.5261,18.3355],[102.5205,18.3243],[102.5217,18.3225],[102.5283,18.3216],[102.5381,18.3138],[102.5542,18.3067],[102.5582,18.3006],[102.5491,18.2901],[102.5383,18.2884],[102.5241,18.2904],[102.5116,18.29],[102.5059,18.2817],[102.5108,18.277],[102.522,18.275],[102.5332,18.2706],[102.538,18.2589],[102.5376,18.2417],[102.5391,18.2374],[102.5422,18.2386],[102.569,18.234],[102.5772,18.2303],[102.5785,18.2251],[102.5759,18.2081],[102.5781,18.2022],[102.5829,18.2008],[102.5862,18.2027],[102.5886,18.2053],[102.5911,18.206],[102.6279,18.1965],[102.6372,18.1895],[102.6311,18.1735],[102.6232,18.1708],[102.6143,18.1728],[102.6066,18.17],[102.6034,18.153],[102.6054,18.1356],[102.6104,18.1343],[102.6179,18.1402],[102.6261,18.1441],[102.6573,18.1497],[102.6685,18.1497],[102.6997,18.1393],[102.7109,18.1397],[102.7169,18.1441],[102.7217,18.1516],[102.7275,18.1589],[102.7376,18.1626],[102.7524,18.1577],[102.7726,18.1319],[102.7857,18.1254],[102.7966,18.1279],[102.8013,18.1347],[102.8045,18.1428],[102.8106,18.1487],[102.8208,18.152],[102.8484,18.1573],[102.8502,18.1646],[102.8523,18.17],[102.8559,18.1737],[102.8615,18.1746],[102.874,18.1732],[102.8794,18.1745],[102.8868,18.1809],[102.8927,18.1879],[102.8991,18.1939],[102.9089,18.1969],[102.9299,18.1922],[102.9732,18.1715],[102.9946,18.1733],[102.9947,18.1792],[102.989,18.1881],[102.9868,18.1956],[102.9973,18.1978],[103.0109,18.1939],[103.0132,18.1869],[103.0099,18.1779],[103.0079,18.168],[103.0054,18.161],[103.0005,18.1549],[102.9968,18.1477],[102.9981,18.1367],[103.0049,18.1254],[103.0139,18.1201],[103.0244,18.1204],[103.0356,18.1262],[103.0474,18.144],[103.0567,18.1636],[103.0683,18.1679],[103.0868,18.1397]]}},{"type":"Feature","properties":{"scalerank":8,"name":"Qumar"},"geometry":{"type":"LineString","coordinates":[[92.2986,35.223],[92.2019,35.2217],[92.1594,35.2252],[92.1414,35.2311],[92.1122,35.2352],[92.0802,35.2304],[92.0675,35.2193]]}},{"type":"Feature","properties":{"scalerank":8,"name":"Qumar"},"geometry":{"type":"LineString","coordinates":[[90.9492,35.2447],[90.9966,35.2366],[91.1588,35.2449],[91.2417,35.2338],[91.2769,35.2164],[91.2986,35.2093],[91.3419,35.2054],[91.4719,35.2087],[91.6017,35.1856],[91.7223,35.1809],[91.7395,35.184],[91.7734,35.1943],[91.7905,35.1967],[91.8062,35.1948],[91.8461,35.1758],[91.9107,35.1601],[91.9771,35.1547],[91.9922,35.1562],[92.0053,35.16],[92.0146,35.1671],[92.018,35.179],[92.0249,35.1918],[92.0567,35.2025],[92.0675,35.2193]]}},{"type":"Feature","properties":{"scalerank":8,"name":"Qumar"},"geometry":{"type":"LineString","coordinates":[[92.2986,35.223],[92.316,35.2235],[92.3349,35.2209],[92.3528,35.2159],[92.3676,35.2093],[92.3828,35.2158],[92.4019,35.2178],[92.4537,35.2145],[92.4883,35.2048],[92.5081,35.2025],[92.5733,35.2093],[92.59,35.2041],[92.6098,35.181],[92.6245,35.1758],[92.6501,35.1855],[92.6707,35.2063],[92.6948,35.2255],[92.7312,35.2304],[92.7689,35.2174],[92.7857,35.2167],[92.9111,35.2555],[92.9741,35.2602],[93.0117,35.2713],[93.0862,35.2818],[93.1043,35.2888],[93.1206,35.2988],[93.1388,35.3037],[93.2743,35.3107],[93.3154,35.319],[93.3543,35.3328],[93.3613,35.3387],[93.3699,35.3481],[93.3804,35.3569],[93.392,35.3608],[93.4024,35.3587],[93.4204,35.3492],[93.4258,35.3471],[93.4387,35.3453],[93.4705,35.3328],[93.4824,35.332],[93.5064,35.3336],[93.5183,35.3328],[93.6333,35.2966],[93.6758,35.2919],[93.7686,35.2993],[93.7866,35.2952],[93.8269,35.2735],[93.8765,35.2337],[93.8961,35.2216],[93.9199,35.2167],[94.0117,35.223],[94.1047,35.2167],[94.1292,35.212],[94.1484,35.1999],[94.2213,35.1402],[94.2442,35.1265],[94.2842,35.1131],[94.3042,35.096],[94.3211,35.0776],[94.3345,35.066],[94.377,35.0523],[94.5341,35.034],[94.5576,35.0283],[94.5796,35.02],[94.598,35.0073],[94.6094,35.0023],[94.6211,35.006],[94.6423,35.0182],[94.6543,35.0202],[94.7326,35.0178],[94.7522,35.0113],[94.7603,34.994],[94.7698,34.9792],[94.8141,34.9579],[94.8279,34.9447],[94.8994,34.9206],[94.9299,34.9051],[94.9302,34.8832],[94.9462,34.8621],[94.9589,34.8366],[94.9659,34.807],[94.9555,34.7186],[94.9449,34.695],[94.9241,34.6772]]}},{"type":"Feature","properties":{"scalerank":8,"name":"Yalu"},"geometry":{"type":"LineString","coordinates":[[124.9592,40.4539],[124.9716,40.4539],[124.9887,40.4581],[125.0137,40.4576],[125.0348,40.4621],[125.041,40.475],[125.0288,40.491],[125.0099,40.5098],[125.0144,40.5256],[125.0348,40.5396],[125.0533,40.5477],[125.0796,40.552],[125.1016,40.5588],[125.1192,40.5656],[125.1372,40.577],[125.1552,40.5892],[125.1871,40.5987],[125.2173,40.6054],[125.2405,40.6135],[125.2582,40.6215],[125.2668,40.6319],[125.2756,40.6451],[125.2932,40.6508],[125.3141,40.65],[125.3266,40.6426],[125.3364,40.6414]]}},{"type":"Feature","properties":{"scalerank":8,"name":"Yalu"},"geometry":{"type":"LineString","coordinates":[[128.0906,41.9175],[128.094,41.9017],[128.0997,41.8889],[128.1008,41.8758],[128.0906,41.8592],[128.0908,41.842],[128.0966,41.8228],[128.1441,41.755],[128.1546,41.734],[128.1588,41.712],[128.1856,41.6932],[128.2239,41.6697],[128.2506,41.6604],[128.2686,41.6436],[128.2813,41.6232],[128.2831,41.6053],[128.3027,41.5837],[128.2874,41.5449],[128.1853,41.4047],[128.1459,41.3765],[128.1036,41.3793],[128.1179,41.3936],[128.1036,41.3998],[128.0879,41.3892],[128.064,41.3886],[128.0465,41.399],[128.0502,41.421],[128.0333,41.4139],[128.0235,41.4117],[128.0149,41.4135],[128.0113,41.4246],[128.013,41.4426],[128.0122,41.4603],[128.0012,41.4711],[127.9924,41.4614],[127.9843,41.4542],[127.9739,41.4506],[127.9439,41.4711],[127.9033,41.4665],[127.8813,41.4611],[127.8715,41.454],[127.8648,41.4376],[127.8486,41.4316],[127.8285,41.4341],[127.8101,41.4438],[127.7844,41.4371],[127.69,41.4392],[127.6624,41.4472],[127.6577,41.4468],[127.6467,41.4332],[127.6382,41.4301],[127.6304,41.4331],[127.5971,41.4506],[127.5586,41.4585],[127.5444,41.4691],[127.5425,41.4915],[127.5254,41.4846],[127.5081,41.4883],[127.4907,41.4956],[127.4736,41.499],[127.4567,41.495],[127.4428,41.4883],[127.4273,41.4833],[127.4048,41.4847],[127.401,41.4871],[127.3955,41.4916],[127.3882,41.4963],[127.3787,41.499],[127.3709,41.4983],[127.3535,41.4929],[127.3438,41.4915],[127.3048,41.4949],[127.2861,41.4992],[127.2689,41.5052],[127.2749,41.5076],[127.2833,41.5124],[127.2895,41.5188],[127.2887,41.5257],[127.2813,41.5313],[127.2744,41.5307],[127.2671,41.5275],[127.2578,41.5257],[127.2442,41.5283],[127.2217,41.541],[127.2067,41.5462],[127.2001,41.5423],[127.187,41.5217],[127.1795,41.5172],[127.1741,41.5195],[127.1701,41.5241],[127.1648,41.5288],[127.1555,41.5308],[127.1421,41.5241],[127.1344,41.5223],[127.1279,41.5318],[127.1206,41.535],[127.1118,41.5369],[127.1043,41.5377],[127.1177,41.556],[127.1362,41.5694],[127.1575,41.5789],[127.1795,41.5854],[127.1657,41.5952],[127.1137,41.6107],[127.0969,41.6127],[127.1016,41.6226],[127.1043,41.6264],[127.0738,41.6359],[127.0587,41.6436],[127.0491,41.6537],[127.045,41.6682],[127.0486,41.678],[127.0593,41.6825],[127.0764,41.681],[127.068,41.6939],[127.0465,41.7196],[127.0422,41.7329],[127.0327,41.7319],[126.9809,41.7635],[126.9583,41.767],[126.9458,41.7664],[126.9404,41.772],[126.9391,41.794],[126.9296,41.8013],[126.9082,41.7964],[126.8868,41.7852],[126.8772,41.7738],[126.8644,41.7475],[126.8085,41.73],[126.7958,41.7053],[126.7882,41.6962],[126.7711,41.7048],[126.7412,41.7294],[126.727,41.7372],[126.7122,41.7415],[126.6965,41.7415],[126.6791,41.7363],[126.6869,41.7243],[126.6993,41.7167],[126.7139,41.7102],[126.7276,41.7015],[126.7119,41.6944],[126.6798,41.6721],[126.669,41.6673],[126.6337,41.6689],[126.6176,41.6662],[126.6017,41.6423],[126.5668,41.6143],[126.5662,41.6022],[126.5769,41.5885],[126.5805,41.5755],[126.5769,41.562],[126.5584,41.5344],[126.542,41.4892],[126.5073,41.4475],[126.501,41.4346],[126.5078,41.4095],[126.5219,41.3778],[126.522,41.3522],[126.4874,41.3446],[126.4874,41.3521],[126.4936,41.355],[126.4962,41.3583],[126.498,41.362],[126.501,41.3663],[126.4722,41.3667],[126.4407,41.3487],[126.3911,41.3037],[126.3804,41.2911],[126.3569,41.2496],[126.3458,41.2379],[126.3208,41.2191],[126.3092,41.2081],[126.2841,41.1644],[126.2744,41.1528],[126.2605,41.1434],[126.1471,41.0925],[126.1235,41.0758],[126.1378,41.0572],[126.1261,41.0434],[126.1111,41.0327],[126.101,41.0223],[126.1038,41.0095],[126.0932,41.0065],[126.0835,41.0028],[126.0755,40.9973],[126.069,40.9896],[126.0715,40.9808],[126.0657,40.9689],[126.0451,40.9449],[126.0283,40.9355],[126.009,40.9329],[125.9918,40.9286],[125.9802,40.9138],[125.9962,40.9151],[126.0095,40.9141],[126.0149,40.9094],[126.0075,40.8996],[125.9947,40.8944],[125.9639,40.8915],[125.9492,40.8828],[125.936,40.8776],[125.9236,40.8843],[125.912,40.8944],[125.9011,40.8996],[125.8849,40.8977],[125.8725,40.8929],[125.8314,40.871],[125.8217,40.8699],[125.7788,40.8848],[125.7705,40.8864],[125.7605,40.8859],[125.7545,40.8819],[125.7505,40.8749],[125.7454,40.8684],[125.7365,40.8654],[125.7061,40.8607],[125.6829,40.8482],[125.6445,40.8108],[125.6729,40.7844],[125.6824,40.7691],[125.6684,40.7624],[125.6098,40.7615],[125.6079,40.7644],[125.6001,40.773],[125.5862,40.7821],[125.5715,40.7851],[125.5598,40.7786],[125.5551,40.759],[125.5532,40.7374],[125.5463,40.7261],[125.5327,40.722],[125.4915,40.7212],[125.4785,40.719],[125.4688,40.7132],[125.4595,40.7016],[125.4566,40.6939],[125.4561,40.68],[125.4526,40.6737],[125.4434,40.669],[125.426,40.6715],[125.4185,40.6668],[125.4146,40.6522],[125.4169,40.6395],[125.413,40.632],[125.3906,40.6326],[125.3843,40.6353],[125.3722,40.6442],[125.3633,40.6469],[125.3557,40.6463],[125.3364,40.6414]]}},{"type":"Feature","properties":{"scalerank":8,"name":"Yalu"},"geometry":{"type":"LineString","coordinates":[[124.9592,40.4539],[124.9351,40.4558],[124.9257,40.4581],[124.9177,40.4614],[124.915,40.4661],[124.9053,40.4768],[124.8951,40.4839],[124.8902,40.4781],[124.8835,40.4658],[124.8495,40.4318],[124.8005,40.3943],[124.7796,40.3837],[124.7566,40.3795],[124.7408,40.3706],[124.731,40.35],[124.723,40.327],[124.7122,40.3105],[124.6926,40.303],[124.6422,40.2945],[124.6269,40.2863],[124.6109,40.2724],[124.5706,40.2526],[124.5545,40.2416],[124.5515,40.2364],[124.5499,40.225],[124.5484,40.2211],[124.5429,40.2178],[124.532,40.2163],[124.5278,40.2144],[124.3853,40.1107],[124.3702,40.0983]]}},{"type":"Feature","properties":{"scalerank":8,"name":"Tao’er"},"geometry":{"type":"LineString","coordinates":[[123.8351,45.7242],[123.8456,45.7186],[123.8604,45.7087],[123.8823,45.707],[123.9038,45.7161],[123.9379,45.7241],[123.9673,45.7273],[123.9921,45.7219],[124.0144,45.7137],[124.038,45.7099]]}},{"type":"Feature","properties":{"scalerank":8,"name":"Tao’er"},"geometry":{"type":"LineString","coordinates":[[120.1653,46.9957],[120.1818,46.9829],[120.2175,46.9622],[120.2324,46.9475],[120.2449,46.9236],[120.2505,46.8981],[120.25,46.8452],[120.2634,46.7979],[120.3042,46.7817],[120.407,46.7849],[120.4282,46.7814],[120.4415,46.7734],[120.4675,46.7501],[120.5149,46.7329],[120.5616,46.7369],[120.6087,46.7491],[120.6559,46.7561],[120.6799,46.7496],[120.7247,46.721],[120.7478,46.7145],[120.8472,46.7009],[120.9505,46.6985],[120.9985,46.6904],[121.0764,46.6614],[121.1055,46.6552],[121.1998,46.6517],[121.2315,46.6463],[121.2583,46.6341],[121.272,46.6319],[121.2858,46.6388]]}},{"type":"Feature","properties":{"scalerank":8,"name":"Tao’er"},"geometry":{"type":"LineString","coordinates":[[121.2858,46.6319],[121.2996,46.6162],[121.3147,46.6124],[121.331,46.6116],[121.3473,46.6047],[121.3551,46.5924],[121.3589,46.5746],[121.3587,46.5562],[121.3543,46.5425],[121.3705,46.5301],[121.3843,46.5145],[121.3994,46.5011],[121.4194,46.4954],[121.4247,46.4921],[121.4414,46.4776],[121.447,46.4743],[121.457,46.4727],[121.5659,46.4337],[121.5911,46.4299],[121.6157,46.4332],[121.627,46.4326],[121.6799,46.4097],[121.69,46.4026],[121.6954,46.3954],[121.7105,46.3685],[121.7585,46.3322],[121.7799,46.3241],[121.8034,46.3201],[121.874,46.3201],[121.921,46.3132],[121.964,46.2994],[121.998,46.2791],[122.0313,46.2484],[122.0466,46.2281],[122.0584,46.1845],[122.0713,46.1683],[122.0873,46.1538],[122.1016,46.1357],[122.1008,46.1249],[122.1016,46.1214],[122.1078,46.1078],[122.1215,46.0913],[122.1267,46.0826],[122.1321,46.0449],[122.1417,46.0307],[122.211,45.9894],[122.2371,45.9647],[122.2935,45.8832],[122.3108,45.8681],[122.3321,45.8581],[122.3585,45.8545],[122.3775,45.8477],[122.3845,45.8311],[122.388,45.8108],[122.3951,45.7924],[122.4231,45.7652],[122.4253,45.758],[122.4295,45.7366],[122.4336,45.7279],[122.4452,45.7102],[122.4709,45.6553],[122.5298,45.5515],[122.5603,45.5256],[122.6004,45.5042],[122.6205,45.4894],[122.6292,45.4741],[122.6353,45.4702],[122.664,45.4641],[122.6736,45.4604],[122.6797,45.4527],[122.6858,45.4371],[122.6907,45.43],[122.7247,45.4089],[122.7526,45.399],[122.7848,45.3773],[122.8059,45.3709],[122.8285,45.3707],[122.8827,45.3763],[122.9197,45.3644],[122.9475,45.3611],[122.9707,45.3629],[123.0581,45.3894],[123.0688,45.394],[123.1113,45.4197],[123.1458,45.4482],[123.1499,45.4539],[123.1484,45.4869],[123.1499,45.4982],[123.1606,45.5196],[123.2148,45.5628],[123.2265,45.5783],[123.2332,45.5845],[123.2424,45.587],[123.2451,45.5891],[123.2485,45.5939],[123.2511,45.5997],[123.2524,45.6044],[123.2549,45.6087],[123.2609,45.6083],[123.268,45.607],[123.2734,45.6081],[123.3206,45.66],[123.3281,45.6727],[123.3379,45.6815],[123.4038,45.6968],[123.4749,45.7285],[123.5117,45.7369],[123.6518,45.7231],[123.6837,45.7242],[123.7271,45.7311],[123.7486,45.7316],[123.7668,45.7242],[123.7832,45.7311],[123.7999,45.7306],[123.8351,45.7242]]}},{"type":"Feature","properties":{"scalerank":8,"name":"Tao’er"},"geometry":{"type":"LineString","coordinates":[[124.038,45.7099],[124.0879,45.7178]]}},{"type":"Feature","properties":{"scalerank":8,"name":"Bol’shoy Yenisey"},"geometry":{"type":"LineString","coordinates":[[94.4648,51.7337],[94.4703,51.7402],[94.4721,51.7488],[94.4701,51.7586],[94.4648,51.7685],[94.4878,51.7874],[94.4888,51.8148],[94.476,51.8428],[94.4579,51.864],[94.4514,51.866],[94.4424,51.8666],[94.4341,51.8685],[94.4307,51.874],[94.4324,51.881],[94.4358,51.8887],[94.4382,51.897],[94.4367,51.9056],[94.4282,51.9149],[94.4182,51.9191],[94.4127,51.9251],[94.417,51.9392],[94.4259,51.9481],[94.4505,51.9562],[94.465,51.9663],[94.4775,51.9727],[94.4819,51.9739],[94.4849,51.9759],[94.4864,51.9863],[94.5029,52.0152],[94.4859,52.0207],[94.4367,52.0148],[94.4248,52.0171],[94.4166,52.0211],[94.4117,52.028],[94.4102,52.0391],[94.4058,52.0518],[94.3963,52.056],[94.3866,52.057],[94.3823,52.0596],[94.3801,52.0624],[94.3756,52.0656],[94.371,52.0701],[94.3686,52.0769],[94.3716,52.082],[94.3858,52.0921],[94.3892,52.0974],[94.3858,52.1087],[94.3711,52.1234],[94.3686,52.1309],[94.3801,52.146],[94.405,52.1591],[94.433,52.1684],[94.4546,52.1719],[94.465,52.1754],[94.4749,52.1835],[94.4838,52.1928],[94.4922,52.1998],[94.5225,52.2137],[94.5325,52.2203],[94.598,52.2786],[94.6089,52.301],[94.5899,52.3126],[94.5621,52.3201],[94.5462,52.3302],[94.5845,52.3345],[94.603,52.3339],[94.6225,52.3302],[94.6505,52.3183],[94.6594,52.3165],[94.6666,52.3187],[94.6803,52.3281],[94.6984,52.3332],[94.7109,52.3413],[94.7207,52.3532],[94.7249,52.3677],[94.728,52.3864],[94.7358,52.3925],[94.7471,52.3958],[94.7603,52.4059],[94.7682,52.4242],[94.7714,52.4419],[94.7808,52.4553],[94.8324,52.4652],[94.8766,52.4874],[94.8967,52.4947],[94.965,52.4947],[94.9788,52.4967],[95.0039,52.5057],[95.0162,52.5077],[95.0261,52.5106],[95.0434,52.5244],[95.0538,52.5294],[95.0654,52.5308],[95.1665,52.5294],[95.1773,52.5272],[95.1975,52.5174],[95.2078,52.5152],[95.2571,52.5136],[95.273,52.5152],[95.2739,52.5172],[95.2779,52.522],[95.283,52.527],[95.2872,52.5294],[95.2947,52.5286],[95.3095,52.523],[95.314,52.522],[95.3584,52.5317],[95.3803,52.543],[95.3897,52.5598],[95.392,52.573],[95.398,52.5791],[95.4067,52.5833],[95.417,52.5908],[95.4374,52.6175],[95.4757,52.6444],[95.6292,52.6802],[95.6627,52.698],[95.6736,52.7007],[95.7173,52.6996],[95.7413,52.7075],[95.7869,52.6933],[95.7988,52.6939],[95.8212,52.7],[95.8347,52.7007],[95.8523,52.6956],[95.9059,52.6721],[95.9172,52.6625],[95.9291,52.6484],[96.0004,52.625],[96.0012,52.6188],[96.0105,52.5895],[96.0127,52.5875],[96.044,52.5668],[96.0686,52.5557],[96.0781,52.5384],[96.0885,52.5015],[96.0949,52.4937],[96.1128,52.4781],[96.1165,52.4704],[96.1238,52.4427],[96.1264,52.436],[96.1381,52.4282],[96.1467,52.4243],[96.1514,52.4187],[96.1505,52.4059],[96.1459,52.3975],[96.1294,52.3858],[96.1226,52.378],[96.1226,52.3729],[96.1284,52.3607],[96.1301,52.3544],[96.1279,52.3487],[96.1232,52.3461],[96.1187,52.3442],[96.1165,52.3408],[96.1148,52.3315],[96.1104,52.319],[96.1047,52.3081],[96.0993,52.3035],[96.0889,52.3021],[96.0579,52.294],[96.0481,52.2892],[96.0382,52.2808],[96.037,52.2775],[96.0549,52.2681],[96.1065,52.2508],[96.1638,52.2547],[96.2212,52.2653],[96.2734,52.2681],[96.3189,52.2564],[96.3408,52.255],[96.3591,52.2647],[96.3825,52.2731],[96.4522,52.2692],[96.4795,52.2756],[96.4873,52.2689],[96.4961,52.2645],[96.506,52.262],[96.5168,52.2613],[96.5264,52.2592],[96.5265,52.2541],[96.5244,52.2474],[96.5274,52.2408],[96.5515,52.2274],[96.5551,52.2205],[96.541,52.2128],[96.606,52.1688],[96.6177,52.1656],[96.6646,52.1719],[96.6748,52.1693],[96.6954,52.1607],[96.7055,52.1589],[96.8617,52.1584],[96.9356,52.1697],[97.0274,52.1732],[97.0571,52.1787],[97.0686,52.1793],[97.0825,52.1763],[97.1062,52.1675],[97.1445,52.1619],[97.1763,52.1442],[97.199,52.1384],[97.2249,52.1383],[97.2951,52.152],[97.4075,52.1589],[97.4182,52.1608],[97.4454,52.1695],[97.4596,52.1719],[97.4732,52.1724],[97.5791,52.1636],[97.5986,52.1542],[97.6064,52.152],[97.6256,52.1491],[97.6734,52.1353],[97.8017,52.1179],[97.8594,52.118],[97.8893,52.1216],[97.9116,52.1309],[97.9247,52.1472],[97.9488,52.1919],[97.9626,52.2097],[97.9825,52.2191],[98.1712,52.2518],[98.2677,52.2818],[98.3111,52.301],[98.333,52.3073],[98.5371,52.3253],[98.5708,52.33],[98.5841,52.3344],[98.5933,52.3408],[98.6052,52.3604],[98.6053,52.3624]]}},{"type":"Feature","properties":{"scalerank":8,"name":"Mun"},"geometry":{"type":"LineString","coordinates":[[102.0025,14.277],[102.0676,14.3558],[102.0681,14.3671],[102.0649,14.3844],[102.0647,14.4003],[102.0745,14.4073],[102.0864,14.413],[102.0937,14.4266],[102.0973,14.4426],[102.0986,14.4558],[102.1085,14.4509],[102.1123,14.4483],[102.1381,14.4715],[102.1614,14.5034],[102.1774,14.542],[102.1806,14.5855],[102.176,14.6029],[102.1629,14.6291],[102.1602,14.6507],[102.1655,14.6624],[102.1915,14.6887],[102.2011,14.7028],[102.2088,14.7368],[102.2085,14.8387],[102.2131,14.8786],[102.2184,14.8989],[102.2252,14.9076],[102.2432,14.913],[102.2485,14.9271],[102.2495,14.9691],[102.2559,14.9908],[102.2656,15.0096],[102.2774,15.0253],[102.3421,15.0841],[102.352,15.0994],[102.3662,15.0926],[102.3582,15.1131],[102.3701,15.1297],[102.3723,15.1336],[102.3738,15.1431],[102.372,15.1611],[102.3723,15.1745],[102.3759,15.1892],[102.3824,15.2004],[102.3907,15.2088],[102.4338,15.2372],[102.4465,15.2375],[102.4736,15.2347],[102.489,15.2372],[102.5025,15.2418],[102.5095,15.2453],[102.5579,15.2857],[102.5859,15.3192],[102.5898,15.3144],[102.5938,15.3116],[102.5969,15.3133],[102.6005,15.332],[102.6059,15.3321],[102.6127,15.33],[102.6194,15.3328],[102.625,15.3425],[102.634,15.3644],[102.6399,15.3738],[102.6404,15.3674],[102.6418,15.366],[102.646,15.3663],[102.6524,15.3723],[102.6601,15.3743],[102.6677,15.3724],[102.6739,15.3663],[102.6995,15.3858],[102.7134,15.3925],[102.7293,15.3942],[102.7378,15.3916],[102.7481,15.3825],[102.7529,15.3806],[102.7636,15.3838],[102.7713,15.3897],[102.7774,15.3926],[102.7838,15.3868],[102.8002,15.39],[102.8206,15.3874],[102.838,15.389],[102.8453,15.4045],[102.853,15.4048],[102.8993,15.3738],[102.9067,15.376],[102.9512,15.3806],[102.9533,15.3876],[102.9751,15.429],[102.98,15.4296],[102.9815,15.428],[102.9833,15.4271],[102.9893,15.4215],[102.9955,15.4215],[103.0015,15.4305],[103.0303,15.4488],[103.0371,15.4414],[103.0518,15.4555],[103.0576,15.4632],[103.059,15.4539],[103.0617,15.4465],[103.066,15.4403],[103.0713,15.4352],[103.0772,15.4377],[103.079,15.4374],[103.0805,15.436],[103.085,15.4352],[103.1054,15.4488],[103.1,15.4378],[103.1025,15.4289],[103.1099,15.4215],[103.1191,15.4147],[103.1298,15.4191],[103.1333,15.4215],[103.1333,15.4147],[103.1401,15.4147],[103.1401,15.4215],[103.147,15.4215],[103.1497,15.4062],[103.1631,15.3809],[103.1675,15.3663],[103.1909,15.3712],[103.2036,15.3581],[103.2119,15.344],[103.2227,15.3458],[103.2289,15.3458],[103.2329,15.3331],[103.252,15.3234],[103.2568,15.3116],[103.2696,15.3218],[103.2791,15.3207],[103.2866,15.3151],[103.294,15.3116],[103.3036,15.315],[103.3154,15.3295],[103.3217,15.3328],[103.3323,15.3359],[103.3538,15.3496],[103.3667,15.3526],[103.3736,15.3495],[103.3821,15.3438],[103.3914,15.3406],[103.4009,15.3458],[103.407,15.3458],[103.4067,15.3413],[103.4084,15.3403],[103.4112,15.3405],[103.4146,15.3396],[103.4031,15.3302],[103.4124,15.3218],[103.4292,15.3223],[103.4412,15.3396],[103.4343,15.3396],[103.4343,15.3458],[103.4539,15.3396],[103.4684,15.3328],[103.469,15.3311],[103.476,15.3192],[103.4816,15.3151],[103.4865,15.3141],[103.4912,15.3138],[103.4965,15.3116],[103.4985,15.3082],[103.4976,15.3045],[103.4977,15.3011],[103.5026,15.298],[103.5089,15.2971],[103.5201,15.2981],[103.5237,15.298],[103.5409,15.2934],[103.5486,15.2901],[103.5579,15.2844],[103.5712,15.2946],[103.6087,15.3083],[103.6262,15.3192],[103.637,15.3316],[103.6608,15.3738],[103.6709,15.3564],[103.6738,15.34],[103.6797,15.3343],[103.6984,15.3492],[103.7081,15.3611],[103.7109,15.3659],[103.7161,15.3667],[103.7477,15.3649],[103.7533,15.3687],[103.7564,15.3806],[103.7749,15.3785],[103.7866,15.3924],[103.7954,15.4073],[103.8117,15.4079],[103.8168,15.4151],[103.8174,15.4356],[103.8266,15.4539],[103.8457,15.463],[103.8738,15.4632],[103.8785,15.4645],[103.8824,15.4682],[103.8871,15.4709],[103.8942,15.4693],[103.8958,15.4659],[103.8974,15.4534],[103.9004,15.4488],[103.9094,15.4432],[103.916,15.4405],[103.9252,15.44],[103.9421,15.4414],[103.9356,15.4265],[103.9451,15.4217],[103.9617,15.4236],[103.9762,15.429],[103.9771,15.4164],[103.9858,15.4102],[103.9998,15.4082],[104.0341,15.409],[104.0496,15.4075],[104.0608,15.4021],[104.065,15.3905],[104.068,15.3758],[104.0763,15.3638],[104.0883,15.3557],[104.1174,15.3494],[104.1284,15.3435],[104.1377,15.3404],[104.1476,15.3458],[104.1538,15.3458],[104.1648,15.3276],[104.2012,15.3032],[104.209,15.2881],[104.2138,15.2813],[104.2245,15.2769],[104.2359,15.2737],[104.2431,15.2707],[104.2475,15.2613],[104.2505,15.2388],[104.2574,15.2298],[104.2637,15.2298],[104.2774,15.2469],[104.3023,15.2363],[104.353,15.2018],[104.3591,15.201],[104.3772,15.2018],[104.3865,15.1966],[104.3845,15.1851],[104.3806,15.1735],[104.384,15.1683],[104.4492,15.1435],[104.4607,15.1373],[104.4863,15.1417],[104.5249,15.1541],[104.5351,15.1536],[104.5615,15.148],[104.6759,15.1456],[104.6943,15.1422],[104.7092,15.1336],[104.7209,15.1399],[104.7295,15.1477],[104.7349,15.1579],[104.7365,15.1715],[104.723,15.1721],[104.7117,15.1749],[104.7024,15.182],[104.7905,15.2408],[104.8004,15.2429],[104.8157,15.2434],[104.8261,15.2403],[104.823,15.2336],[104.8135,15.2266],[104.8048,15.2229],[104.8048,15.2154],[104.8211,15.2119],[104.8317,15.2127],[104.8533,15.2229],[104.9221,15.2403],[104.9312,15.2405],[104.9684,15.2591],[104.9734,15.2639],[104.9863,15.2665],[105.0161,15.2794],[105.1265,15.3087],[105.1831,15.3121],[105.2022,15.311],[105.2172,15.3043],[105.2232,15.2881],[105.2243,15.2788],[105.2276,15.2718],[105.2498,15.2448],[105.2566,15.2397],[105.2661,15.2379],[105.2756,15.2405],[105.2843,15.2468],[105.2915,15.255],[105.304,15.2725],[105.3121,15.2788],[105.322,15.2827],[105.3482,15.2879],[105.353,15.2899],[105.3569,15.2927],[105.3642,15.2991],[105.3683,15.301],[105.3691,15.3041],[105.3803,15.307],[105.3909,15.3074],[105.401,15.3055],[105.4166,15.2989],[105.4307,15.2902],[105.4443,15.277],[105.4484,15.2747],[105.4507,15.2703],[105.4548,15.2689],[105.4595,15.2701],[105.463,15.2732],[105.4649,15.2779],[105.4666,15.2893],[105.4679,15.2945],[105.4726,15.3036],[105.4757,15.3075],[105.4801,15.3109],[105.4859,15.3135],[105.4993,15.3175],[105.5038,15.3202]]}},{"type":"Feature","properties":{"scalerank":8,"name":"Chi"},"geometry":{"type":"LineString","coordinates":[[101.4059,16.3736],[101.398,16.3592],[101.4072,16.3509],[101.4252,16.3472],[101.444,16.3464],[101.4594,16.3477],[101.464,16.3461],[101.4749,16.3402],[101.4771,16.3373],[101.4918,16.3238],[101.4954,16.3228],[101.4976,16.3199],[101.5022,16.317],[101.5068,16.3117],[101.509,16.302],[101.5061,16.2938],[101.4929,16.2798],[101.4885,16.2713],[101.4877,16.2532],[101.4929,16.2369],[101.5026,16.2242],[101.5157,16.2167],[101.5317,16.2145],[101.5881,16.2167],[101.5917,16.207],[101.5854,16.1643],[101.5949,16.1546],[101.5977,16.1525],[101.6006,16.1478],[101.6056,16.1431],[101.6467,16.1347],[101.6598,16.1244],[101.6807,16.0975],[101.6946,16.0863],[101.6837,16.0714],[101.6795,16.0482],[101.6773,16.0174],[101.6787,16.0109],[101.6853,15.9954],[101.6901,15.9772],[101.6871,15.9622],[101.6978,15.9542],[101.7039,15.9385],[101.7085,15.9211],[101.715,15.9081],[101.715,15.9007],[101.7112,15.8893],[101.7166,15.8733],[101.7271,15.8591],[101.7389,15.8529],[101.7437,15.8432],[101.7454,15.8237],[101.7512,15.8085],[101.7691,15.812],[101.7786,15.8023],[101.7882,15.7896],[101.7986,15.7813],[101.8106,15.7846],[101.8149,15.7736],[101.8189,15.7469],[101.8243,15.7369],[101.8306,15.7369],[101.8477,15.7333],[101.9019,15.6788],[101.9268,15.6612],[101.9443,15.6748],[101.9619,15.6845],[101.9791,15.6894],[101.9956,15.6884],[101.9963,15.695],[101.998,15.6964],[102.0025,15.6959],[102.0073,15.6922],[102.0181,15.6859],[102.023,15.6822],[102.0269,15.6771],[102.0326,15.6666],[102.0366,15.6612],[102.0777,15.6315],[102.0844,15.6196],[102.1033,15.633],[102.1192,15.6475],[102.1243,15.6541],[102.1328,15.6748],[102.1353,15.6764],[102.1391,15.6768],[102.1431,15.6779],[102.1465,15.6822],[102.1469,15.6869],[102.1455,15.6977],[102.1465,15.7021],[102.1588,15.7174],[102.1624,15.7261],[102.1602,15.7369],[102.1755,15.7454],[102.2033,15.7447],[102.2147,15.7505],[102.2085,15.7574],[102.2124,15.7569],[102.2141,15.7581],[102.2147,15.7606],[102.2147,15.7642],[102.2222,15.7505],[102.2402,15.7527],[102.2532,15.7613],[102.2768,15.7846],[102.3074,15.8016],[102.3227,15.8068],[102.3314,15.8057],[102.3367,15.8167],[102.3359,15.826],[102.3331,15.8362],[102.3314,15.8499],[102.3346,15.8638],[102.3486,15.8803],[102.352,15.8908],[102.3563,15.895],[102.365,15.9083],[102.3716,15.9222],[102.3692,15.9287],[102.3776,15.9537],[102.3792,15.9659],[102.3818,15.9764],[102.3887,15.9822],[102.4065,15.9901],[102.4179,15.9979],[102.427,16.0059],[102.4561,16.0433],[102.4887,16.0703],[102.5026,16.0931],[102.5073,16.0839],[102.5172,16.0792],[102.5438,16.072],[102.5368,16.0795],[102.5779,16.0931],[102.5752,16.1003],[102.584,16.1142],[102.5859,16.1273],[102.5921,16.1246],[102.5982,16.1204],[102.623,16.1383],[102.6536,16.1676],[102.6736,16.1956],[102.6671,16.2092],[102.6694,16.22],[102.6749,16.2274],[102.6835,16.2308],[102.6952,16.2303],[102.6924,16.2342],[102.6878,16.244],[102.7156,16.2508],[102.7371,16.2464],[102.7618,16.2734],[102.7822,16.3106],[102.7945,16.3507],[102.8045,16.3611],[102.8178,16.3685],[102.8316,16.3736],[102.8476,16.3773],[102.8611,16.3773],[102.8931,16.3736],[102.8931,16.3812],[102.8862,16.3812],[102.8862,16.3873],[102.9421,16.3797],[102.9546,16.3736],[102.9546,16.3675],[102.9478,16.3675],[102.9478,16.3607],[102.9649,16.3544],[102.979,16.3406],[102.9894,16.3231],[102.9955,16.3054],[103.0029,16.3054],[103.0109,16.3117],[103.016,16.3085],[103.0203,16.3021],[103.0269,16.2986],[103.0414,16.2974],[103.0471,16.2938],[103.0505,16.2875],[103.0801,16.2481],[103.0953,16.2374],[103.1191,16.2365],[103.1128,16.2228],[103.1235,16.2233],[103.1265,16.2228],[103.1265,16.2167],[103.1206,16.2134],[103.1179,16.2103],[103.1162,16.2069],[103.1128,16.2023],[103.1439,16.196],[103.167,16.1946],[103.2413,16.208],[103.252,16.2115],[103.2631,16.2167],[103.2739,16.2233],[103.283,16.2275],[103.2942,16.2262],[103.3115,16.2167],[103.3121,16.2232],[103.3105,16.2264],[103.3075,16.2281],[103.3047,16.2303],[103.3269,16.2261],[103.3362,16.2263],[103.3456,16.2303],[103.3549,16.2241],[103.3657,16.2274],[103.3872,16.244],[103.3872,16.2365],[103.3967,16.2416],[103.4068,16.2385],[103.4146,16.244],[103.4213,16.244],[103.448,16.2092],[103.4503,16.2037],[103.4509,16.1972],[103.4527,16.1917],[103.4583,16.1893],[103.4631,16.1922],[103.4701,16.2053],[103.476,16.2092],[103.4889,16.2103],[103.5237,16.2092],[103.5336,16.212],[103.5483,16.2198],[103.5579,16.2228],[103.5669,16.2054],[103.5879,16.2008],[103.606,16.2056],[103.6064,16.2228],[103.6174,16.2167],[103.625,16.208],[103.6301,16.1999],[103.6343,16.1956],[103.6465,16.1949],[103.6543,16.199],[103.6605,16.2014],[103.6677,16.1956],[103.6746,16.2023],[103.6699,16.2074],[103.6655,16.2139],[103.6608,16.2167],[103.6608,16.2228],[103.6787,16.2215],[103.6867,16.2199],[103.6951,16.2167],[103.6951,16.2303],[103.7019,16.2303],[103.7124,16.2247],[103.7263,16.2214],[103.7383,16.2164],[103.7433,16.2058],[103.7503,16.1988],[103.7659,16.1883],[103.7843,16.1791],[103.7986,16.1756],[103.7986,16.1689],[103.7924,16.166],[103.7896,16.1633],[103.7844,16.1546],[103.7978,16.1543],[103.8087,16.1497],[103.8159,16.1416],[103.8186,16.131],[103.8272,16.1214],[103.8652,16.1155],[103.8738,16.1037],[103.8772,16.097],[103.894,16.0769],[103.9004,16.0658],[103.905,16.0511],[103.9075,16.0364],[103.9084,16.0037],[103.9141,16.0037],[103.9251,16.0079],[103.9238,15.9915],[103.9141,15.9591],[103.9114,15.9567],[103.9049,15.9551],[103.8982,15.9513],[103.8942,15.9423],[103.8951,15.9317],[103.8995,15.9217],[103.9063,15.9135],[103.9141,15.9081],[103.9145,15.93],[103.9221,15.944],[103.9363,15.9488],[103.9557,15.9423],[103.968,15.9305],[103.9793,15.9162],[103.9905,15.9081],[104.0034,15.915],[104.0098,15.915],[104.0131,15.8986],[104.0203,15.888],[104.0291,15.8789],[104.0377,15.8672],[104.0272,15.8629],[104.0178,15.8552],[104.0133,15.8465],[104.0171,15.8392],[104.0171,15.8331],[104.0082,15.8287],[104.0038,15.8205],[104.0042,15.8099],[104.0098,15.7983],[104.0302,15.805],[104.0554,15.8094],[104.0733,15.8204],[104.0718,15.8467],[104.1114,15.8232],[104.1314,15.7877],[104.1355,15.7455],[104.127,15.7021],[104.1332,15.7021],[104.1442,15.7083],[104.1554,15.7017],[104.166,15.6871],[104.1948,15.6287],[104.2158,15.5997],[104.238,15.5582],[104.2397,15.5513],[104.2769,15.5237],[104.2841,15.5212],[104.2862,15.5097],[104.2955,15.4931],[104.2978,15.4796],[104.3071,15.4562],[104.3287,15.4417],[104.3521,15.442],[104.3667,15.4632],[104.3735,15.4632],[104.381,15.4495],[104.3823,15.4199],[104.3872,15.4011],[104.3911,15.3966],[104.4114,15.3837],[104.4182,15.3776],[104.4236,15.3746],[104.429,15.3769],[104.4356,15.3868],[104.4351,15.3718],[104.4382,15.3499],[104.4356,15.3396],[104.4287,15.3253],[104.4443,15.3179],[104.4536,15.3168],[104.4625,15.3185],[104.4766,15.3192],[104.4783,15.318],[104.4924,15.3129],[104.5005,15.3116],[104.5083,15.3134],[104.5117,15.3175],[104.5137,15.3221],[104.5175,15.3253],[104.5287,15.3289],[104.5419,15.3311],[104.5564,15.3304],[104.572,15.3253],[104.5824,15.3183],[104.5918,15.3099],[104.5999,15.3041],[104.6063,15.3049],[104.613,15.3049],[104.622,15.2886],[104.6382,15.277],[104.6504,15.2657],[104.6472,15.2503],[104.6546,15.2405],[104.6605,15.2387],[104.6629,15.2425],[104.6608,15.2503],[104.6608,15.2564],[104.6741,15.2538],[104.6829,15.2451],[104.6949,15.2229],[104.6938,15.2244],[104.7024,15.2093],[104.7066,15.2049],[104.7114,15.2023],[104.7149,15.198],[104.7161,15.1888]]}},{"type":"Feature","properties":{"scalerank":8,"name":"Shandian"},"geometry":{"type":"LineString","coordinates":[[115.9959,41.5097],[115.9873,41.5236],[115.984,41.5319],[115.9815,41.5438],[115.9824,41.5797],[115.9785,41.5885],[115.9477,41.6149],[115.9283,41.6258],[115.9065,41.6326],[115.8128,41.6497],[115.7798,41.6695],[115.7556,41.7089],[115.7515,41.7288],[115.7524,41.7537],[115.7608,41.775],[115.7796,41.784],[115.7852,41.7847],[115.7906,41.7866],[115.7957,41.7897],[115.8002,41.7936],[115.809,41.8057],[115.8158,41.8199],[115.824,41.8455],[115.8315,41.928],[115.838,41.9489],[115.8547,41.9836],[115.8672,42.045],[115.884,42.0861],[115.8911,42.1277],[115.8723,42.1671],[115.9458,42.251],[115.9815,42.2706],[116.0493,42.29],[116.0772,42.307],[116.0986,42.3143],[116.1158,42.3283],[116.1358,42.3413],[116.146,42.3464],[116.1928,42.3594],[116.2205,42.3619],[116.2593,42.3513],[116.3196,42.3598],[116.3447,42.3594],[116.4252,42.3362],[116.4309,42.3359],[116.4478,42.326],[116.4869,42.3106],[116.5037,42.298],[116.5309,42.2639],[116.56,42.2403],[116.5678,42.2359],[116.6162,42.2359],[116.6407,42.2017],[116.6533,42.1671],[116.6631,42.1465],[116.6663,42.1363],[116.6685,42.1171],[116.6733,42.0983],[116.6743,42.0888],[116.6797,42.0831],[116.7064,42.0736],[116.7153,42.0653],[116.7147,42.0434],[116.7006,42.0212],[116.6641,41.9858],[116.6519,41.9693],[116.6421,41.9352],[116.6333,41.9212],[116.6144,41.9079]]}},{"type":"Feature","properties":{"scalerank":8,"name":"Da"},"geometry":{"type":"LineString","coordinates":[[100.6121,24.7486],[100.6565,24.7156],[100.6692,24.7036],[100.678,24.6981],[100.7022,24.6878],[100.707,24.6828],[100.7207,24.6518],[100.7393,24.6385],[100.7593,24.6297],[100.7755,24.6175],[100.7822,24.5941],[100.7844,24.5891],[100.7891,24.5838],[100.7937,24.5768],[100.7979,24.5514],[100.8028,24.5452],[100.8095,24.5416],[100.8163,24.5351],[100.8247,24.5212],[100.8408,24.4606],[100.8543,24.4542],[100.8838,24.4234],[100.8965,24.4063],[100.9175,24.3493],[100.9231,24.3439],[100.9291,24.3396],[100.9321,24.3299],[100.9341,24.3204],[100.937,24.316],[100.9521,24.3102],[100.9557,24.2971],[100.9541,24.275],[100.9927,24.2391],[101.0097,24.2159],[101.0056,24.1962],[101.0004,24.1863],[101.0022,24.1752],[101.0068,24.1643],[101.0094,24.1553],[101.0141,24.1485],[101.0253,24.1475],[101.0388,24.1476],[101.0503,24.1447],[101.0608,24.1324],[101.0696,24.1132],[101.0755,24.0919],[101.0776,24.0733],[101.0846,24.0554],[101.1167,24.0211],[101.126,24.0075],[101.1327,23.9663],[101.1377,23.9503],[101.1499,23.9361],[101.1572,23.919],[101.155,23.8947],[101.1459,23.8567],[101.1458,23.7889],[101.1497,23.7552],[101.1596,23.7276],[101.1765,23.6962],[101.1867,23.6648],[101.1851,23.632],[101.1664,23.5966],[101.1812,23.5826],[101.2254,23.5743],[101.2346,23.5659],[101.2378,23.5594],[101.252,23.546],[101.2551,23.5386],[101.2529,23.5288],[101.2499,23.5209],[101.2514,23.5142],[101.2626,23.5079],[101.2802,23.4254],[101.2793,23.4117],[101.2825,23.3961],[101.2512,23.2867],[101.2451,23.2745],[101.2449,23.2648],[101.2588,23.2609],[101.2768,23.2591],[101.2906,23.2544],[101.3171,23.2403],[101.3422,23.2327],[101.3491,23.226],[101.3513,23.2093],[101.3427,23.1635],[101.3376,23.151],[101.3397,23.1447],[101.3307,23.1243],[101.3679,23.0881],[101.3821,23.0833],[101.3909,23.0887],[101.427,23.1243],[101.4326,23.1147],[101.4431,23.1099],[101.4674,23.1038],[101.4869,23.0871],[101.498,23.075],[101.513,23.0484],[101.5157,23.0411],[101.5164,23.0363],[101.5157,23.0178],[101.5088,23.0154],[101.4674,22.9865],[101.4773,22.981],[101.4837,22.9754],[101.4954,22.9592],[101.5069,22.9312],[101.509,22.9285],[101.5205,22.9054],[101.5226,22.8941],[101.5505,22.8704],[101.5684,22.8609],[101.5864,22.8544],[101.606,22.8506],[101.629,22.8493],[101.6455,22.8553],[101.657,22.8692],[101.6734,22.8978],[101.7006,22.9159],[101.7316,22.9192],[101.7644,22.9083],[101.7964,22.8841],[101.8196,22.8474],[101.8344,22.83],[101.8547,22.8226],[101.8604,22.8194],[101.8652,22.8124],[101.8716,22.8053],[101.8823,22.8021],[101.895,22.8038],[101.9041,22.8077],[101.9118,22.8123],[101.9199,22.8158],[101.9274,22.8177],[101.9336,22.8183],[101.94,22.8177],[101.9478,22.8158],[101.9614,22.8059],[101.9705,22.8017],[101.9745,22.8052],[101.9804,22.8021],[102.0161,22.7674],[102.0361,22.7356],[102.0523,22.7029],[102.0725,22.6735],[102.1047,22.6513],[102.164,22.6265],[102.1843,22.6234],[102.2265,22.6241],[102.2471,22.6223],[102.2632,22.6166],[102.2765,22.6014],[102.293,22.5683],[102.3075,22.562],[102.3792,22.5756],[102.4018,22.5745],[102.458,22.562],[102.5086,22.5668],[102.5232,22.562],[102.5269,22.5576],[102.537,22.5417],[102.5438,22.5346],[102.5513,22.5311],[102.5606,22.5284],[102.5683,22.5245],[102.5776,22.5073],[102.6449,22.4362],[102.6629,22.4237],[102.7014,22.4144],[102.7372,22.3929],[102.7768,22.3604],[102.8003,22.3309],[102.8176,22.2971],[102.8255,22.2603],[102.8248,22.2526],[102.8233,22.2479],[102.8228,22.2425],[102.8255,22.233],[102.8285,22.2283],[102.8373,22.2192],[102.8455,22.2054],[102.8604,22.2054],[102.8897,22.2125],[102.9084,22.2029],[102.9165,22.1807],[102.9224,22.1557],[102.9347,22.1374],[102.9519,22.1362],[103.0403,22.1477],[103.0667,22.14],[103.0958,22.1222],[103.1401,22.0856],[103.1773,22.088],[103.2644,22.048],[103.2842,22.0543],[103.2809,22.0575],[103.2734,22.0628],[103.2661,22.0692],[103.2631,22.076],[103.2665,22.0816],[103.324,22.1495],[103.3388,22.1579],[103.3609,22.1581],[103.3832,22.15],[103.4001,22.1363],[103.407,22.12],[103.4097,22.0958],[103.4165,22.0814],[103.4412,22.0616],[103.4522,22.0484],[103.4583,22.0313],[103.4609,22.0116],[103.4617,21.9903],[103.4653,21.9855],[103.4739,21.9796],[103.484,21.9745],[103.4927,21.9723],[103.4975,21.9678],[103.544,21.8931],[103.551,21.8767],[103.5552,21.8577],[103.5597,21.813],[103.5647,21.7948],[103.5807,21.77],[103.5859,21.76],[103.5845,21.7595],[103.5854,21.7438],[103.5859,21.7433],[103.5876,21.7399],[103.5961,21.7354],[103.5989,21.7333],[103.6254,21.6895],[103.6426,21.6724],[103.6608,21.6713],[103.6734,21.6656],[103.6763,21.6668],[103.6814,21.6713],[103.7041,21.6614],[103.7495,21.6522],[103.7671,21.6402],[103.8059,21.5816],[103.8117,21.5651],[103.8151,21.5586],[103.8243,21.5535],[103.853,21.547],[103.9004,21.5409],[103.9126,21.5337],[103.9212,21.527],[103.9306,21.5223],[103.9585,21.5175],[103.9677,21.5103],[103.9837,21.4931],[103.9952,21.4986],[104.0034,21.4968],[104.0171,21.4857],[104.0343,21.4634],[104.0377,21.4621],[104.0465,21.4515],[104.0899,21.4385],[104.106,21.4317],[104.1115,21.4256],[104.1327,21.3973],[104.1506,21.3798],[104.1601,21.3643],[104.1618,21.3375],[104.1675,21.3218],[104.178,21.3134],[104.2092,21.2957],[104.2239,21.2723],[104.2774,21.253],[104.2834,21.2462],[104.2909,21.2312],[104.2978,21.2256],[104.364,21.2137],[104.3814,21.2014],[104.4286,21.1436],[104.4413,21.1339],[104.4594,21.13],[104.4723,21.1247],[104.5112,21.0891],[104.5157,21.0814],[104.5144,21.0767],[104.5149,21.0731],[104.5249,21.0686],[104.5317,21.0689],[104.5406,21.0718],[104.5484,21.0756],[104.5515,21.0785],[104.5537,21.0831],[104.5581,21.0807],[104.5626,21.0738],[104.5671,21.0535],[104.5737,21.0482],[104.5825,21.0486],[104.5925,21.0543],[104.6183,21.0357],[104.6539,21.035],[104.688,21.0476],[104.7092,21.0686],[104.728,21.062],[104.7666,21.0533],[104.7813,21.0441],[104.7975,21.0372],[104.8472,21.0366],[104.867,21.0338],[104.8776,21.025],[104.8915,21.0086],[104.9033,20.9903],[104.9133,20.9637],[104.9966,20.877],[105.004,20.8731],[105.0134,20.8603],[105.0864,20.8131],[105.0908,20.8073],[105.0928,20.7943],[105.0886,20.7928],[105.0811,20.783],[105.0768,20.7721],[105.0829,20.7669],[105.0933,20.7657],[105.1167,20.7595],[105.1294,20.7613],[105.1368,20.7654],[105.142,20.77],[105.1475,20.7731],[105.1788,20.7727],[105.1965,20.7746],[105.2129,20.784],[105.2286,20.7967],[105.2442,20.8032],[105.3048,20.8109],[105.3248,20.8176],[105.34,20.8288],[105.3461,20.8455],[105.343,20.8507],[105.3293,20.8604],[105.3262,20.8659],[105.3324,20.9103],[105.3326,20.9564],[105.3296,20.9813],[105.3228,20.9923],[105.3154,20.9998],[105.2906,21.0382],[105.2847,21.0543],[105.2866,21.0755],[105.302,21.1043],[105.3057,21.1266],[105.3005,21.1412],[105.2896,21.1549],[105.2818,21.1707],[105.2847,21.1915],[105.3027,21.2095],[105.3264,21.221],[105.3428,21.2381],[105.3399,21.2734]]}},{"type":"Feature","properties":{"scalerank":8,"name":"Onon"},"geometry":{"type":"LineString","coordinates":[[108.9067,48.8775],[108.9146,48.8828],[108.9324,48.8867],[108.941,48.8912],[108.9497,48.9],[108.9716,48.929],[108.9995,48.9547],[109.0368,48.9782],[109.0792,48.9959],[109.1223,49.0042],[109.1699,48.9974],[109.194,48.9971],[109.2149,49.0079],[109.234,49.0213],[109.3004,49.0451],[109.3314,49.0671],[109.3421,49.073],[109.3829,49.0791],[109.3933,49.0833],[109.4028,49.0887],[109.4243,49.0962],[109.4346,49.1035],[109.4435,49.1135],[109.4791,49.1801],[109.4944,49.2006],[109.5097,49.2096],[109.5876,49.2231],[109.6157,49.2239],[109.6519,49.2172],[109.6636,49.2171],[109.6764,49.2199],[109.7001,49.2288],[109.715,49.2307],[109.7444,49.2274],[109.7681,49.2186],[109.8145,49.1897],[109.8204,49.1877],[109.8362,49.1848],[109.8417,49.1822],[109.8447,49.1788],[109.8461,49.1728],[109.8759,49.1307],[109.8803,49.1207],[109.8994,49.1021],[109.9038,49.0966],[109.9063,49.0952],[109.9165,49.0649],[109.9175,49.0588],[109.9892,49.0178],[110.0478,48.9632],[110.0715,48.9282],[110.0855,48.9138],[110.1063,48.9079],[110.1236,48.9006],[110.1372,48.8832],[110.193,48.7811],[110.2083,48.7713],[110.2183,48.7682],[110.2325,48.7541],[110.2424,48.7509],[110.2537,48.7496],[110.2774,48.7419],[110.2874,48.7373],[110.3213,48.7123],[110.3421,48.7022],[110.3594,48.7062],[110.4519,48.682],[110.5513,48.6758],[110.5733,48.6703],[110.6306,48.6274],[110.6725,48.607],[110.6929,48.6019],[110.7153,48.6001],[110.8821,48.6063],[110.9118,48.6016],[110.9248,48.5898],[110.9331,48.5731],[110.9531,48.5659],[110.9778,48.5664],[111,48.5721],[111.0183,48.5856],[111.0518,48.6203],[111.0723,48.6274],[111.0945,48.6319],[111.1147,48.643],[111.1508,48.669],[111.1939,48.686],[111.3425,48.7025],[111.3632,48.7098],[111.4089,48.7324],[111.4287,48.7373],[111.4409,48.7384],[111.4695,48.7447],[111.4727,48.7467],[111.4747,48.7512],[111.4776,48.7557],[111.4834,48.7578],[111.4912,48.7562],[111.506,48.7506],[111.5144,48.7509],[111.5259,48.756],[111.5333,48.763],[111.5396,48.7708],[111.5479,48.7788],[111.5774,48.801],[111.5821,48.8089],[111.5872,48.8152],[111.6113,48.8192],[111.6204,48.8226],[111.626,48.8258],[111.6331,48.8266],[111.648,48.826],[111.6519,48.8287],[111.6541,48.8351],[111.6555,48.8422],[111.6578,48.8471],[111.6668,48.8575],[111.6858,48.888],[111.6951,48.8943],[111.7195,48.9046],[111.7299,48.9116],[111.7751,48.9576],[111.7882,48.9768],[111.8051,49.0106],[111.8189,49.0257],[111.8493,49.0352],[111.8531,49.0429],[111.855,49.0528],[111.8599,49.0625],[111.8645,49.0745],[111.8579,49.0831],[111.848,49.0891],[111.8428,49.0935],[111.8521,49.1195],[111.8765,49.1199],[111.9054,49.1131],[111.9282,49.1175],[111.9746,49.1554],[112.0339,49.2222],[112.0415,49.2338],[112.0294,49.2606],[112.0313,49.2648],[112.0415,49.2674],[112.1196,49.3072],[112.2333,49.3878],[112.2886,49.4125],[112.3413,49.4532],[112.3766,49.4703],[112.4236,49.4865],[112.5043,49.4954],[112.5222,49.5054],[112.5559,49.5323],[112.5759,49.5394],[112.5849,49.544],[112.59,49.5522],[112.5894,49.5648],[112.582,49.5722],[112.5737,49.5792],[112.5698,49.59],[112.5737,49.6103],[112.5838,49.6301],[112.5971,49.6477],[112.6106,49.6614],[112.6463,49.6854],[112.6701,49.6977],[112.6891,49.7031],[112.7029,49.7105],[112.7532,49.7779],[112.7642,49.7982],[112.7716,49.82],[112.7744,49.8439],[112.7808,49.8682],[112.7968,49.8879],[112.8372,49.9227],[112.8501,49.9399],[112.8694,49.9776],[112.8813,49.9945],[112.8985,50.0097],[112.9973,50.0672],[113.0144,50.0811],[113.0215,50.0975],[113.0255,50.1202],[113.0361,50.1429],[113.0513,50.1626],[113.0693,50.176],[113.1342,50.1993],[113.2564,50.2885],[113.274,50.3046],[113.2817,50.3237],[113.2871,50.3446],[113.287,50.3564],[113.2784,50.3616],[113.2776,50.3662],[113.3027,50.3951],[113.3069,50.4049],[113.3072,50.4114],[113.3088,50.4168],[113.3169,50.423],[113.3311,50.428],[113.3432,50.4274],[113.3557,50.4247],[113.3713,50.423],[113.813,50.4366],[113.8379,50.442],[113.8531,50.4547],[113.8666,50.4705],[113.8855,50.4851],[113.9097,50.4914],[114.4229,50.4981],[114.501,50.4896],[114.5298,50.4907],[114.6039,50.5067],[114.6213,50.5155],[114.6401,50.5297],[114.662,50.5405],[114.6866,50.5464],[114.7135,50.546],[114.7255,50.543],[114.7428,50.5352],[114.7551,50.5316],[114.8135,50.5255],[114.865,50.5257],[114.955,50.5391],[114.9674,50.5391],[115.0049,50.5325],[115.0191,50.5316],[115.043,50.5361],[115.0759,50.5579],[115.0984,50.5664],[115.4524,50.61],[115.5025,50.6005],[115.546,50.5811],[115.572,50.5784],[115.5952,50.5906],[115.6134,50.6041],[115.6582,50.6297],[115.6738,50.649],[115.6758,50.6554],[115.6784,50.6697],[115.6806,50.6763],[115.6742,50.6881],[115.6773,50.7042],[115.6841,50.7218],[115.688,50.7383],[115.6848,50.7553],[115.6792,50.7733],[115.678,50.7893],[115.688,50.7998],[115.6655,50.8352],[115.6017,50.9744],[115.5996,50.9938],[115.6065,51.0113],[115.6546,51.0593],[115.6712,51.0706],[115.6936,51.0803],[115.7257,51.0889],[115.735,51.094],[115.7569,51.1181],[115.7659,51.1214],[115.8047,51.1284],[115.814,51.1319],[115.8215,51.1404],[115.8376,51.1697],[115.848,51.1783],[115.8693,51.1853],[115.8792,51.1902],[115.8862,51.1984],[115.8974,51.2201],[115.9031,51.2283],[115.928,51.2557],[115.9387,51.2708],[115.9475,51.2864],[115.9575,51.3131],[115.9617,51.3205],[115.9698,51.3284],[115.9915,51.345],[115.9959,51.3513],[116.0068,51.35],[116.0317,51.3613],[116.0574,51.3769],[116.0715,51.3889],[116.0838,51.4227],[116.0851,51.4304],[116.0796,51.4403],[116.0613,51.4525],[116.0455,51.4853],[116.0192,51.4926],[115.9915,51.4952],[115.9754,51.5055],[116.001,51.5323],[116.0056,51.5473],[115.9785,51.5539],[115.9666,51.5517],[115.9438,51.5419],[115.9307,51.5396],[115.9174,51.5416],[115.8918,51.5508],[115.8792,51.5539],[115.8507,51.5537],[115.8394,51.5567],[115.8315,51.567],[115.8338,51.5747],[115.8414,51.5834],[115.8464,51.5934],[115.8411,51.6048],[115.8242,51.6149],[115.8059,51.6233],[115.7925,51.6353],[115.7898,51.6563],[115.792,51.6577],[115.8028,51.6681],[115.8105,51.6729],[115.8106,51.6782],[115.8096,51.6846],[115.8102,51.6899],[115.8193,51.7093],[115.8237,51.7165],[115.8315,51.7252]]}},{"type":"Feature","properties":{"scalerank":8,"name":"Mana"},"geometry":{"type":"LineString","coordinates":[[95.5073,54.3464],[95.5112,54.3719],[95.5185,54.3833]]}},{"type":"Feature","properties":{"scalerank":8,"name":"Ca"},"geometry":{"type":"LineString","coordinates":[[103.8323,19.8998],[103.8385,19.8702],[103.855,19.8554],[103.9004,19.8341],[103.9086,19.8257],[103.9284,19.7936],[103.9385,19.7877],[103.9522,19.7826],[103.9643,19.7753],[103.9693,19.7626],[103.9722,19.7461],[103.98,19.7322],[103.9917,19.7209],[104.0066,19.7117],[104.0304,19.7022],[104.1001,19.6872],[104.1578,19.6879],[104.2686,19.7166],[104.3274,19.7184],[104.3291,19.7055],[104.3386,19.6848],[104.3418,19.6736],[104.3379,19.6568],[104.3168,19.6285],[104.315,19.6127],[104.3281,19.5983],[104.3506,19.5915],[104.4551,19.576],[104.4834,19.5675],[104.5122,19.5536],[104.5442,19.5298],[104.5562,19.5235],[104.5825,19.5174],[104.5952,19.5126],[104.605,19.5034],[104.6072,19.4803],[104.5925,19.458],[104.5515,19.4232],[104.5167,19.406],[104.5112,19.3998],[104.5089,19.3891],[104.5032,19.3791],[104.4781,19.346],[104.4695,19.3427],[104.4526,19.3418],[104.438,19.3375],[104.4212,19.3185],[104.4076,19.3139],[104.4124,19.2986],[104.4194,19.2853],[104.4299,19.2759],[104.4454,19.2723],[104.457,19.2681],[104.4893,19.2498],[104.5005,19.2456],[104.5123,19.243],[104.5515,19.2252],[104.567,19.221],[104.5993,19.2177],[104.6577,19.2047],[104.6675,19.1971],[104.6725,19.1638],[104.6778,19.1563],[104.7092,19.15],[104.7134,19.1452],[104.7195,19.132],[104.723,19.1283],[104.7363,19.1265],[104.7455,19.1291],[104.7537,19.128],[104.7644,19.1153],[104.7809,19.1158],[104.8543,19.0608],[104.8726,19.0506],[104.9075,19.0432],[104.9384,19.0291],[104.9529,19.0259],[104.9683,19.0247],[104.9736,19.0234],[104.9778,19.0216],[104.9853,19.0128],[104.9874,19.0012],[104.9913,18.9888],[105.004,18.9775],[105.0241,18.9891],[105.0466,18.9766],[105.065,18.9527],[105.073,18.9303],[105.0792,18.9303],[105.0857,18.9497],[105.0986,18.9545],[105.1138,18.9472],[105.1275,18.9303],[105.1338,18.9303],[105.1372,18.936],[105.1442,18.9448],[105.1475,18.9508],[105.1675,18.9423],[105.23,18.9303],[105.2573,18.9166],[105.2673,18.9162],[105.2769,18.9179],[105.2867,18.9156],[105.2984,18.9029],[105.2868,18.9044],[105.2769,18.9029],[105.2691,18.8981],[105.2642,18.8894],[105.2765,18.887],[105.2847,18.883],[105.2895,18.8753],[105.2915,18.862],[105.2846,18.8573],[105.2799,18.8531],[105.2778,18.8483],[105.28,18.8426],[105.2844,18.8389],[105.2891,18.8365],[105.2915,18.8341],[105.2892,18.8179],[105.287,18.8093],[105.2847,18.8074],[105.2901,18.8022],[105.302,18.7962],[105.3057,18.7931],[105.3081,18.7925],[105.3167,18.7936],[105.3193,18.7931],[105.3201,18.7902],[105.3189,18.7824],[105.3193,18.7795],[105.3215,18.7748],[105.3262,18.759],[105.3323,18.7544],[105.3692,18.7324],[105.4033,18.694],[105.412,18.6867],[105.4219,18.6833],[105.4334,18.687],[105.4443,18.6946],[105.4542,18.6983],[105.4634,18.6901],[105.4702,18.6901],[105.4895,18.7036],[105.5081,18.6863],[105.5317,18.6423],[105.5694,18.6219],[105.5758,18.6209],[105.5891,18.6166],[105.6079,18.6133],[105.6108,18.6075],[105.6109,18.6004],[105.6143,18.5939],[105.6392,18.5768],[105.6616,18.5701],[105.6807,18.5772],[105.6956,18.6013],[105.693,18.6008],[105.6905,18.607],[105.6887,18.6154],[105.6887,18.6219],[105.693,18.6258],[105.7,18.6274],[105.7064,18.6304],[105.7091,18.6389],[105.7144,18.6477],[105.7266,18.6545],[105.7507,18.6628]]}},{"type":"Feature","properties":{"scalerank":8,"name":"Nakdong"},"geometry":{"type":"LineString","coordinates":[[129.0568,37.042],[129.0671,37.0293],[129.0851,36.994],[129.0942,36.9868],[129.0986,36.9793],[129.0894,36.9628],[129.0759,36.9464],[129.0673,36.939],[129.0426,36.9404],[129.0366,36.939],[129.0247,36.9327],[129.02,36.928],[129.0263,36.9259],[129.0268,36.9183],[129.0213,36.9014],[129.0113,36.8846],[128.9986,36.8769],[128.9837,36.8753],[128.9434,36.8633],[128.9238,36.8537],[128.9151,36.8482],[128.908,36.8421],[128.9026,36.8358],[128.8993,36.8291],[128.8984,36.8129],[128.9058,36.7806],[128.9062,36.7676],[128.8993,36.7591],[128.8904,36.755],[128.8877,36.7486],[128.8993,36.7335],[128.8889,36.7294],[128.8782,36.7274],[128.8547,36.7267],[128.8476,36.7227],[128.8466,36.7139],[128.8506,36.7046],[128.8584,36.6993],[128.8584,36.6926],[128.8324,36.6905],[128.8351,36.6722],[128.8497,36.6478],[128.8584,36.6274],[128.8652,36.6031],[128.8746,36.5856],[128.8709,36.5761],[128.8379,36.5759],[128.8033,36.5829],[128.7091,36.5835],[128.6484,36.5977],[128.6276,36.5963],[128.6069,36.5904],[128.5991,36.5902],[128.5806,36.5941],[128.5734,36.5929],[128.5669,36.5877],[128.5564,36.5722],[128.5508,36.5665],[128.5392,36.5626],[128.5278,36.5631],[128.5053,36.5672],[128.4946,36.5657],[128.4747,36.5587],[128.4643,36.5571],[128.4531,36.5496],[128.4026,36.5042],[128.3858,36.5104],[128.356,36.5328],[128.3214,36.5537],[128.2892,36.5554],[128.2774,36.5438],[128.2699,36.5257],[128.2618,36.4871],[128.253,36.4667],[128.2515,36.4566],[128.263,36.4494],[128.2585,36.4428],[128.2499,36.4361],[128.2415,36.4325],[128.2551,36.4149],[128.2743,36.408],[128.2949,36.4039],[128.3135,36.3943],[128.3165,36.3783],[128.2942,36.3369],[128.2966,36.3152],[128.3027,36.3118],[128.3243,36.3046],[128.3307,36.3015],[128.3369,36.2897],[128.3399,36.275],[128.341,36.2571],[128.3523,36.2423],[128.3732,36.1988],[128.3816,36.1752],[128.3853,36.1445],[128.3972,36.1168],[128.407,36.0474],[128.3991,35.949],[128.4099,35.9157],[128.4093,35.908],[128.4043,35.9005],[128.4005,35.8907],[128.3985,35.8802],[128.3991,35.8701],[128.4048,35.8539],[128.4145,35.8459],[128.4293,35.8431],[128.4506,35.8428],[128.4667,35.8375],[128.4825,35.8258],[128.4876,35.814],[128.4711,35.8087],[128.4366,35.8013],[128.4121,35.7828],[128.4042,35.7581],[128.4195,35.7324],[128.4435,35.7122],[128.4514,35.6984],[128.437,35.692],[128.3748,35.6995],[128.3648,35.6954],[128.3704,35.6785],[128.3966,35.6602],[128.4059,35.6436],[128.4041,35.6252],[128.3925,35.6146],[128.3774,35.6065],[128.3648,35.5958],[128.3693,35.5792],[128.367,35.5539],[128.3677,35.5308],[128.4089,35.502],[128.4263,35.4863],[128.4304,35.4804],[128.4282,35.4749],[128.4195,35.4661],[128.4105,35.4609],[128.3994,35.4573],[128.3901,35.4527],[128.3853,35.4444],[128.3878,35.4313],[128.3964,35.4243],[128.4068,35.4198],[128.4161,35.4143],[128.448,35.3854],[128.466,35.3775],[128.4884,35.3767],[128.4978,35.3798],[128.516,35.389],[128.5288,35.3903],[128.5396,35.3878],[128.5552,35.3787],[128.5667,35.3767],[128.5768,35.3779],[128.5962,35.3829],[128.6075,35.3841],[128.657,35.3812],[128.6675,35.3819],[128.6866,35.3872],[128.6978,35.3881],[128.71,35.3854],[128.7263,35.3759],[128.7359,35.3738],[128.7421,35.3708],[128.7605,35.3576],[128.7703,35.3546],[128.7823,35.3556],[128.7938,35.3584],[128.8145,35.3676],[128.8504,35.3913],[128.8563,35.3986],[128.8624,35.403],[128.8767,35.3963],[128.9006,35.3812],[128.9263,35.3762],[128.9473,35.3638],[128.9978,35.315],[129.017,35.2906],[129.0256,35.2632],[129.0094,35.2306],[129.0105,35.2177],[129.0092,35.2116],[129.004,35.2051],[128.9928,35.1959],[128.9888,35.1911],[128.9815,35.1773],[128.977,35.166],[128.9773,35.1545],[128.9819,35.1365]]}},{"type":"Feature","properties":{"scalerank":8,"name":"Kondoma"},"geometry":{"type":"LineString","coordinates":[[88.2493,52.4394],[88.2222,52.4274],[88.1961,52.435],[88.1738,52.4551],[88.1598,52.481],[88.166,52.4878],[88.1809,52.5152],[88.1453,52.5229],[88.1172,52.5488],[88.1055,52.5819],[88.1189,52.6114],[88.0996,52.6208],[88.0942,52.6348],[88.0984,52.6694],[88.0942,52.6871],[88.0836,52.6981],[88.0574,52.7137],[88.0392,52.7268],[88.0369,52.7308],[88.0343,52.7408],[88.0281,52.7452],[88.02,52.7476],[87.9543,52.7895],[87.9047,52.7763],[87.7969,52.7652],[87.7495,52.7485],[87.7398,52.7408],[87.7346,52.734],[87.728,52.7274],[87.7141,52.7213],[87.7026,52.7193],[87.6681,52.7217],[87.6589,52.7262],[87.6533,52.7274],[87.6537,52.7254],[87.6498,52.7209],[87.6442,52.7163],[87.6397,52.7137],[87.5845,52.7069],[87.5845,52.7007],[87.6001,52.6892],[87.5906,52.6854],[87.5569,52.6837],[87.5283,52.6708],[87.5127,52.6673],[87.492,52.666],[87.4848,52.6668],[87.4767,52.6689],[87.4697,52.6722],[87.4644,52.6765],[87.4561,52.6809],[87.4483,52.679],[87.4426,52.675],[87.4404,52.6728],[87.4156,52.6719],[87.4131,52.6772],[87.4199,52.6933],[87.4067,52.6912],[87.3816,52.7009],[87.3648,52.7007],[87.3711,52.7074],[87.3757,52.7149],[87.3784,52.7237],[87.3784,52.7342],[87.3677,52.7298],[87.3575,52.7313],[87.3494,52.7379],[87.3442,52.7485],[87.3579,52.7485],[87.3533,52.7611],[87.344,52.7675],[87.3154,52.7776],[87.3088,52.7761],[87.3048,52.7768],[87.3019,52.7933],[87.2983,52.7954],[87.2939,52.7971],[87.2896,52.8032],[87.2881,52.8123],[87.289,52.8199],[87.2883,52.8275],[87.2822,52.8373],[87.2763,52.8415],[87.2644,52.8441],[87.2592,52.8475],[87.2545,52.8562],[87.2579,52.8605],[87.2644,52.8626],[87.2686,52.8646],[87.2753,52.8694],[87.2856,52.8748],[87.2926,52.8838],[87.2896,52.8994],[87.2486,52.9192],[87.231,52.9327],[87.2212,52.9375],[87.2084,52.9403],[87.1964,52.9377],[87.1886,52.9317],[87.1802,52.93],[87.1668,52.9403],[87.186,52.9466],[87.1939,52.9466],[87.1939,52.954],[87.1741,52.9572],[87.1121,52.9602],[87.0952,52.9649],[87.0815,52.9739],[87.0797,52.9847],[87.0986,52.9949],[87.0986,53.0012],[87.086,53.012],[87.0906,53.0213],[87.1152,53.0393],[87.1161,53.0457],[87.1132,53.0537],[87.1121,53.0623],[87.1183,53.07],[87.128,53.072],[87.1378,53.0687],[87.1465,53.0628],[87.1524,53.0563],[87.1632,53.0623],[87.1729,53.07],[87.1679,53.073],[87.158,53.0808],[87.1524,53.0837],[87.1751,53.0959],[87.1811,53.109],[87.1729,53.1231],[87.1524,53.1383],[87.1679,53.1474],[87.1949,53.1555],[87.2084,53.1662],[87.1929,53.177],[87.1871,53.1799],[87.2154,53.1856],[87.2461,53.1998],[87.2647,53.2178],[87.2561,53.2352],[87.2695,53.246],[87.2725,53.2574],[87.2686,53.2861],[87.2587,53.2903],[87.1905,53.2891],[87.1748,53.2928],[87.1656,53.3016],[87.1631,53.313],[87.1668,53.3239],[87.1791,53.3337],[87.1943,53.3364],[87.2096,53.3362],[87.2214,53.3376],[87.2456,53.3514],[87.2626,53.3719],[87.2727,53.3985],[87.2759,53.4304],[87.2867,53.439],[87.3067,53.4435],[87.3164,53.4492],[87.2964,53.461],[87.2765,53.4655],[87.2609,53.4659],[87.2478,53.4708],[87.235,53.4883],[87.2686,53.5163],[87.2549,53.55],[87.2582,53.5616],[87.2759,53.5772],[87.3034,53.5918],[87.3111,53.5993],[87.3101,53.6113],[87.2986,53.6221],[87.1905,53.6695],[87.1809,53.6802],[87.19,53.6824],[87.199,53.6865],[87.2056,53.6917],[87.2136,53.7076],[87.2371,53.7088],[87.2424,53.7177],[87.2322,53.7295],[87.2126,53.741],[87.2012,53.7519],[87.2147,53.7621]]}},{"type":"Feature","properties":{"scalerank":8,"name":"Daling"},"geometry":{"type":"LineString","coordinates":[[118.9789,41.1341],[119.0332,41.1496],[119.166,41.1575],[119.1772,41.1551],[119.1889,41.1509],[119.2005,41.1492],[119.211,41.1538],[119.2188,41.1637],[119.2273,41.1833],[119.2349,41.1917],[119.2403,41.1937],[119.2555,41.1956],[119.2622,41.1978],[119.266,41.201],[119.2747,41.2103],[119.2759,41.2121],[119.3176,41.2172],[119.3442,41.2307],[119.3692,41.2342],[119.3945,41.2322],[119.4131,41.2252],[119.4179,41.218],[119.4229,41.1983],[119.4268,41.1917],[119.4351,41.1869],[119.4451,41.1848],[119.4829,41.1831],[119.4941,41.1805],[119.5044,41.1783],[119.5157,41.1774],[119.5296,41.1743],[119.539,41.1667],[119.5471,41.1577],[119.5571,41.15],[119.5904,41.1411],[119.61,41.1384],[119.6212,41.1398],[119.6309,41.146],[119.6627,41.161],[119.6725,41.1637],[119.685,41.1578],[119.7037,41.1347],[119.7178,41.1296],[119.7324,41.1274],[119.7628,41.1175],[119.7793,41.1153],[119.7915,41.1214],[119.824,41.1575],[119.8505,41.1734],[119.8613,41.1827],[119.8657,41.1948],[119.8711,41.2047],[119.8845,41.2118],[119.9004,41.218],[119.9133,41.2252],[119.9148,41.2315],[119.9126,41.2493],[119.9168,41.2531],[119.9249,41.2545],[119.9332,41.258],[119.9474,41.2667],[119.94,41.2813],[119.9428,41.2939],[119.9514,41.305],[119.9943,41.3429],[119.999,41.3481],[120.0777,41.3948],[120.0916,41.4071],[120.1079,41.4125],[120.2075,41.4306],[120.2692,41.4269],[120.2989,41.4317],[120.2969,41.4517],[120.3372,41.4686],[120.377,41.4923],[120.4127,41.5192],[120.4409,41.5457],[120.4449,41.5474],[120.4561,41.5483],[120.4614,41.5519],[120.4624,41.5562],[120.4607,41.5677],[120.4614,41.5723],[120.469,41.5939],[120.4746,41.6029],[120.4854,41.6065],[120.5051,41.6098],[120.5484,41.6243],[120.5713,41.6276],[120.6464,41.6066],[120.6641,41.6102],[120.6703,41.6159],[120.691,41.6307],[120.715,41.655],[120.7227,41.6612],[120.8545,41.7363],[120.8784,41.7457],[120.8989,41.7496],[120.9468,41.7499],[120.9756,41.7441],[120.985,41.7286],[120.9885,41.7066],[120.9986,41.681],[121.0142,41.6613],[121.0562,41.623],[121.0623,41.6132],[121.0647,41.6057],[121.0699,41.6009],[121.0839,41.5991],[121.0987,41.5953],[121.0995,41.5862],[121.0951,41.5748],[121.0942,41.5643],[121.11,41.544],[121.1254,41.5487],[121.1421,41.5603],[121.1625,41.5612],[121.1752,41.5589],[121.204,41.5591],[121.2144,41.5544],[121.2232,41.5482],[121.2477,41.5401],[121.2833,41.5335],[121.3543,41.5308],[121.3662,41.5287],[121.3858,41.5193],[121.3921,41.5172],[121.395,41.5123],[121.4182,41.4919],[121.4225,41.4892],[121.4314,41.468],[121.4325,41.4466],[121.4263,41.4268],[121.4126,41.4104],[121.4031,41.3931],[121.3967,41.3447],[121.3884,41.3248],[121.3726,41.3129],[121.3547,41.3038],[121.3399,41.2906],[121.3338,41.2664],[121.3359,41.2406],[121.3427,41.2232],[121.3535,41.2095],[121.3679,41.195],[121.4026,41.1354],[121.4452,41.1146],[121.4825,41.1081],[121.4952,41.1035],[121.5051,41.0982],[121.6006,41.0103],[121.606,41.0017],[121.6115,40.979],[121.6197,40.9731],[121.6292,40.9693],[121.6359,40.9616],[121.6349,40.9326],[121.6163,40.9003],[121.5886,40.8696],[121.565,40.8487]]}},{"type":"Feature","properties":{"scalerank":8,"name":"Zuo"},"geometry":{"type":"LineString","coordinates":[[105.9022,22.9331],[105.9819,22.7933],[106.0139,22.7588],[106.0322,22.7488],[106.1104,22.7264],[106.1393,22.7225],[106.148,22.7205],[106.1568,22.717],[106.1669,22.7117],[106.1784,22.7039],[106.1808,22.7],[106.1829,22.6892],[106.1871,22.6846],[106.1921,22.6841],[106.1974,22.687],[106.2018,22.6903],[106.2051,22.6914],[106.2299,22.6812],[106.2906,22.6472],[106.3074,22.6351],[106.3316,22.607],[106.3748,22.584],[106.3993,22.5572],[106.4091,22.5523],[106.4163,22.5548],[106.428,22.5693],[106.4382,22.5716],[106.4478,22.5682],[106.5074,22.5316],[106.5595,22.4863],[106.6262,22.4526],[106.7256,22.3807],[106.939,22.3205],[106.9618,22.3245],[106.9841,22.3419],[106.9978,22.3631],[107.0029,22.3688],[107.0156,22.3778],[107.019,22.3763],[107.0191,22.371],[107.022,22.3685],[107.0366,22.3734],[107.0445,22.3806],[107.052,22.39],[107.0641,22.4012],[107.0811,22.4096],[107.1021,22.4144],[107.1228,22.4142],[107.1382,22.4078],[107.1446,22.3998],[107.1469,22.3919],[107.1476,22.3847],[107.1497,22.3785],[107.1557,22.3674],[107.1559,22.3651],[107.1582,22.3658],[107.1701,22.3639],[107.2131,22.3514],[107.2316,22.3497],[107.2465,22.3553],[107.2525,22.3643],[107.254,22.3732],[107.2587,22.3815],[107.3208,22.4124],[107.3218,22.4139],[107.337,22.4256],[107.3379,22.4248],[107.3526,22.4436],[107.356,22.4549],[107.3589,22.4599],[107.3754,22.4662],[107.3803,22.4689],[107.4174,22.5143],[107.4347,22.5271],[107.4465,22.5226],[107.4927,22.4951],[107.5127,22.488],[107.5136,22.4991],[107.5209,22.5103],[107.5313,22.52],[107.5564,22.5349],[107.5654,22.5423],[107.5715,22.5511],[107.5776,22.564],[107.5859,22.5956],[107.5913,22.6096],[107.6021,22.6187],[107.6115,22.6245],[107.613,22.6301],[107.6122,22.6358],[107.6152,22.6422],[107.621,22.6475],[107.6399,22.6596],[107.672,22.6679],[107.7035,22.6622],[107.7349,22.6519],[107.7808,22.6441],[107.804,22.6346],[107.8208,22.6344],[107.854,22.644],[107.8699,22.6463],[107.8831,22.6411],[107.8894,22.6599],[107.901,22.6738],[107.9327,22.6957],[107.9346,22.6988],[107.9373,22.7091],[107.9391,22.713],[107.9439,22.7152],[107.9533,22.7108],[107.9575,22.7127],[107.9617,22.7206],[107.9636,22.7286],[107.9649,22.7377],[107.9726,22.7528],[107.9751,22.7567],[107.9839,22.7622],[108.0015,22.7625],[108.0103,22.7676],[108.0203,22.7867],[108.021,22.8048],[108.0243,22.8213],[108.0426,22.8358],[108.0272,22.8402],[108.0421,22.8556],[108.0571,22.85],[108.0737,22.8382],[108.0938,22.8353],[108.0923,22.8443]]}},{"type":"Feature","properties":{"scalerank":8,"name":"Duliu"},"geometry":{"type":"LineString","coordinates":[[109.4592,25.6507],[109.4399,25.6813],[109.4137,25.7023],[109.4015,25.7069],[109.3325,25.7174],[109.2763,25.7171],[109.1956,25.7058],[109.1633,25.7065],[109.1519,25.7188],[109.1563,25.7469],[109.1499,25.7638],[109.1319,25.7728],[109.0551,25.785],[109.0341,25.7833],[109.012,25.7718],[108.9736,25.7315],[108.9521,25.7147],[108.9249,25.709],[108.8985,25.7211],[108.8873,25.7459],[108.8796,25.7736],[108.8643,25.795],[108.8517,25.8002],[108.8448,25.7974],[108.839,25.7908],[108.8296,25.7848],[108.775,25.7696],[108.746,25.7499],[108.7356,25.7447],[108.7247,25.743],[108.7109,25.7445],[108.691,25.7523],[108.6848,25.7636],[108.6826,25.778],[108.6755,25.795],[108.6669,25.8025],[108.6558,25.8067],[108.6321,25.8112],[108.6069,25.8318],[108.5982,25.8373],[108.561,25.8475],[108.5501,25.855],[108.542,25.8666],[108.5279,25.8938],[108.5175,25.9022],[108.5,25.9026],[108.4826,25.8943],[108.4659,25.8836],[108.4496,25.8767],[108.4418,25.8767],[108.4265,25.8801],[108.4199,25.8803],[108.4132,25.8777],[108.4023,25.8689],[108.3967,25.8668],[108.3837,25.8679],[108.3429,25.8794],[108.3136,25.877],[108.2332,25.8443],[108.2048,25.8403],[108.1751,25.8408],[108.1173,25.8509],[108.0933,25.8675],[108.084,25.8957],[108.0756,25.9594],[108.0684,25.9746],[108.0606,25.9779],[108.0498,25.9763],[108.0333,25.9768],[108.0256,25.9793],[108.0054,25.9914],[108.0012,25.9935],[107.9966,25.9951],[107.9916,25.996],[107.9859,25.996],[107.9322,25.9837],[107.9138,25.9833],[107.9028,25.9859],[107.8959,25.9885],[107.888,25.9893],[107.8741,25.9869],[107.8149,25.9654],[107.7846,25.9452],[107.7778,25.9246],[107.7808,25.8992],[107.7796,25.8649],[107.7646,25.8292],[107.7356,25.79],[107.6992,25.7602],[107.6621,25.7531],[107.6475,25.7611],[107.6091,25.7929],[107.598,25.806]]}},{"type":"Feature","properties":{"scalerank":8,"name":"Erdao"},"geometry":{"type":"LineString","coordinates":[[128.1111,42.1707],[128.1074,42.1857],[128.0891,42.2325],[128.0803,42.2464],[128.0766,42.2543],[128.0757,42.2658],[128.0769,42.2878],[128.0559,42.3184],[128.0715,42.3365],[128.0869,42.3601],[128.0989,42.3861],[128.1129,42.4651],[128.1249,42.4915],[128.1421,42.5028],[128.165,42.5115],[128.1798,42.5325],[128.1837,42.5577],[128.1733,42.5792],[128.1445,42.5926],[128.1177,42.5877],[128.091,42.5766],[128.0634,42.5717],[128.0795,42.6066],[128.0857,42.627],[128.0803,42.644],[128.067,42.6446],[128.0264,42.6253],[128.0115,42.6201],[128.0015,42.6226],[127.9968,42.6284],[127.9933,42.6351],[127.9876,42.6406],[127.979,42.6432],[127.9541,42.6474],[127.9307,42.6634],[127.9199,42.6679],[127.9092,42.668],[127.8989,42.6652],[127.8887,42.6638],[127.8783,42.6679],[127.8835,42.6735],[127.8867,42.6787],[127.8889,42.6837],[127.892,42.6884],[127.8716,42.6907],[127.8572,42.7004],[127.8464,42.7143],[127.8374,42.7294],[127.8468,42.7285],[127.8557,42.7259],[127.8638,42.722],[127.8715,42.7163],[127.8672,42.731],[127.8593,42.7442],[127.8481,42.7536],[127.834,42.7573],[127.835,42.7633],[127.8243,42.7768],[127.8024,42.7983],[127.7832,42.8123],[127.7703,42.817],[127.7515,42.8187],[127.7334,42.8184],[127.7166,42.8155],[127.7075,42.8072],[127.7138,42.7908],[127.698,42.7787],[127.6616,42.7607],[127.6455,42.7498],[127.6056,42.7029],[127.5357,42.6406],[127.4913,42.6324],[127.4745,42.6242],[127.4805,42.6065],[127.4716,42.6021],[127.4221,42.5618],[127.405,42.5603],[127.3761,42.5675]]}},{"type":"Feature","properties":{"scalerank":8,"name":"Nanweng"},"geometry":{"type":"LineString","coordinates":[[124.6399,51.3106],[124.6513,51.3062],[124.8626,51.3093],[124.9177,51.3007],[124.9946,51.276],[125.0206,51.2728],[125.0463,51.2757],[125.11,51.3007],[125.1365,51.3051],[125.2158,51.3007],[125.2415,51.295],[125.2526,51.2808],[125.2599,51.2626],[125.2739,51.2448],[125.2932,51.2419],[125.3233,51.2429],[125.3511,51.2407],[125.3633,51.2283],[125.3718,51.2133],[125.3918,51.2021],[125.4321,51.1902],[125.4838,51.187],[125.5054,51.1796],[125.5176,51.149],[125.5259,51.1456],[125.5361,51.1438],[125.5454,51.1387],[125.5574,51.1339],[125.564,51.145],[125.5693,51.1697],[125.5884,51.1781],[125.6111,51.1794],[125.6513,51.1759],[125.6618,51.1782],[125.677,51.1879],[125.6891,51.1902],[125.7276,51.1853],[125.74,51.1862],[125.7993,51.2099],[125.8189,51.2136],[125.8433,51.2061],[125.8511,51.1881],[125.8557,51.1655],[125.8704,51.1446],[125.8882,51.139],[125.9116,51.1346],[125.9282,51.1265],[125.9251,51.1099],[125.9566,51.1114],[125.9659,51.1099],[125.9806,51.1057],[125.9841,51.1041],[125.982,51.0996],[125.9802,51.0863],[125.9888,51.0703],[126.0264,51.0511],[126.0349,51.0385],[126.0358,51.0292],[126.0405,51.0187]]}},{"type":"Feature","properties":{"scalerank":8,"name":"Amgun’"},"geometry":{"type":"LineString","coordinates":[[134.3311,51.2073],[134.3408,51.1917],[134.3456,51.1717],[134.3459,51.1514],[134.3413,51.135],[134.3264,51.1147],[134.3067,51.0999],[134.2837,51.0908],[134.2329,51.0841],[134.2163,51.0738],[134.1905,51.0394],[134.1738,51.0235],[134.1362,51.0025],[134.1183,50.9879],[134.109,50.9825],[134.0873,50.9796],[134.0779,50.9745],[134.0471,50.9432],[134.0307,50.9324],[133.9908,50.9171],[133.9749,50.906],[133.9656,50.9025],[133.9531,50.9024],[133.9419,50.9007],[133.9373,50.8923],[133.9358,50.8822],[133.9236,50.8476],[133.9013,50.8151],[133.8696,50.7959],[133.6918,50.739],[133.6499,50.7098],[133.6282,50.6694],[133.6255,50.6556],[133.6251,50.6496],[133.6358,50.6353],[133.6763,50.5978],[133.692,50.5708],[133.7147,50.571],[133.74,50.5794],[133.7581,50.5892],[133.7855,50.6112],[133.8619,50.6353],[134.1192,50.8288],[134.1963,50.8703],[134.2654,50.8846],[134.282,50.8946],[134.2979,50.9086],[134.4044,50.9569],[134.4269,50.9717],[134.444,51.0095],[134.4626,51.0211],[134.5048,51.0354],[134.5464,51.0627],[134.5816,51.074],[134.6089,51.0897],[134.6554,51.1013],[134.676,51.1099],[134.6924,51.1234],[134.7002,51.1378],[134.7026,51.1546],[134.7029,51.1754],[134.7073,51.2032],[134.7184,51.2299],[134.7341,51.2528],[134.7512,51.2694],[134.8267,51.3145],[135.1132,51.4276],[135.1987,51.4417],[135.2971,51.4449],[135.3507,51.4403],[135.4024,51.4418],[135.4501,51.46],[135.466,51.4793],[135.4837,51.5323],[135.4973,51.5559],[135.516,51.5751],[135.5273,51.5831],[135.551,51.5899],[135.5601,51.5989],[135.5764,51.6211],[135.6115,51.6428],[135.7885,51.6851],[135.9163,51.7001],[135.9788,51.7233],[135.995,51.7269],[136.0117,51.7335],[136.0445,51.7648],[136.0603,51.7753],[136.0534,51.7821],[136.083,51.799],[136.0916,51.8063],[136.0971,51.8164],[136.0938,51.8311],[136.0982,51.8402],[136.1162,51.8571],[136.1231,51.8653],[136.1292,51.8777],[136.1313,51.8881],[136.1304,51.8947],[136.1305,51.9013],[136.1358,51.9118],[136.1685,51.954],[136.176,51.9759],[136.1668,51.9981],[136.1651,52.0156],[136.206,52.0506],[136.2184,52.0694],[136.2066,52.0761],[136.2026,52.0842],[136.2048,52.1043],[136.207,52.1101],[136.2158,52.1132],[136.2184,52.1179],[136.2178,52.1238],[136.2119,52.1323],[136.2099,52.1619],[136.211,52.1719],[136.2158,52.1828],[136.2216,52.1917],[136.2241,52.201],[136.2184,52.2128],[136.225,52.2244],[136.2361,52.2329],[136.2503,52.2349],[136.2664,52.2271],[136.2827,52.2387],[136.3106,52.2417],[136.34,52.2392],[136.3801,52.2313],[136.4022,52.2311],[136.4262,52.2344],[136.4506,52.2408],[136.4793,52.2596],[136.4849,52.2647],[136.4883,52.2735],[136.4971,52.2764],[136.5085,52.2777],[136.5195,52.2818],[136.533,52.2953],[136.559,52.3313],[136.5741,52.3444],[136.5619,52.3517],[136.5362,52.3817],[136.5259,52.3878],[136.5151,52.3903],[136.5053,52.3946],[136.4985,52.4059],[136.5415,52.4044],[136.5629,52.406],[136.5816,52.4121],[136.6384,52.4623],[136.6533,52.4639],[136.6688,52.4564],[136.7227,52.442],[136.7424,52.4394],[136.7846,52.4405],[136.8017,52.4466],[136.7939,52.4605],[136.8116,52.4647],[136.8323,52.4573],[136.8541,52.4462],[136.8753,52.4394],[136.9373,52.4326],[136.9492,52.4351],[136.9713,52.4448],[136.9819,52.4468],[137.0265,52.462],[137.0958,52.5312],[137.1358,52.5505],[137.1327,52.5549],[137.131,52.5584],[137.1284,52.5615],[137.1228,52.5648],[137.1414,52.5704],[137.2047,52.5776],[137.2222,52.5743],[137.231,52.5672],[137.2443,52.5594],[137.2584,52.553],[137.27,52.5505],[137.2852,52.5533],[137.2888,52.5602],[137.2887,52.5692],[137.2935,52.5777],[137.3036,52.5826],[137.3257,52.5866],[137.3351,52.5914],[137.3425,52.5993],[137.3418,52.6036],[137.3376,52.6097],[137.3351,52.6227],[137.3469,52.6234],[137.4018,52.6485],[137.4177,52.6603],[137.4177,52.6705],[137.4124,52.6788],[137.413,52.6846],[137.4307,52.6876],[137.439,52.6846],[137.4861,52.6579],[137.4985,52.659],[137.5084,52.666],[137.5127,52.6774],[137.5081,52.6857],[137.4993,52.6938],[137.4937,52.7032],[137.499,52.7156],[137.5203,52.7225],[137.5478,52.7141],[137.5757,52.7011],[137.5986,52.6944],[137.6204,52.6977],[137.662,52.7121],[137.6846,52.7156],[137.7939,52.7088],[137.8213,52.7139],[137.839,52.726],[137.8546,52.7397],[137.8764,52.7497],[137.9302,52.7501],[137.9597,52.7537],[137.985,52.7761],[138.0142,52.7822],[138.0462,52.7845],[138.0681,52.7833],[138.1124,52.7636],[138.1386,52.7576],[138.1611,52.7662],[138.1762,52.7777],[138.1973,52.7894],[138.2199,52.7988],[138.2395,52.8037],[138.2544,52.8033],[138.2802,52.7973],[138.294,52.7969],[138.3062,52.8011],[138.3291,52.815],[138.3583,52.8225],[138.4244,52.8521],[138.4605,52.8609],[138.4722,52.8658],[138.5037,52.8863],[138.5234,52.8896],[138.5811,52.9176],[138.6308,52.9335],[138.6821,52.9425],[138.7245,52.944],[138.8855,52.9315],[138.9794,52.9136],[139.0305,52.911],[139.0582,52.9144],[139.0793,52.9244],[139.0883,52.9272],[139.1059,52.9201],[139.1134,52.9229],[139.1292,52.9415],[139.1381,52.9483],[139.1506,52.954],[139.2159,52.9597],[139.2263,52.9571],[139.2329,52.9474],[139.2482,52.9496],[139.2809,52.9602],[139.2905,52.9584],[139.295,52.9542],[139.2978,52.9497],[139.3022,52.9466],[139.3424,52.9403],[139.4182,52.9192],[139.4939,52.9192],[139.5146,52.9234],[139.547,52.9422],[139.5659,52.9466],[139.5909,52.9431],[139.6057,52.9348],[139.6183,52.9239],[139.638,52.913],[139.6608,52.9094],[139.6765,52.917],[139.7064,52.9532]]}},{"type":"Feature","properties":{"scalerank":8,"name":"Chaor"},"geometry":{"type":"LineString","coordinates":[[121.8268,48.7842],[121.8775,48.7625],[121.8925,48.7506],[121.9203,48.7217],[121.9373,48.7075],[121.9557,48.6978],[122.0175,48.6844],[122.0376,48.6771],[122.0405,48.663],[122.0698,48.6172],[122.1358,48.5266],[122.1433,48.5093],[122.1511,48.4702],[122.1597,48.4549],[122.1798,48.441],[122.1878,48.4331],[122.1936,48.4118],[122.1996,48.4027],[122.2065,48.3951],[122.2114,48.3907],[122.223,48.3853],[122.2481,48.3808],[122.2593,48.3764],[122.2657,48.369],[122.2755,48.3481],[122.2989,48.3212],[122.2981,48.3089],[122.2888,48.2951],[122.2797,48.2734],[122.2783,48.2497],[122.2901,48.2125],[122.2934,48.1945],[122.2974,48.1815],[122.3072,48.1734],[122.3505,48.1577],[122.3623,48.1506],[122.3718,48.141],[122.3833,48.1266],[122.4209,48.1019],[122.4678,48.1007],[122.5591,48.1224],[122.6035,48.1186],[122.6501,48.0965],[122.691,48.0633],[122.7184,48.0262],[122.7205,48.0018],[122.718,47.97],[122.7234,47.9425],[122.7756,47.9189],[122.7788,47.8909],[122.7662,47.8314],[122.773,47.7765],[122.7938,47.7247],[122.8326,47.6844],[122.8458,47.6607],[122.8346,47.6365],[122.843,47.6181],[122.8477,47.5904],[122.8466,47.565],[122.8349,47.5488],[122.8339,47.5369],[122.8351,47.5242],[122.8384,47.5161],[122.8761,47.4857],[122.8893,47.4691],[122.907,47.431],[122.978,47.3553],[123.0503,47.2967],[123.0708,47.266],[123.0776,47.262],[123.1004,47.2413],[123.1083,47.2319],[123.114,47.2132],[123.1152,47.1878],[123.1122,47.1656],[123.1052,47.1561],[123.1211,47.1495],[123.1636,47.1015],[123.3931,46.9735],[123.4286,46.9614],[123.4524,46.9579],[123.492,46.9574],[123.5073,46.9553],[123.5191,46.95]]}},{"type":"Feature","properties":{"scalerank":8,"name":"Bikin"},"geometry":{"type":"LineString","coordinates":[[136.9993,47.0673],[137.0109,47.0987],[137.0405,47.1257],[137.1423,47.1854],[137.162,47.1942],[137.1827,47.1995],[137.2061,47.1993],[137.2313,47.1936],[137.2769,47.1754],[137.2992,47.1644],[137.3098,47.1572],[137.3181,47.1485],[137.3234,47.135],[137.3266,47.1197],[137.3314,47.1054],[137.3419,47.0947],[137.3147,47.0503],[137.3217,47.0416],[137.3538,47.022],[137.363,47.0128],[137.3657,46.9853],[137.3565,46.9271],[137.363,46.9029],[137.3526,46.8855],[137.339,46.8756],[137.3237,46.8671],[137.3079,46.8544],[137.2855,46.8292],[137.2719,46.8175],[137.2538,46.8067],[137.2223,46.7941],[137.2153,46.7899],[137.2057,46.7803],[137.2031,46.7762],[137.2057,46.7488],[137.2105,46.7315],[137.2117,46.721],[137.2144,46.7149],[137.2208,46.7106],[137.2278,46.7074],[137.232,46.7043],[137.2402,46.6903],[137.2389,46.6732],[137.2354,46.6681],[137.2183,46.6538],[137.2117,46.6496],[137.0615,46.6074],[137.0444,46.6071],[137.0234,46.6107],[137.0043,46.6102],[136.9918,46.5978],[136.9995,46.5932],[137.0064,46.587],[137.0112,46.5793],[137.013,46.5706],[137.0073,46.564],[136.9885,46.5637],[136.9918,46.5569],[136.9707,46.5485],[136.9472,46.5323],[136.9228,46.5207],[136.8994,46.5264],[136.8776,46.5374],[136.7478,46.5707],[136.727,46.5813],[136.7079,46.6131],[136.6832,46.6196],[136.5259,46.6246],[136.4302,46.6434],[136.3965,46.6553],[136.3823,46.6577],[136.3409,46.6567],[136.3307,46.6608],[136.3137,46.6745],[136.2919,46.6876],[136.268,46.6983],[136.2451,46.7049],[136.1445,46.705],[136.1186,46.7157],[136.0967,46.7296],[136.063,46.744],[136.0289,46.7517],[136.0049,46.7458],[135.9822,46.7552],[135.9605,46.7494],[135.9397,46.7386],[135.9197,46.7327],[135.8757,46.7289],[135.8344,46.7191],[135.7905,46.7084],[135.7424,46.7049],[135.7173,46.711],[135.6975,46.7239],[135.6769,46.7341],[135.6493,46.7327],[135.6427,46.7268],[135.6358,46.7164],[135.627,46.7062],[135.6152,46.7009],[135.6026,46.701],[135.5723,46.7067],[135.5602,46.7111],[135.5348,46.7149],[135.5099,46.7064],[135.4879,46.6915],[135.4547,46.6615],[135.4487,46.6538],[135.4433,46.6422],[135.4414,46.6297],[135.4421,46.6189],[135.4409,46.6085],[135.4334,46.5978],[135.3828,46.5477],[135.3613,46.533],[135.3103,46.5173],[135.0484,46.5702],[135.0372,46.5679],[135.0325,46.5568],[135.0261,46.5496],[135.0118,46.5496],[134.9846,46.5534],[134.9653,46.5457],[134.9295,46.5238],[134.9055,46.5193],[134.8765,46.5207],[134.8526,46.5247],[134.8064,46.5397],[134.7585,46.55],[134.7096,46.5493],[134.5792,46.5232],[134.4561,46.4749],[134.4446,46.478],[134.429,46.492],[134.4249,46.4986],[134.419,46.5139],[134.416,46.5193],[134.4099,46.5235],[134.3946,46.5295],[134.3893,46.533],[134.3941,46.5429],[134.3931,46.5516],[134.3882,46.5594],[134.3814,46.5665],[134.367,46.5745],[134.3564,46.5725],[134.3477,46.5676],[134.3403,46.5665],[134.3276,46.5793],[134.3314,46.5958],[134.354,46.6292],[134.3621,46.65],[134.3643,46.6697],[134.3614,46.711],[134.3621,46.7225],[134.3638,46.7318],[134.3643,46.7391],[134.3614,46.7452],[134.3487,46.7529],[134.3378,46.7508],[134.3264,46.746],[134.313,46.7452],[134.2969,46.7536],[134.251,46.8005],[134.229,46.8138],[134.2101,46.8187],[134.1912,46.8177],[134.1148,46.7989],[134.0938,46.8005],[134.053,46.8209],[134.0473,46.8286],[134.0392,46.8544]]}},{"type":"Feature","properties":{"scalerank":8,"name":"Wei"},"geometry":{"type":"LineString","coordinates":[[104.065,34.9863],[104.0675,34.9957],[104.069,35.0187],[104.0718,35.0272],[104.081,35.0331],[104.0947,35.0384],[104.1074,35.0458],[104.1159,35.0669],[104.1243,35.0748],[104.1343,35.0803],[104.1565,35.0864],[104.1661,35.0956],[104.1817,35.116],[104.1974,35.128],[104.2341,35.1392],[104.272,35.1341],[104.353,35.1092],[104.3731,35.107],[104.4386,35.1092],[104.4567,35.1041],[104.5038,35.0682],[104.5925,35.058],[104.6035,35.0487],[104.6682,35.0198],[104.688,34.9985],[104.6949,34.9925],[104.7051,34.9874],[104.7139,34.9842],[104.7205,34.9791],[104.7251,34.9576],[104.7344,34.9387],[104.7365,34.9279],[104.735,34.9156],[104.7295,34.8944],[104.7291,34.8832],[104.75,34.8369],[104.7564,34.8284],[104.7744,34.8115],[104.7844,34.8072],[104.7949,34.8089],[104.8057,34.8128],[104.8157,34.815],[104.8464,34.7808],[104.8865,34.7579],[104.9363,34.7495],[104.9876,34.7547],[105.0313,34.7734],[105.041,34.7819],[105.0453,34.7882],[105.0515,34.7923],[105.0668,34.7945],[105.166,34.7788],[105.1752,34.7735],[105.1836,34.7666],[105.1958,34.7597],[105.2398,34.7522],[105.34,34.7584],[105.3877,34.7535],[105.4514,34.7347],[105.4732,34.7324],[105.4911,34.7255],[105.4999,34.7112],[105.5099,34.699],[105.5317,34.6983],[105.5383,34.7022],[105.5474,34.7145],[105.5522,34.7181],[105.564,34.7201],[105.6275,34.7144],[105.6472,34.7054],[105.6819,34.6846],[105.7232,34.669],[105.7427,34.6569],[105.7507,34.6402],[105.7615,34.6267],[105.7864,34.621],[105.8334,34.6157],[105.8502,34.6053],[105.8566,34.5941],[105.8609,34.5811],[105.8706,34.5648],[105.8847,34.5601],[105.9531,34.5543],[105.9766,34.548],[105.9873,34.5468],[105.9959,34.5502],[106.0112,34.5651],[106.0217,34.5685],[106.0278,34.5609],[106.0481,34.5461],[106.0696,34.5363],[106.0797,34.5437],[106.0889,34.5569],[106.1091,34.5522],[106.1417,34.5338],[106.1617,34.5316],[106.1773,34.5366],[106.1925,34.5435],[106.2107,34.5468],[106.2258,34.5445],[106.2709,34.5276],[106.3071,34.5217],[106.3467,34.5201],[106.4502,34.5201],[106.4757,34.5241],[106.4863,34.524],[106.4981,34.5201],[106.5103,34.5111],[106.5221,34.4998],[106.5347,34.4901],[106.5493,34.486],[106.5727,34.4825],[106.5959,34.4728],[106.6139,34.4586],[106.621,34.4413],[106.627,34.4195],[106.6416,34.4056],[106.6598,34.3949],[106.6763,34.3824],[106.7644,34.3714],[106.8091,34.3736],[106.8538,34.3824],[106.8838,34.3934],[106.8953,34.396],[106.908,34.3963],[106.9267,34.3912],[106.9397,34.3898],[106.9497,34.3919],[106.9688,34.4013],[106.9807,34.4034],[106.992,34.4019],[107.0318,34.3898],[107.0623,34.3729],[107.0734,34.3693],[107.0847,34.3706],[107.0962,34.3749],[107.1074,34.3773],[107.1377,34.3614],[107.1636,34.3563],[107.2966,34.355],[107.3196,34.352],[107.3589,34.3384],[107.3813,34.3352],[107.4298,34.3408],[107.4548,34.3406],[107.4741,34.3317],[107.4883,34.3228],[107.5336,34.3054],[107.5532,34.3004],[107.6047,34.2967],[107.6344,34.2981],[107.6712,34.3101],[107.6948,34.304],[107.7383,34.2874],[107.7749,34.2849],[107.7866,34.2805],[107.811,34.2514],[107.817,34.2464],[108.0017,34.2321],[108.0876,34.239],[108.1122,34.232],[108.1357,34.2219],[108.1589,34.217],[108.1838,34.2259],[108.1957,34.2197],[108.2061,34.2213],[108.2174,34.2253],[108.2316,34.2259],[108.2427,34.2214],[108.2637,34.2072],[108.2764,34.2042],[108.3687,34.2117],[108.4484,34.2088],[108.4675,34.2151],[108.4819,34.2265],[108.4972,34.2339],[108.5156,34.2378],[108.5876,34.2406],[108.6118,34.2456],[108.6221,34.256],[108.6328,34.2605],[108.6909,34.3079],[108.7319,34.3209],[108.7603,34.3392],[108.7695,34.3414],[108.7826,34.347],[108.8424,34.3824],[108.9033,34.4034],[108.956,34.4147],[108.9954,34.4363],[109.0542,34.4519],[109.0745,34.4724],[109.0964,34.4702],[109.1292,34.4587],[109.1729,34.432],[109.1791,34.4301],[109.2012,34.4308],[109.2112,34.4324],[109.2231,34.4366],[109.2341,34.4422],[109.2422,34.4481],[109.2501,34.4589],[109.2525,34.4676],[109.2538,34.4761],[109.2589,34.486],[109.2636,34.4892],[109.2867,34.4996],[109.2867,34.5059],[109.2787,34.5095],[109.2735,34.5139],[109.2699,34.5196],[109.2664,34.5276],[109.3057,34.5431],[109.3286,34.548],[109.3455,34.5437],[109.3615,34.5357],[109.3823,34.5329],[109.3991,34.5381],[109.4034,34.5543],[109.416,34.5502],[109.4343,34.5484],[109.4509,34.5504],[109.4661,34.5653],[109.4832,34.5583],[109.499,34.5467],[109.5029,34.5406],[109.5139,34.5386],[109.5532,34.5198],[109.5684,34.514],[109.5833,34.5117],[109.5981,34.5144],[109.6121,34.5239],[109.6314,34.5499],[109.6439,34.571],[109.6617,34.5829],[109.6978,34.5816],[109.7256,34.5755],[109.7356,34.5748],[109.7409,34.5785],[109.7429,34.5871],[109.7439,34.5963],[109.7461,34.6021],[109.7556,34.6144],[109.7612,34.6171],[109.7774,34.6082],[109.7844,34.6099],[109.7901,34.6153],[109.794,34.6225],[109.8157,34.6046],[109.8484,34.6163],[109.8696,34.6021],[109.8788,34.6092],[109.9175,34.6225],[109.9219,34.6282],[109.9231,34.6353],[109.9258,34.6412],[109.9346,34.6436],[109.957,34.6428],[109.9675,34.6455],[109.9721,34.6533],[109.9763,34.6712],[109.9867,34.6639],[110.0063,34.6368],[110.0216,34.635],[110.0717,34.6436],[110.0835,34.6479],[110.105,34.6667],[110.1127,34.671],[110.1245,34.6677],[110.1503,34.6508],[110.2239,34.6203],[110.2577,34.6144],[110.2935,34.6232]]}},{"type":"Feature","properties":{"scalerank":8,"name":"Za’gya"},"geometry":{"type":"LineString","coordinates":[[91.1479,33.0708],[91.1506,33.0665],[91.1718,33.0432],[91.1777,33.0326],[91.1793,33.022],[91.1799,33.011],[91.1819,32.9988],[91.207,32.9537],[91.2101,32.9394],[91.2047,32.925],[91.1826,32.8966],[91.1758,32.8812],[91.1749,32.8674],[91.1782,32.8566],[91.1848,32.847],[91.1946,32.8365],[91.2014,32.8312],[91.2064,32.8292],[91.21,32.8255],[91.2129,32.815],[91.2131,32.806],[91.2114,32.7986],[91.1329,32.6574],[91.1194,32.6406],[91.1025,32.6267],[90.9435,32.5537],[90.9019,32.5259],[90.8911,32.5324],[90.8811,32.5328],[90.8385,32.5206],[90.8227,32.5191],[90.8043,32.5134],[90.7432,32.4706],[90.7227,32.4439],[90.7236,32.4326],[90.7283,32.421],[90.7309,32.4097],[90.7261,32.399],[90.7141,32.3802],[90.7001,32.3345],[90.688,32.3136],[90.6806,32.3068],[90.667,32.2984],[90.6611,32.2931],[90.6558,32.2828],[90.6515,32.2716],[90.6446,32.2626],[90.6133,32.254],[90.5737,32.2309],[90.5519,32.2242],[90.5322,32.2251],[90.499,32.2353],[90.48,32.2379],[90.2019,32.2106],[90.1548,32.2115],[90.1396,32.2094],[90.1089,32.2],[90.0937,32.1971],[90.0745,32.197],[90.0177,32.2051],[89.9985,32.2044],[89.9713,32.1966],[89.8954,32.1612],[89.867,32.1566],[89.7809,32.1534],[89.7586,32.1467],[89.7354,32.1358],[89.6948,32.1082],[89.6905,32.1024],[89.6829,32.085],[89.6777,32.0771],[89.6663,32.0716],[89.6533,32.0736],[89.6303,32.0808],[89.6138,32.0733],[89.5838,32.04],[89.5679,32.0324],[89.513,31.9949],[89.4977,31.9881],[89.4732,31.983],[89.4483,31.9821],[89.4317,31.9877],[89.4233,31.9917],[89.4019,31.9938],[89.3939,31.9983],[89.3892,32.0078],[89.3892,32.0296],[89.387,32.0399],[89.3741,32.0572],[89.3583,32.0648],[89.3394,32.0631],[89.318,32.0529],[89.3111,32.0467],[89.2993,32.0319],[89.2906,32.0256],[89.2805,32.0223],[89.2498,32.0256],[89.2081,32.0256],[89.1975,32.0282],[89.1886,32.0315],[89.1793,32.0318],[89.1672,32.0256],[89.1484,32.0411],[89.1248,32.0519],[89.0995,32.0583],[89.0747,32.0604],[88.9961,32.0384],[88.9391,32.0026],[88.9321,31.9898],[88.9543,31.9778],[88.9662,31.9773],[89.0022,31.9809],[89.0007,31.9503],[89.0022,31.9368]]}},{"type":"Feature","properties":{"scalerank":8,"name":null},"geometry":{"type":"LineString","coordinates":[[86.012,34.391],[86.032,34.387],[86.0708,34.3688],[86.0904,34.3637],[86.1412,34.3658],[86.1677,34.3712],[86.1792,34.3804],[86.1814,34.388],[86.1873,34.3933],[86.1962,34.3964],[86.207,34.3978],[86.2402,34.3957],[86.3433,34.3681],[86.3867,34.363],[86.4331,34.3637],[86.5139,34.3826],[86.5501,34.378],[86.6187,34.4109],[86.6541,34.4163],[86.7869,34.4168],[86.8198,34.4103],[86.8372,34.4109],[86.8484,34.416],[86.8591,34.4243],[86.8728,34.4311],[86.8849,34.432],[86.9125,34.4259],[86.9342,34.4268],[86.9487,34.4398],[86.9539,34.4698],[86.9612,34.4702],[86.9763,34.4788],[86.9898,34.4886],[86.9917,34.4934],[87.0055,34.4998],[87.0068,34.5139],[87.0037,34.5279],[87.0054,34.5344],[87.0068,34.5353],[87.0227,34.5418],[87.0294,34.5435],[87.1121,34.5418],[87.1692,34.534],[87.1887,34.5418],[87.1939,34.5692]]}},{"type":"Feature","properties":{"scalerank":8,"name":null},"geometry":{"type":"LineString","coordinates":[[90.6611,36.4063],[90.6084,36.4074],[90.5806,36.4048],[90.542,36.3883],[90.5171,36.3942],[90.4695,36.4137],[90.4469,36.416],[90.2844,36.4137],[90.2651,36.4213],[90.2231,36.4432],[90.2053,36.4478],[90.1838,36.4504],[90.12,36.4689],[90.0881,36.4714],[90.0783,36.4752],[90.0706,36.4831],[90.0662,36.4921],[90.0602,36.4995],[90.0479,36.5025],[90.0034,36.5059],[89.9623,36.5161],[89.8533,36.5596],[89.8115,36.5707],[89.7423,36.5661],[89.7258,36.5725],[89.7153,36.5894],[89.6829,36.7089],[89.6812,36.7301],[89.6782,36.7396],[89.6642,36.7527],[89.6612,36.7642],[89.6619,36.7767],[89.6637,36.7884],[89.6677,36.7991],[89.6743,36.8086],[89.6858,36.817],[89.7261,36.8384],[89.7402,36.8428],[89.7465,36.8543],[89.7568,36.9259],[89.7563,36.9488],[89.7388,37.0203],[89.7367,37.0373],[89.7372,37.0546],[89.7411,37.0721],[89.7494,37.0898],[89.7639,37.1066],[89.7823,37.1234],[89.7979,37.1414],[89.8098,37.1837],[89.823,37.2032],[89.9248,37.2918],[89.9429,37.3042],[90.0108,37.3294],[90.0503,37.3585],[90.0617,37.3899],[90.0475,37.4186],[90.0108,37.4392],[89.8252,37.487],[89.813,37.493],[89.7926,37.5089],[89.7808,37.5121],[89.7592,37.5087],[89.749,37.5083],[89.7363,37.5121],[89.6565,37.564]]}},{"type":"Feature","properties":{"scalerank":8,"name":"Harirud"},"geometry":{"type":"LineString","coordinates":[[66.6119,34.63],[66.5169,34.6219],[66.4985,34.6157],[66.4784,34.6256],[66.4717,34.63],[66.4609,34.6247],[66.4507,34.63],[66.4308,34.6238],[66.4082,34.6321],[66.3901,34.6468],[66.3823,34.6601],[66.3709,34.6704],[66.3447,34.6732],[66.2324,34.664],[66.1716,34.6484],[66.1285,34.6368],[66.1094,34.6289],[66.0757,34.6091]]}},{"type":"Feature","properties":{"scalerank":8,"name":"Yurungkax"},"geometry":{"type":"LineString","coordinates":[[81.5069,35.47],[81.492,35.5142],[81.4946,35.5635],[81.4856,35.6019],[81.436,35.6129],[81.3743,35.597],[81.2787,35.5838],[81.2589,35.5765],[81.2473,35.5754],[81.2297,35.578],[81.1793,35.5963],[81.1611,35.6074],[81.1319,35.635],[81.1157,35.6472],[81.0911,35.6551],[81.0385,35.6585],[81.0144,35.669],[80.9856,35.7047],[80.9452,35.7962],[80.9159,35.832],[80.9014,35.8395],[80.8648,35.8535],[80.8507,35.8633],[80.8228,35.8731],[80.6925,35.8729],[80.6792,35.8773],[80.6456,35.8965],[80.5597,35.9214],[80.5022,35.9515],[80.4805,35.9555],[80.439,35.9576],[80.418,35.9619],[80.4014,35.9698],[80.3951,35.9623],[80.3877,35.9698],[80.3692,35.956],[80.3447,35.9549],[80.2953,35.9623],[80.2732,35.9612],[80.262,35.9622],[80.2207,35.9803],[80.2171,35.9828],[80.1978,35.9797],[80.1767,35.9716],[80.1558,35.9668],[80.1166,35.9825],[80.0615,35.9854],[80.0376,35.9903],[80.0042,36.0108],[80.0027,36.0211],[80.0044,36.0347],[80.0033,36.0466],[79.9771,36.0594],[79.9667,36.0771],[79.959,36.0976],[79.9495,36.1131],[79.9299,36.1254],[79.884,36.1438],[79.8362,36.1787],[79.8297,36.1866],[79.8123,36.2162],[79.8005,36.2271],[79.7846,36.2383],[79.7705,36.2514],[79.7646,36.2677],[79.7628,36.2897],[79.7517,36.3333],[79.7442,36.3534],[79.7334,36.3718],[79.73,36.3808],[79.7297,36.3944],[79.7338,36.4057],[79.7473,36.4214],[79.7549,36.4449],[79.8043,36.513],[79.8164,36.5238],[79.8323,36.5297],[79.8801,36.5341],[79.9043,36.543],[79.921,36.5598],[79.9221,36.5861],[79.9131,36.5997],[79.8991,36.613],[79.8863,36.629],[79.8748,36.6719],[79.8731,36.6835],[79.8772,36.6885],[79.8899,36.6907],[79.9006,36.6966],[79.9092,36.7055],[79.9153,36.7165],[79.9166,36.7242],[79.9164,36.7338],[79.9175,36.7451],[79.9221,36.7574],[79.9277,36.7633],[79.9345,36.7685],[79.9402,36.776],[79.9426,36.7884],[79.938,36.8105],[79.9268,36.8242],[79.9133,36.8361],[79.9018,36.8531],[79.8931,36.8969],[79.8999,36.9411],[79.9161,36.9825],[79.9428,37.0309],[79.9495,37.0487],[79.9543,37.069],[79.9596,37.111],[79.9712,37.1553],[79.9699,37.1758],[79.9342,37.231],[79.9283,37.2478],[79.9299,37.2866],[79.9342,37.303],[79.9711,37.3659],[79.9737,37.3744],[79.98,37.3857],[79.9905,37.4564],[80.0151,37.4852],[80.127,37.5451],[80.2041,37.5983],[80.3533,37.6723],[80.371,37.686],[80.401,37.721],[80.4142,37.7407],[80.4225,37.758],[80.4241,37.7682],[80.4225,37.8024],[80.4241,37.8113],[80.4322,37.8233],[80.4356,37.8331]]}},{"type":"Feature","properties":{"scalerank":8,"name":"Zarafshon"},"geometry":{"type":"LineString","coordinates":[[70.4712,39.4711],[70.329,39.4478],[70.2787,39.4506],[70.1568,39.481],[70.1143,39.4842],[70.0855,39.4803],[70.0576,39.4725],[69.9933,39.4514],[69.9615,39.4466],[69.9299,39.4506],[69.8531,39.4713],[69.8098,39.4777],[69.7654,39.4779],[69.3818,39.4295],[68.9287,39.4233],[68.9104,39.4196],[68.8663,39.3983],[68.851,39.392],[68.8331,39.3885],[68.6856,39.4114],[68.6549,39.4022],[68.6549,39.4096],[68.587,39.4072],[68.5663,39.4096],[68.5469,39.42],[68.5286,39.4354],[68.5136,39.4532],[68.5042,39.4711],[68.4858,39.4638],[68.4767,39.4637],[68.4695,39.4671],[68.4565,39.4711],[68.4424,39.472],[68.4331,39.4702],[68.4233,39.467],[68.408,39.4642],[68.3603,39.4642],[68.313,39.4575],[68.2144,39.4783],[68.1614,39.4806],[68.1275,39.4575],[68.1197,39.4642],[68.109,39.4685],[68.0963,39.4705],[68.0826,39.4711],[68.0713,39.4737],[68.0554,39.4864],[68.0455,39.4916],[68.03,39.4938],[67.9796,39.4916],[67.9741,39.4928],[67.9634,39.4978],[67.9561,39.4984],[67.95,39.496],[67.9351,39.4865],[67.9295,39.4842],[67.9058,39.4851],[67.8482,39.4979],[67.8257,39.5059],[67.7916,39.5293],[67.7808,39.5325],[67.7656,39.5303],[67.7514,39.5266],[67.7374,39.5258],[67.7234,39.5325],[67.7166,39.5257],[67.6765,39.5364],[67.5872,39.5169],[67.5445,39.5189],[67.4922,39.536],[67.4387,39.5436],[67.4284,39.5468],[67.4031,39.5645],[67.3971,39.5673],[67.3562,39.5748],[67.2783,39.6076],[67.2171,39.6188],[67.1692,39.6352],[67.1464,39.639],[67.124,39.6453],[67.0835,39.6737],[67.0608,39.6805],[67.0137,39.7264],[66.9828,39.7425],[66.9373,39.7904],[66.9047,39.8042],[66.8956,39.8102],[66.8896,39.8198],[66.8788,39.8448],[66.8721,39.8549],[66.8648,39.8592],[66.839,39.8696],[66.8307,39.8717],[66.8303,39.8756],[66.8049,39.8912],[66.8001,39.8928],[66.7949,39.9021],[66.7903,39.9203],[66.7857,39.9269],[66.7754,39.9312],[66.7515,39.9328],[66.7343,39.9396],[66.6914,39.9501],[66.6562,39.9679],[66.5876,39.9761],[66.5527,39.9941],[66.478,39.9952],[66.2346,40.0436],[66.1045,40.0528],[65.8784,40.0157],[65.8359,40.0223],[65.7927,40.0436],[65.7717,40.0383],[65.7522,40.046],[65.7333,40.0576],[65.6926,40.0687],[65.677,40.0814],[65.6487,40.1119],[65.5881,40.1429],[65.5534,40.1672],[65.4478,40.1907],[65.4253,40.1888],[65.4057,40.1765],[65.3892,40.1695],[65.3369,40.1658],[65.3198,40.1666],[65.2573,40.1784],[65.0247,40.1905],[64.9159,40.1612],[64.8451,40.159],[64.8297,40.1495],[64.7823,40.0753],[64.7686,40.0604],[64.7509,40.0474],[64.7329,40.0376],[64.6144,39.9958],[64.5768,39.9725],[64.5571,39.969],[64.5007,39.9768],[64.4526,39.9747],[64.4458,39.9719],[64.4415,39.9654],[64.4387,39.9583],[64.436,39.9536],[64.4284,39.9497],[64.3875,39.9335],[64.3569,39.9146],[64.3361,39.8946]]}},{"type":"Feature","properties":{"scalerank":8,"name":"Dali"},"geometry":{"type":"LineString","coordinates":[[108.115,37.2202],[108.2064,37.3184],[108.2249,37.3294],[108.2947,37.3415],[108.3067,37.3467],[108.3756,37.4051],[108.3917,37.4156],[108.3976,37.4211],[108.4036,37.4317],[108.4111,37.4671],[108.4132,37.4727],[108.4257,37.48],[108.4367,37.4974],[108.4453,37.5182],[108.4502,37.5355],[108.4524,37.5543],[108.4502,37.6074],[108.4533,37.6171],[108.468,37.6323],[108.4712,37.6413],[108.4727,37.6494],[108.4922,37.6937],[108.4965,37.6989],[108.5054,37.7067],[108.5159,37.7117],[108.5272,37.7142],[108.5358,37.719],[108.5451,37.7491],[108.5588,37.7647],[108.5879,37.7887],[108.6475,37.8797],[108.7495,37.96],[108.789,37.981],[108.835,37.9879],[108.9277,37.9879],[108.9385,37.9922],[108.9519,38.0109],[108.9615,38.0152],[108.9746,38.0171],[109.0125,38.0289],[109.0534,38.0289],[109.067,38.0318],[109.0883,38.0406],[109.0982,38.0425],[109.1624,38.0339],[109.1843,38.0351],[109.2247,38.0494],[109.2393,38.0521],[109.2765,38.0494],[109.3247,38.0562],[109.3372,38.053],[109.3584,38.0389],[109.3687,38.0351],[109.3902,38.0396],[109.4272,38.0641],[109.4473,38.072],[109.456,38.0814],[109.4615,38.0835],[109.4666,38.0823],[109.4761,38.0772],[109.4915,38.0746],[109.5201,38.0624],[109.6123,38.0399],[109.7503,38.0296],[109.7847,38.0128],[109.8486,37.9669],[109.8936,37.9542],[109.9373,37.9556]]}},{"type":"Feature","properties":{"scalerank":8,"name":"Jing"},"geometry":{"type":"LineString","coordinates":[[106.4184,35.4348],[106.4937,35.5135],[106.5186,35.5344],[106.5547,35.552],[106.5977,35.5616],[106.644,35.5626],[106.6899,35.5542],[106.7525,35.5289],[106.7691,35.517],[106.7871,35.5081],[106.8613,35.4996],[107.2786,35.3604],[107.3233,35.3508],[107.3677,35.3494],[107.4351,35.3671],[107.4859,35.3725],[107.5532,35.3903],[107.5831,35.389],[107.6421,35.3736],[107.6853,35.3682],[107.7179,35.3586],[107.728,35.3528],[107.7361,35.3402],[107.7405,35.328],[107.7471,35.3189],[107.7861,35.3101],[107.8618,35.2743],[107.9225,35.2669],[107.9378,35.2614],[107.9448,35.2554],[107.9505,35.2407],[107.9522,35.2373],[107.9551,35.2337],[107.959,35.2298],[107.9641,35.2259],[107.9561,35.2237],[107.9361,35.2116],[107.9419,35.1785],[107.9367,35.1455],[107.9384,35.1167],[107.9641,35.0961],[107.9737,35.0908],[107.9884,35.0922],[108.0025,35.0956],[108.0189,35.0961],[108.0313,35.0908],[108.0665,35.0613],[108.1179,35.0304],[108.1494,35.0165],[108.1764,35.0135],[108.1664,34.9921],[108.1627,34.9863],[108.1758,34.9881],[108.1821,34.9852],[108.1952,34.9634],[108.1997,34.9454],[108.2075,34.9348],[108.2249,34.9214],[108.2649,34.9025],[108.4303,34.8007],[108.4312,34.8018],[108.4456,34.8014],[108.4502,34.8007],[108.4751,34.7886],[108.4822,34.7836],[108.4947,34.77],[108.5009,34.7604],[108.5099,34.7376],[108.5156,34.729],[108.5662,34.6866],[108.6044,34.638],[108.6128,34.6192],[108.6187,34.6157],[108.6274,34.6136],[108.7934,34.5059],[108.8131,34.5004],[108.8615,34.4966],[108.8877,34.4856],[108.8989,34.4849],[108.9207,34.486],[108.9265,34.4838],[108.9355,34.4745],[108.941,34.4724],[108.948,34.4786],[108.9517,34.4831],[108.9517,34.486],[108.9609,34.4797],[108.9754,34.4647],[108.9859,34.4587],[108.9973,34.4566],[109.0366,34.4587],[109.0481,34.4608],[109.071,34.47]]}},{"type":"Feature","properties":{"scalerank":8,"name":"Dam"},"geometry":{"type":"LineString","coordinates":[[94.316,32.6397],[94.2372,32.6881],[94.2361,32.6924],[94.238,32.7041],[94.2372,32.7086],[94.2324,32.7139],[94.2211,32.7237],[94.2167,32.7291],[94.199,32.7581],[94.193,32.7748],[94.1867,32.7834],[94.1827,32.7923],[94.189,32.8115],[94.186,32.823],[94.1801,32.833],[94.1751,32.8389],[94.1586,32.8474],[94.109,32.8579],[94.0898,32.8594],[94.0698,32.8658],[94.0364,32.8957],[94.0175,32.905],[93.9922,32.9046],[93.9491,32.8886],[93.8882,32.8798],[93.8755,32.8815],[93.8528,32.8903],[93.8342,32.9003],[93.8081,32.9221],[93.7312,33.0028],[93.6913,33.0299],[93.6682,33.0399],[93.6455,33.0438],[93.6241,33.0499],[93.6062,33.0643],[93.59,33.0805],[93.574,33.0921],[93.5168,33.1072],[93.5015,33.1164],[93.4824,33.1415],[93.4431,33.1815],[93.3906,33.2232],[93.3823,33.2393],[93.377,33.2603],[93.3638,33.2711],[93.3271,33.284],[93.2622,33.3226],[93.2551,33.3287],[93.2459,33.3382],[93.2371,33.3433],[93.2271,33.3456],[93.2141,33.346],[93.2014,33.3486],[93.194,33.3546],[93.1887,33.3615],[93.1831,33.3671],[93.1489,33.3867],[93.1324,33.392],[93.0904,33.3962],[93.0712,33.4024],[93.0537,33.4112],[93.0391,33.4211],[93.0134,33.4435],[92.9966,33.4523],[92.9542,33.46],[92.938,33.4703],[92.8517,33.5506],[92.837,33.5583],[92.8189,33.5653],[92.8116,33.5822],[92.8064,33.6226],[92.8013,33.6273],[92.7929,33.6325],[92.7869,33.6388],[92.7892,33.6466],[92.7953,33.6567],[92.7958,33.6674],[92.7926,33.6878],[92.762,33.708],[92.7637,33.7119],[92.7598,33.7386],[92.7586,33.7424],[92.7374,33.8994],[92.7319,33.9194],[92.7107,33.9505],[92.7107,33.9715],[92.7216,33.9893],[92.74,34.0057],[92.7608,34.0187],[92.7789,34.0267],[92.8403,34.0345],[92.8604,34.0397],[92.8789,34.0506],[92.9292,34.095]]}},{"type":"Feature","properties":{"scalerank":8,"name":"Mytinge"},"geometry":{"type":"LineString","coordinates":[[95.9871,21.8737],[95.9884,21.8596],[95.9918,21.8431],[95.9982,21.8281],[96.009,21.8179],[96.0229,21.8141],[96.0313,21.8175],[96.0386,21.8243],[96.0488,21.8312],[96.0681,21.8348],[96.0806,21.8287],[96.0923,21.812],[96.0908,21.8091],[96.0868,21.8035],[96.0849,21.7969],[96.0889,21.7906],[96.0938,21.7913],[96.1072,21.8011],[96.1128,21.8043],[96.1251,21.806],[96.1333,21.8034],[96.1391,21.7968],[96.1442,21.7866],[96.1546,21.7728],[96.1631,21.7754],[96.2035,21.8284],[96.2192,21.8378],[96.2395,21.8353],[96.2493,21.8289],[96.2764,21.8025],[96.309,21.7845],[96.3186,21.7767],[96.38,21.704],[96.392,21.6974],[96.4546,21.6859],[96.4773,21.6846],[96.4977,21.6915],[96.5118,21.7093],[96.5144,21.7309],[96.5108,21.7769],[96.5162,21.795],[96.5274,21.8045],[96.5942,21.8189],[96.6036,21.8231],[96.6124,21.8322],[96.6235,21.8541],[96.6319,21.8641],[96.6439,21.8721],[96.685,21.8878],[96.7166,21.8986],[96.7307,21.9063],[96.7431,21.9165],[96.752,21.9345],[96.7505,21.9748],[96.7542,21.9944],[96.7654,22.0084],[96.776,22.0064],[96.8014,21.985],[96.816,21.9789],[96.8469,21.9716],[96.8949,21.9514],[96.9304,21.9537],[96.9595,21.9714],[96.9739,22.0037],[96.9775,22.0599],[96.9749,22.1123],[96.9649,22.1638],[96.9468,22.2176],[96.9404,22.2536],[96.9536,22.273],[96.9807,22.2777],[97.0591,22.2565],[97.0815,22.2532],[97.149,22.2524],[97.1687,22.2472],[97.1895,22.2361],[97.2402,22.2211],[97.2927,22.233],[97.3314,22.2675],[97.3406,22.3203],[97.3157,22.3863],[97.3059,22.4025],[97.2809,22.4317],[97.2422,22.5245],[97.2383,22.5602],[97.2603,22.5956],[97.303,22.6177],[97.3546,22.6374],[97.3888,22.6632],[97.3795,22.7039],[97.3772,22.7029],[97.355,22.7157],[97.352,22.7184],[97.3259,22.726],[97.3154,22.7308],[97.303,22.7404],[97.2874,22.7556],[97.2727,22.7746],[97.2647,22.7955],[97.2686,22.8166],[97.2765,22.8253],[97.2981,22.8391],[97.3069,22.8472],[97.311,22.8542],[97.3184,22.8736],[97.3228,22.8821],[97.3618,22.9312],[97.3726,22.949],[97.3799,22.9723],[97.3788,22.9926],[97.3689,23.0357],[97.3759,23.066],[97.3987,23.0814],[97.4224,23.0926],[97.4324,23.1103],[97.4268,23.1231],[97.4062,23.1461],[97.4019,23.1592],[97.4102,23.1792],[97.429,23.1935],[97.4522,23.201],[97.4741,23.2008],[97.5134,23.1932],[97.5558,23.19],[97.5982,23.1923],[97.6373,23.2017],[97.801,23.2799],[97.8591,23.2946],[97.8928,23.296],[97.9258,23.2974],[97.9436,23.3013],[97.9939,23.3204],[98.0323,23.3272],[98.109,23.3285],[98.1463,23.3346],[98.2175,23.3602],[98.2555,23.3663],[98.2892,23.3566]]}},{"type":"Feature","properties":{"scalerank":8,"name":"Qin"},"geometry":{"type":"LineString","coordinates":[[112.367,36.5759],[112.3588,36.5659],[112.3263,36.4357],[112.3194,36.425],[112.3007,36.4171],[112.2918,36.398],[112.2879,36.3517],[112.2822,36.3344],[112.2726,36.3163],[112.2681,36.3105],[112.2647,36.3083],[112.2722,36.3052],[112.2754,36.2981],[112.2732,36.291],[112.2539,36.2838],[112.2564,36.2747],[112.2654,36.2652],[112.2748,36.26],[112.2515,36.2513],[112.2535,36.2359],[112.2644,36.2154],[112.2681,36.1917],[112.2587,36.172],[112.2322,36.1342],[112.2271,36.1097],[112.25,36.1125],[112.2659,36.096],[112.2885,36.0551],[112.3259,36.024],[112.3293,36.0177],[112.3296,36.003],[112.3331,35.9968],[112.3408,35.988],[112.3385,35.983],[112.3328,35.9781],[112.3293,35.9694],[112.3285,35.9581],[112.3225,35.9384],[112.3194,35.8937],[112.3234,35.8824],[112.3218,35.8692],[112.3181,35.8556],[112.3164,35.8428],[112.3179,35.8266],[112.3209,35.8149],[112.3269,35.805],[112.3369,35.7944],[112.3293,35.7869],[112.3635,35.7774],[112.367,35.7704],[112.3825,35.7502],[112.3875,35.746],[112.4026,35.7401],[112.4146,35.7259],[112.4352,35.6954],[112.4524,35.6853],[112.4838,35.6863],[112.5007,35.6783],[112.5099,35.6643],[112.5245,35.6199],[112.5281,35.6026],[112.5281,35.5651],[112.5303,35.5551],[112.5342,35.5445],[112.5361,35.5338],[112.5315,35.5241],[112.5222,35.5162],[112.5192,35.5147],[112.5199,35.5126],[112.5206,35.5033],[112.519,35.4934],[112.5165,35.4883],[112.517,35.4837],[112.5318,35.4673],[112.5333,35.4624],[112.533,35.4581],[112.5349,35.4518],[112.5559,35.4245],[112.5683,35.3847],[112.5795,35.3677],[112.5963,35.3699],[112.6004,35.3605],[112.5986,35.3553],[112.5958,35.3507],[112.5963,35.3431],[112.6089,35.3187],[112.6106,35.3115],[112.613,35.3094],[112.6174,35.3033],[112.6194,35.297],[112.6144,35.2941],[112.6055,35.2908],[112.6038,35.2832],[112.6063,35.2742],[112.6106,35.2669],[112.6181,35.2743],[112.6295,35.2637],[112.6391,35.2523],[112.6448,35.238],[112.6454,35.2191],[112.662,35.2247],[112.6601,35.2117],[112.6531,35.1939],[112.655,35.1849],[112.6694,35.1807],[112.6799,35.1702],[112.7007,35.1433],[112.7084,35.1354],[112.7202,35.1257],[112.7353,35.1205],[112.7647,35.1327],[112.7848,35.1374],[112.8052,35.1383],[112.8194,35.1331],[112.8344,35.1254],[112.8917,35.1234],[112.9089,35.1188],[112.94,35.1052],[112.9564,35.1024],[112.9888,35.0928],[113.0288,35.0533],[113.0631,35.0477],[113.0796,35.0526],[113.1553,35.0477],[113.1695,35.0484],[113.1816,35.051],[113.1924,35.0562],[113.2033,35.0648],[113.2163,35.0716],[113.2288,35.0711],[113.2416,35.0683],[113.2549,35.0682],[113.3052,35.0887],[113.3346,35.097],[113.3543,35.0924],[113.3648,35.0871],[113.377,35.0865],[113.3872,35.0836],[113.395,35.0633],[113.4015,35.0537],[113.405,35.0437],[113.3989,35.034],[113.4046,35.0214],[113.4242,34.9922],[113.4516,34.9671]]}},{"type":"Feature","properties":{"scalerank":8,"name":"Ou"},"geometry":{"type":"LineString","coordinates":[[119.0411,27.7882],[119.0001,27.7943],[118.9745,27.8188],[118.9678,27.8536],[118.9838,27.8905],[119.0675,27.9905],[119.0973,28.0473],[119.1123,28.0622],[119.1274,28.0694],[119.1743,28.0795],[119.1909,28.0911],[119.2202,28.1217],[119.2388,28.1309],[119.2772,28.1301],[119.3552,28.1067],[119.3927,28.1072],[119.4022,28.1112],[119.4107,28.1172],[119.4743,28.1823],[119.5014,28.2027],[119.5338,28.2138],[119.5496,28.2134],[119.5913,28.2014],[119.613,28.2049],[119.6298,28.2173],[119.6581,28.2498],[119.7525,28.3207],[119.7726,28.3404],[119.832,28.4285],[119.8487,28.4411],[119.8683,28.4448],[119.8915,28.4372],[119.9153,28.4151],[119.939,28.3612],[119.9585,28.3384],[119.9761,28.3307],[120.0338,28.3275],[120.0659,28.3198],[120.0961,28.3065],[120.1063,28.2977],[120.1231,28.2744],[120.1332,28.2666],[120.1463,28.2628],[120.158,28.2613],[120.1697,28.2587],[120.1822,28.2512],[120.1921,28.2421],[120.1988,28.2332],[120.2148,28.2021],[120.2205,28.1946],[120.2337,28.1829],[120.2661,28.1566],[120.2765,28.15],[120.2896,28.145],[120.3181,28.1407],[120.3335,28.1409],[120.3467,28.1437],[120.3792,28.1602],[120.3917,28.1618],[120.4044,28.1592],[120.4434,28.1435],[120.4601,28.1411],[120.5116,28.1412],[120.5264,28.138],[120.5696,28.1134]]}},{"type":"Feature","properties":{"scalerank":8,"name":"Toxkan"},"geometry":{"type":"LineString","coordinates":[[75.9832,40.4239],[75.9824,40.4361],[75.9726,40.4894],[75.9683,40.565],[75.9633,40.5839],[75.962,40.5952],[75.9588,40.607],[75.942,40.6219],[75.9347,40.6326],[75.9309,40.6713],[75.9462,40.7032],[75.9718,40.7298],[75.9988,40.7523],[76.0272,40.7775],[76.0475,40.7908],[76.0709,40.8004],[76.0962,40.804],[76.1159,40.8111],[76.1675,40.8586],[76.1792,40.8647],[76.2227,40.8797],[76.229,40.8723],[76.2542,40.8834],[76.2817,40.892],[76.3111,40.8975],[76.4319,40.9054],[76.4602,40.9105],[76.4723,40.9147],[76.4902,40.9258],[76.5017,40.931],[76.5185,40.9344],[76.5821,40.9287],[76.6051,40.9214],[76.6199,40.9085],[76.6178,40.8894],[76.8904,40.8837],[77.0235,40.8509],[77.0706,40.8539],[77.1659,40.8758],[77.1825,40.8756],[77.2143,40.8654],[77.2302,40.8627],[77.2869,40.8671],[77.3064,40.8658],[77.3323,40.8559],[77.3884,40.8159],[77.4092,40.7969],[77.4249,40.7701],[77.4297,40.7659],[77.4429,40.7679],[77.4675,40.777],[77.4812,40.7796],[77.4926,40.7789],[77.5227,40.7727],[77.5272,40.7711],[77.5313,40.7684],[77.5361,40.7661],[77.5427,40.7659],[77.5483,40.7686],[77.5571,40.7775],[77.5601,40.7796],[77.5694,40.7828],[77.5823,40.7973],[77.6251,40.8211],[77.6511,40.8421],[77.6684,40.8518],[77.7569,40.8685],[77.8189,40.8917],[77.8632,40.9029],[77.9099,40.9074],[78.0303,40.8944],[78.0466,40.8859],[78.0764,40.8775],[78.1199,40.8861],[78.2314,40.926],[78.2498,40.9301],[78.2691,40.9312],[78.3209,40.9288],[78.3451,40.9312],[78.3718,40.9397],[78.4317,40.9662],[78.4629,40.9738],[78.4954,40.972],[78.5358,40.9588],[78.5561,40.9552],[78.5772,40.9586],[78.6748,41.006],[78.7286,41.043],[78.7498,41.0518],[78.8086,41.0626],[78.8208,41.0681],[78.8489,41.0911],[78.8662,41.1],[78.9246,41.1128],[78.9497,41.123],[79.0471,41.1912],[79.0698,41.2186],[79.0807,41.2281],[79.1921,41.2818],[79.3062,41.3531],[79.3513,41.3638],[79.398,41.3601],[79.4435,41.3384],[79.475,41.3122],[79.4933,41.3017],[79.5588,41.2924],[79.6409,41.2716],[79.6744,41.2516],[79.7683,41.1732],[79.8085,41.1519],[79.8531,41.135],[79.8959,41.1261],[79.9484,41.1281],[79.9917,41.1418],[80.043,41.1731]]}},{"type":"Feature","properties":{"scalerank":8,"name":"Banas"},"geometry":{"type":"LineString","coordinates":[[74.6174,25.2262],[74.624,25.2327],[74.634,25.2407],[74.6596,25.2487],[74.6787,25.2444],[74.6973,25.2362],[74.7213,25.2325],[74.8233,25.256],[74.8599,25.2578],[74.9053,25.2468],[74.9194,25.2482],[74.9263,25.2559],[74.9317,25.2658],[74.9415,25.274],[74.9553,25.2722],[75.0191,25.2488],[75.0391,25.2537],[75.0549,25.2753],[75.0654,25.3028],[75.0689,25.3253],[75.067,25.333],[75.0588,25.3492],[75.0569,25.358],[75.0592,25.3712],[75.0694,25.397],[75.0699,25.4102],[75.0592,25.4441],[75.0623,25.4563],[75.0776,25.4759],[75.1891,25.581],[75.2166,25.6253],[75.2199,25.6355],[75.2217,25.6444],[75.2244,25.6529],[75.2305,25.6625],[75.2412,25.6722],[75.252,25.679],[75.2625,25.6876],[75.2715,25.702],[75.2749,25.7132],[75.2789,25.7359],[75.2834,25.7473],[75.3836,25.8781],[75.4225,25.9151],[75.4576,25.9253],[75.4619,25.9208],[75.4749,25.9019],[75.4815,25.8953],[75.4908,25.892],[75.5128,25.8893],[75.5232,25.8864],[75.5431,25.8854],[75.5497,25.9015],[75.5481,25.9241],[75.5435,25.9429],[75.542,25.9639],[75.5494,25.9815],[75.5641,25.9904],[75.6062,25.9799],[75.6269,25.9857],[75.645,25.9991],[75.6589,26.0166],[75.6661,26.0573],[75.657,26.1012],[75.6537,26.1411],[75.6788,26.1702],[75.6919,26.1737],[75.7168,26.1756],[75.7299,26.1817],[75.7631,26.2061],[75.7822,26.2158],[75.8012,26.2181],[75.8186,26.2128],[75.8559,26.1937],[75.875,26.1865],[75.9284,26.1732],[75.9428,26.1651],[75.9557,26.1499],[75.9648,26.1341],[75.9757,26.12],[75.9952,26.1104],[76.0201,26.1101],[76.0449,26.119],[76.0891,26.1431],[76.171,26.1763],[76.3157,26.2112],[76.3762,26.1909],[76.4116,26.1986],[76.4492,26.2124],[76.4859,26.219],[76.5814,26.2162],[76.606,26.207],[76.6162,26.191],[76.6133,26.1751],[76.6072,26.1597],[76.6082,26.145],[76.6176,26.1381],[76.6463,26.1345],[76.6592,26.1273],[76.6656,26.117],[76.6713,26.1021],[76.6753,26.0867],[76.6765,26.0747],[76.6725,26.06],[76.6588,26.0292],[76.6567,26.0119],[76.6599,25.997],[76.6666,25.9854],[76.6769,25.9764],[76.6904,25.9699],[76.7041,25.9603],[76.7227,25.9344],[76.7395,25.9261]]}},{"type":"Feature","properties":{"scalerank":8,"name":"Zayü"},"geometry":{"type":"LineString","coordinates":[[97.1482,29.4387],[97.1431,29.4152],[97.1423,29.3928],[97.147,29.3713],[97.1723,29.3255],[97.1919,29.2639],[97.2066,29.1667],[97.2177,29.1357],[97.2426,29.11],[97.2627,29.1024],[97.3064,29.0987],[97.3279,29.0921],[97.3428,29.083],[97.3566,29.0716],[97.3792,29.0479],[97.3972,29.0225],[97.434,28.9396],[97.4762,28.8751],[97.4863,28.8514],[97.4907,28.8238],[97.4861,28.8012],[97.4698,28.7525],[97.4723,28.6892],[97.4653,28.6695],[97.4355,28.6425],[97.3999,28.6319],[97.3256,28.6263],[97.2678,28.6075],[97.2468,28.6082],[97.2266,28.6124],[97.213,28.613],[97.2,28.61],[97.1401,28.585],[97.1084,28.5604],[97.084,28.5276]]}},{"type":"Feature","properties":{"scalerank":8,"name":"Zhang"},"geometry":{"type":"LineString","coordinates":[[112.9484,37.069],[112.938,36.9874],[112.9151,36.9085],[112.8909,36.8618],[112.8814,36.8344],[112.888,36.8223],[112.9212,36.8238],[112.9365,36.8228],[112.9636,36.8145],[112.9723,36.8129],[113.0115,36.812],[113.0234,36.805],[113.03,36.7918],[113.0347,36.769],[113.0396,36.759],[113.0413,36.7547],[113.042,36.7506],[113.0455,36.7393],[113.0534,36.7311],[113.0693,36.7198],[113.0845,36.6944],[113.0904,36.6871],[113.0969,36.6829],[113.1031,36.6812],[113.1098,36.6804],[113.117,36.6782],[113.1285,36.6697],[113.1373,36.6567],[113.143,36.6417],[113.145,36.6274],[113.1489,36.6211],[113.1792,36.61],[113.2144,36.5823],[113.2332,36.5623],[113.2412,36.5445],[113.2472,36.5238],[113.2615,36.5095],[113.2959,36.4871],[113.3051,36.4779],[113.3154,36.4652],[113.3232,36.4592],[113.3565,36.4442],[113.3682,36.4356],[113.3793,36.4218],[113.3954,36.3895],[113.4052,36.3745],[113.4218,36.3633],[113.4439,36.3579],[113.4888,36.3556],[113.5075,36.3579],[113.5449,36.3693],[113.5641,36.3723],[113.5782,36.3717],[113.5846,36.3703],[113.5911,36.3677],[113.5963,36.3635],[113.6075,36.3524],[113.6138,36.3494],[113.621,36.3497],[113.634,36.3542],[113.6418,36.3537],[113.6484,36.3505],[113.6592,36.3424],[113.6668,36.3408],[113.6741,36.3423],[113.6799,36.346],[113.691,36.3552],[113.6978,36.3589],[113.7027,36.3602],[113.7895,36.3404],[113.808,36.3393],[113.8251,36.345],[113.8587,36.3627],[113.8671,36.3653],[113.8731,36.3646],[113.8784,36.3614],[113.892,36.3504],[113.8991,36.3461],[113.9068,36.3441],[113.9157,36.345],[113.928,36.348],[113.9336,36.3485],[113.9539,36.3465],[113.9597,36.3477],[113.9658,36.3508],[113.9755,36.3583],[113.9809,36.3599],[113.989,36.3589],[114.0042,36.3532],[114.0167,36.3447],[114.0274,36.3338],[114.0374,36.3215],[114.0478,36.3118],[114.0593,36.3087],[114.072,36.3104],[114.0859,36.3155],[114.0977,36.3245],[114.1087,36.3361],[114.1205,36.3443],[114.1358,36.3425],[114.1466,36.3318],[114.157,36.3048],[114.1688,36.2963],[114.2001,36.2911],[114.2089,36.2855],[114.2144,36.2784],[114.2239,36.2632],[114.23,36.2568],[114.2374,36.253],[114.2617,36.252],[114.3043,36.2406],[114.3137,36.2406],[114.3324,36.244],[114.3506,36.2451],[114.3632,36.2515],[114.3716,36.2543],[114.3844,36.2559],[114.4423,36.2537],[114.4495,36.2506],[114.468,36.2354],[114.4783,36.2338],[114.489,36.2344],[114.5019,36.2326],[114.5241,36.2228],[114.5415,36.2118],[114.5596,36.2028],[114.5841,36.1991],[114.5962,36.2001],[114.6174,36.2049],[114.6282,36.2059],[114.6392,36.2038],[114.6612,36.1941],[114.6731,36.1917],[114.6936,36.1933],[114.7472,36.2067],[114.7851,36.2295],[115.0917,36.2928],[115.1119,36.3015],[115.1463,36.3289],[115.1807,36.346],[115.1901,36.3531],[115.2,36.3586],[115.2216,36.3616],[115.2316,36.3666],[115.2388,36.3738],[115.2459,36.3867],[115.2633,36.4111],[115.2706,36.4327],[115.2745,36.4566],[115.2759,36.4796],[115.2827,36.4871],[115.289,36.4988],[115.3088,36.5174],[115.3174,36.528],[115.3202,36.5367],[115.3228,36.5563],[115.3274,36.5653],[115.3434,36.5745],[115.3477,36.5816],[115.3413,36.5929],[115.3414,36.5997],[115.3484,36.6086],[115.3652,36.6243],[115.3998,36.6716],[115.4097,36.6789],[115.4238,36.6863],[115.4434,36.7034],[115.4609,36.7228],[115.4776,36.7535],[115.4993,36.7616],[115.544,36.7676],[115.6261,36.7935],[115.6641,36.8152],[115.6806,36.8428]]}},{"type":"Feature","properties":{"scalerank":8,"name":"Orhon"},"geometry":{"type":"LineString","coordinates":[[106.1554,50.254],[106.1905,50.2436],[106.197,50.2403],[106.1958,50.2298],[106.1875,50.2215],[106.1812,50.2131],[106.1944,50.1852],[106.185,50.1706],[106.1685,50.1573],[106.1554,50.1441],[106.1417,50.1099],[106.1439,50.1053],[106.1541,50.1021],[106.1554,50.0963],[106.1524,50.09],[106.1436,50.0821],[106.1386,50.0721],[106.1231,50.0526],[106.1121,50.044],[106.1163,50.034],[106.124,50.0245],[106.1275,50.0212],[106.1396,49.9903],[106.1417,49.9796],[106.1407,49.9763],[106.138,49.9713],[106.1353,49.9654],[106.1349,49.9591],[106.1378,49.9532],[106.1423,49.9482],[106.1467,49.9444],[106.1485,49.9418],[106.1508,49.9307],[106.1602,49.9185],[106.1624,49.9079],[106.1584,49.8957],[106.1491,49.8864],[106.1275,49.8697],[106.1074,49.8477],[106.1008,49.8424],[106.0715,49.8309],[106.0667,49.8257],[106.0624,49.814],[106.0527,49.8063],[106.0431,49.8015],[106.0387,49.798],[106.0115,49.7599],[105.9892,49.7399],[105.9742,49.7304],[105.96,49.7264],[105.9015,49.6984],[105.8936,49.691],[105.8706,49.6609],[105.8587,49.6509],[105.833,49.6357],[105.7442,49.5697],[105.7266,49.5619],[105.6917,49.557],[105.6695,49.5432],[105.6616,49.5216],[105.6694,49.4936],[105.6605,49.4837],[105.6435,49.4687],[105.6348,49.4588],[105.6157,49.4297],[105.6109,49.4248],[105.6043,49.4215],[105.5962,49.4136],[105.5893,49.4034],[105.5862,49.3934],[105.5814,49.3872],[105.5522,49.3701],[105.5478,49.3616],[105.5385,49.3353],[105.5303,49.3199],[105.5269,49.3111],[105.5254,49.2982],[105.5168,49.288],[105.4634,49.2391],[105.4609,49.2354],[105.4591,49.2291],[105.456,49.2255],[105.4503,49.2222],[105.4456,49.2213],[105.4409,49.221],[105.4127,49.2096],[105.4024,49.204],[105.3911,49.1951],[105.3787,49.1791],[105.359,49.1426],[105.3461,49.13],[105.3214,49.122],[105.2332,49.1231],[105.2169,49.1312],[105.2022,49.1472],[105.183,49.158],[105.1543,49.151],[105.1465,49.1427],[105.1387,49.1309],[105.1275,49.1202],[105.1103,49.1157],[105.1008,49.1097],[105.0793,49.0803],[105.073,49.069],[105.0706,49.0581],[105.0714,49.0488],[105.0706,49.04],[105.0351,49.0033],[105.0165,48.9886],[104.9999,48.979],[104.9815,48.9738],[104.957,48.9722]]}},{"type":"Feature","properties":{"scalerank":8,"name":"Orhon"},"geometry":{"type":"LineString","coordinates":[[101.509,47.0219],[101.5504,46.975],[101.554,46.9666],[101.5595,46.9634],[101.5758,46.9493],[101.5811,46.9462],[101.5909,46.9444],[101.666,46.9156],[101.6812,46.9017],[101.6918,46.8587],[101.7041,46.8395],[101.7217,46.8251],[101.7423,46.8165],[101.7636,46.812],[101.8181,46.8071],[102.0426,46.821],[102.3582,46.9151],[102.4015,46.9356],[102.4649,46.9475],[102.4854,46.9551],[102.5508,46.9904],[102.5747,46.9946],[102.6089,47.0185],[102.6177,47.023],[102.6432,47.0257],[102.6536,47.0281],[102.7065,47.074],[102.7156,47.0865],[102.7222,47.1027],[102.7378,47.1129],[102.7559,47.1211],[102.7701,47.1311],[102.7896,47.1656],[102.801,47.2102],[102.8023,47.2564],[102.7906,47.2962],[102.7423,47.3609],[102.7232,47.3785],[102.6952,47.4328],[102.6884,47.4547],[102.6891,47.4698],[102.6929,47.4844],[102.6952,47.5048],[102.6901,47.5205],[102.6536,47.5694],[102.6276,47.5946],[102.6026,47.6145],[102.5862,47.6387],[102.5859,47.6775],[102.5952,47.6945],[102.6264,47.7285],[102.6358,47.7501],[102.6417,47.755],[102.6465,47.7614],[102.646,47.7731],[102.6404,47.7805],[102.6196,47.7928],[102.6119,47.8011],[102.6204,47.8373],[102.6111,47.8825],[102.5921,47.9245],[102.5717,47.9512],[102.5615,47.9564],[102.552,47.9584],[102.5435,47.962],[102.5368,47.9717],[102.5376,47.9789],[102.5449,48.0012],[102.5471,48.0059],[102.5676,48.0134],[102.5734,48.0317],[102.5717,48.0748],[102.5889,48.137],[102.5928,48.1828],[102.5969,48.201],[102.6226,48.2544],[102.6289,48.2762],[102.6323,48.2967],[102.6331,48.3152],[102.6299,48.3238],[102.6152,48.3338],[102.6119,48.3431],[102.5982,48.4305],[102.5982,48.4492],[102.6036,48.4667],[102.6217,48.5043],[102.6228,48.5144],[102.6152,48.5314],[102.6272,48.5397],[102.6446,48.5473],[102.6576,48.5706],[102.6675,48.5749],[102.6878,48.5795],[102.69,48.5821],[102.6923,48.5862],[102.6956,48.5904],[102.7014,48.5932],[102.7085,48.5942],[102.7209,48.5931],[102.7293,48.5932],[102.7749,48.6004],[102.8149,48.612],[102.9229,48.658],[102.9723,48.6683],[103.0216,48.6691],[103.0576,48.6547],[103.0748,48.6549],[103.0956,48.6419],[103.1475,48.5943],[103.1675,48.5795],[103.1819,48.5741],[103.2289,48.5645],[103.2344,48.5646],[103.2471,48.57],[103.262,48.5745],[103.2739,48.5716],[103.2822,48.5605],[103.2861,48.5528],[103.2915,48.5483],[103.3047,48.5471],[103.3137,48.5505],[103.3359,48.5649],[103.3491,48.5682],[103.3712,48.5658],[103.3799,48.5675],[103.3935,48.575],[103.3824,48.586],[103.3984,48.5943],[103.4412,48.6017],[103.5063,48.5954],[103.5343,48.5965],[103.5371,48.5976],[103.5383,48.6027],[103.5442,48.6159],[103.5425,48.6232],[103.5422,48.6297],[103.5442,48.6365],[103.5483,48.6409],[103.5647,48.6501],[103.5921,48.678],[103.603,48.6801],[103.6123,48.6788],[103.622,48.6788],[103.6343,48.6849],[103.6262,48.678],[103.6539,48.6663],[103.6923,48.6595],[103.7267,48.6618],[103.7433,48.678],[103.7319,48.6821],[103.7223,48.6873],[103.7147,48.6945],[103.7088,48.7047],[103.7385,48.699],[103.7512,48.6995],[103.7636,48.7217],[103.7798,48.7222],[103.7971,48.7158],[103.8084,48.7084],[103.8165,48.6983],[103.822,48.6883],[103.8251,48.6782],[103.8261,48.6675],[103.8314,48.6636],[103.8428,48.6688],[103.8543,48.6801],[103.8595,48.6948],[103.8674,48.72],[103.8867,48.7128],[103.9284,48.678],[103.9365,48.6778],[103.949,48.6844],[103.9557,48.6849],[103.963,48.6817],[103.9762,48.6706],[103.9785,48.6672],[103.9805,48.6612],[103.9837,48.6549],[103.9898,48.6501],[103.997,48.6487],[104.0234,48.6501],[104.0152,48.6636],[104.0138,48.6777],[104.0199,48.6839],[104.0464,48.6661],[104.0626,48.6609],[104.0957,48.6575],[104.1538,48.6644],[104.172,48.663],[104.1899,48.6592],[104.207,48.658],[104.2227,48.6644],[104.2086,48.6751],[104.2131,48.6795],[104.2275,48.6798],[104.2823,48.6699],[104.3023,48.6717],[104.3189,48.6849],[104.3521,48.6646],[104.3766,48.6813],[104.4114,48.7364],[104.426,48.7411],[104.447,48.7405],[104.4672,48.7362],[104.4937,48.7236],[104.5064,48.7305],[104.5249,48.7531],[104.5175,48.76],[104.5284,48.77],[104.5371,48.7837],[104.547,48.7957],[104.5615,48.801],[104.583,48.8009],[104.5913,48.803],[104.6063,48.8282],[104.627,48.8482],[104.6406,48.8581],[104.6509,48.8624],[104.6729,48.864],[104.6865,48.869],[104.7161,48.8903],[104.7603,48.9156],[104.7882,48.9396],[104.8018,48.9481],[104.8328,48.9593],[104.8674,48.963],[104.9374,48.9617],[104.9631,48.9722]]}},{"type":"Feature","properties":{"scalerank":8,"name":"Cagayan"},"geometry":{"type":"LineString","coordinates":[[121.6861,17.6085],[121.6817,17.6242],[121.6901,17.6455],[121.7074,17.6622],[121.7387,17.6729],[121.7379,17.6822],[121.7249,17.7032],[121.718,17.7115],[121.705,17.7215],[121.6975,17.7311],[121.7179,17.738],[121.7101,17.7581],[121.6764,17.8],[121.6874,17.8008],[121.6995,17.8002],[121.7123,17.8011],[121.7249,17.8062],[121.7166,17.8187],[121.7046,17.8463],[121.6975,17.854],[121.6829,17.856],[121.669,17.8514],[121.6557,17.8448],[121.6422,17.841],[121.6529,17.8574],[121.6519,17.8714],[121.6458,17.8846],[121.6422,17.8987],[121.6469,17.9351],[121.6465,17.9506],[121.6392,17.9571],[121.6049,17.9708],[121.6012,18.0035],[121.614,18.0422],[121.6292,18.0738],[121.6608,18.1142],[121.6597,18.1253],[121.6524,18.1389],[121.6495,18.1568],[121.6497,18.1932],[121.6528,18.2101],[121.667,18.2431],[121.6701,18.2587],[121.6666,18.2715],[121.6422,18.314]]}},{"type":"Feature","properties":{"scalerank":8,"name":null},"geometry":{"type":"LineString","coordinates":[[102.6119,16.7716],[102.6314,16.7722],[102.6515,16.7681],[102.6697,16.7607],[102.6816,16.751],[102.6878,16.751],[102.6969,16.759],[102.6988,16.7539],[102.6984,16.744],[102.7014,16.7374],[102.7119,16.7347],[102.7192,16.7352],[102.726,16.7368],[102.7354,16.7374],[102.7701,16.7306],[102.7739,16.726],[102.7769,16.7194],[102.7817,16.7184],[102.7906,16.7306],[102.7915,16.7114],[102.8059,16.7158],[102.8247,16.7293],[102.8391,16.7374],[102.833,16.7287],[102.8323,16.7211],[102.8365,16.7148],[102.8453,16.7095],[102.8256,16.696],[102.8228,16.6832],[102.8279,16.6673],[102.8316,16.6449],[102.8543,16.6269],[102.8596,16.6207],[102.8591,16.6009],[102.8627,16.593],[102.8726,16.6002],[102.8862,16.5872],[102.8824,16.5764],[102.8862,16.5655],[102.8823,16.556],[102.8868,16.546],[102.8963,16.5374],[102.9067,16.532],[102.8993,16.5245],[102.9024,16.5175],[102.9048,16.5158],[102.9046,16.5151],[102.8993,16.5109],[102.8993,16.504],[102.9091,16.4986],[102.9084,16.4925],[102.9018,16.487],[102.8931,16.4835],[102.9038,16.4713],[102.9124,16.458],[102.9216,16.4508],[102.9347,16.4562],[102.9507,16.4319],[102.9546,16.4221],[102.9561,16.4147],[102.9531,16.403],[102.9409,16.3812]]}},{"type":"Feature","properties":{"scalerank":8,"name":"Luan"},"geometry":{"type":"LineString","coordinates":[[116.6144,41.9079],[116.5737,41.8895],[116.5545,41.8762],[116.5411,41.8587],[116.5274,41.8216],[116.5166,41.8045],[116.49,41.7855],[116.4788,41.7717],[116.4756,41.7499],[116.4826,41.7335],[116.4942,41.7185],[116.5017,41.7037],[116.4956,41.6878],[116.5208,41.6848],[116.5327,41.6679],[116.5425,41.649],[116.5613,41.64],[116.5728,41.644],[116.5845,41.6512],[116.5964,41.6555],[116.6212,41.6449],[116.6323,41.6486],[116.6428,41.6556],[116.6533,41.6605],[116.6651,41.6615],[116.7016,41.6605],[116.7358,41.6723],[116.7463,41.6742],[116.7644,41.6711],[116.8881,41.6224],[116.9102,41.6196],[116.9203,41.6207],[116.94,41.6253],[116.9514,41.6264],[116.9675,41.6251],[116.9767,41.6217],[116.9844,41.6173],[117.0641,41.5887],[117.1043,41.5829],[117.1547,41.5676],[117.1746,41.5582],[117.192,41.543],[117.2019,41.5377],[117.211,41.5376],[117.2202,41.5397],[117.2271,41.5365],[117.2297,41.5203],[117.2315,41.5141],[117.2398,41.498],[117.2428,41.4892],[117.2424,41.4768],[117.2397,41.4664],[117.2392,41.4562],[117.2466,41.4445],[117.2505,41.4364],[117.2514,41.4253],[117.2503,41.4036],[117.2551,41.3922],[117.2667,41.3815],[117.2906,41.3663],[117.3067,41.3525],[117.317,41.3493],[117.3397,41.3599],[117.3515,41.3588],[117.3563,41.3534],[117.3458,41.3446],[117.3525,41.3408],[117.3554,41.3396],[117.3595,41.3384],[117.3595,41.331],[117.3186,41.331],[117.3267,41.3212],[117.3364,41.317],[117.3467,41.3138],[117.356,41.3073],[117.3513,41.3048],[117.3481,41.2913],[117.3447,41.2448],[117.3541,41.2286],[117.3936,41.2012],[117.3862,41.195],[117.3936,41.1876],[117.3994,41.1909],[117.4076,41.1926],[117.4175,41.193],[117.4284,41.1922],[117.4625,41.1849],[117.4755,41.1796],[117.4824,41.1745],[117.4892,41.1544],[117.4905,41.1279],[117.4878,41.1024],[117.4824,41.0852],[117.5066,41.085],[117.5147,41.0727],[117.5102,41.056],[117.496,41.0429],[117.5088,41.027],[117.5039,41.0124],[117.4951,40.9979],[117.496,40.9821],[117.5287,40.9913],[117.5615,40.9787],[117.5923,40.9627],[117.6196,40.9616],[117.6298,40.9715],[117.6393,40.9857],[117.6509,40.998],[117.6674,41.0026],[117.6796,40.9962],[117.6978,40.9666],[117.709,40.9548],[117.7661,40.9431],[117.7773,40.9344],[117.7734,40.9243],[117.7634,40.9148],[117.7607,40.9049],[117.7773,40.8934],[117.7945,40.8915],[117.8111,40.8968],[117.8262,40.9037],[117.8394,40.9064],[117.8566,40.9005],[117.8645,40.8889],[117.863,40.8741],[117.8536,40.8586],[117.87,40.8597],[117.8887,40.8649],[117.9068,40.8723],[117.9205,40.8797],[117.926,40.8872],[117.9241,40.8936],[117.9249,40.898],[117.938,40.8996],[117.9463,40.8957],[117.9647,40.8777],[117.969,40.8723],[117.9712,40.8644],[117.9709,40.8554],[117.9723,40.848],[117.979,40.8449],[117.9908,40.8462],[118.0146,40.8513],[118.0241,40.8518],[118.0449,40.8449],[118.053,40.8324],[118.0577,40.8168],[118.0686,40.8008],[118.0851,40.7916],[118.1069,40.783],[118.1255,40.7728],[118.1335,40.759],[118.1323,40.7499],[118.1267,40.7289],[118.1329,40.7183],[118.1509,40.7041],[118.1546,40.6978],[118.1607,40.6809],[118.1719,40.6716],[118.1788,40.6634],[118.1713,40.65],[118.1406,40.6223],[118.1362,40.6104],[118.1607,40.6122],[118.1563,40.6057],[118.1519,40.5978],[118.1489,40.5886],[118.1471,40.5781],[118.1699,40.5878],[118.1817,40.5906],[118.1949,40.5917],[118.1904,40.5798],[118.1746,40.5507],[118.186,40.553],[118.204,40.5652],[118.2161,40.5706],[118.215,40.5589],[118.2182,40.55],[118.2251,40.5445],[118.2365,40.5433],[118.2345,40.5388],[118.2313,40.5273],[118.2291,40.5228],[118.2651,40.5149],[118.2706,40.5123],[118.2664,40.5028],[118.2476,40.5019],[118.2433,40.4924],[118.2488,40.488],[118.2751,40.4901],[118.2843,40.4887],[118.2913,40.4768],[118.2885,40.4654],[118.2774,40.4477],[118.2753,40.4348],[118.2774,40.403],[118.2744,40.3903],[118.2603,40.3727],[118.2569,40.3621],[118.2603,40.3502],[118.2744,40.3278],[118.2774,40.3174],[118.2737,40.3082],[118.2501,40.2764],[118.2588,40.2745],[118.2841,40.2716],[118.2913,40.2696],[118.2959,40.2636],[118.2969,40.2582],[118.2969,40.2516],[118.2986,40.2416],[118.2971,40.2403],[118.2922,40.2291],[118.2913,40.2246],[118.2932,40.2196],[118.3023,40.2123],[118.3048,40.2081],[118.3075,40.1986],[118.311,40.191],[118.3115,40.1831],[118.3048,40.1727],[118.3176,40.1519],[118.3342,40.1473],[118.3775,40.1535],[118.4508,40.145],[118.5237,40.1505],[118.5678,40.1464],[118.6006,40.1268],[118.6133,40.0846],[118.6119,40.0736],[118.6065,40.0538],[118.6065,40.0436],[118.61,40.0378],[118.6235,40.0221],[118.6264,40.0126],[118.6308,40.0028],[118.6499,39.9888],[118.6597,39.965],[118.6725,39.9573],[118.6882,39.9539],[118.7021,39.9536],[118.7337,39.9639],[118.7412,39.958],[118.7437,39.9304],[118.749,39.9218],[118.7725,39.9156],[118.7778,39.9096],[118.7789,39.8985],[118.782,39.8914],[118.8027,39.8601],[118.8074,39.8483],[118.8041,39.8362],[118.7914,39.8171],[118.7996,39.8008],[118.7887,39.7874],[118.7725,39.7761],[118.7642,39.7659],[118.7622,39.7557],[118.753,39.7337],[118.7505,39.7215],[118.7511,39.7101],[118.7573,39.6837],[118.7803,39.6494],[118.8267,39.6219],[118.8623,39.5937],[118.8535,39.557],[118.8779,39.546],[118.9102,39.5423],[118.9734,39.5434],[118.9746,39.5371],[118.9702,39.5018],[118.9807,39.494],[119.0195,39.4722],[119.0317,39.467],[119.0481,39.4674],[119.0807,39.4784],[119.0966,39.4813],[119.1147,39.4791],[119.1494,39.4693],[119.1651,39.467],[119.1905,39.4578],[119.2449,39.419],[119.2575,39.4124]]}},{"type":"Feature","properties":{"scalerank":8,"name":"Liu"},"geometry":{"type":"LineString","coordinates":[[109.5286,23.7964],[109.5232,23.824],[109.522,23.8487],[109.5273,23.8721],[109.5422,23.8929],[109.5605,23.9031],[109.5989,23.9073],[109.6498,23.9288],[109.6632,23.9374],[109.6736,23.952],[109.6784,23.9722],[109.6792,23.9953],[109.6715,24.0595],[109.6719,24.0729],[109.6769,24.0848],[109.6997,24.1204],[109.7177,24.1827],[109.7283,24.2064],[109.7319,24.2187],[109.7309,24.2318],[109.7202,24.2479],[109.7014,24.2634],[109.6802,24.2752],[109.6616,24.2805],[109.6389,24.2767],[109.5733,24.2442],[109.5488,24.2381],[109.5308,24.2391],[109.4924,24.255],[109.4783,24.2574],[109.4663,24.2576],[109.4595,24.2637],[109.46,24.2838],[109.4653,24.3001],[109.4902,24.3463],[109.5014,24.4029],[109.4985,24.4114],[109.4928,24.42]]}},{"type":"Feature","properties":{"scalerank":8,"name":"Rong"},"geometry":{"type":"LineString","coordinates":[[109.4928,24.42],[109.485,24.4224],[109.4592,24.3934],[109.4248,24.3797],[109.4133,24.3613],[109.4126,24.3391],[109.4151,24.319],[109.4121,24.3111],[109.3941,24.3258],[109.3671,24.3591],[109.3517,24.3705],[109.3263,24.378],[109.3062,24.389],[109.3064,24.4078],[109.312,24.4304],[109.3069,24.4526],[109.2846,24.4676],[109.2433,24.4688],[109.2314,24.4899],[109.2322,24.5054],[109.2398,24.5167],[109.2605,24.5374],[109.2692,24.557],[109.2661,24.5709],[109.2446,24.6004],[109.2397,24.6201],[109.2398,24.6402],[109.2373,24.6586],[109.2246,24.6737],[109.207,24.6771],[109.1863,24.6757],[109.1675,24.6777],[109.1562,24.6915],[109.1572,24.7033],[109.172,24.7215],[109.1757,24.7312],[109.169,24.749],[109.1393,24.7718],[109.1323,24.7922],[109.1357,24.8011],[109.1422,24.8091],[109.1469,24.8182],[109.1441,24.8303],[109.1311,24.8467],[109.1316,24.8527],[109.1387,24.867],[109.1511,24.8846],[109.1617,24.8856],[109.1749,24.8797],[109.1952,24.8765],[109.2119,24.8846],[109.2212,24.9025],[109.23,24.9424],[109.238,24.96],[109.2442,24.9691],[109.2432,24.9793],[109.2295,25],[109.2578,25.0198],[109.2659,25.0473],[109.2699,25.0772],[109.287,25.1043],[109.3058,25.1164],[109.3233,25.1247],[109.3394,25.135],[109.354,25.153],[109.3776,25.2059],[109.3941,25.2625],[109.4037,25.3303],[109.4121,25.3494],[109.4268,25.3719],[109.4326,25.3868],[109.4306,25.4271],[109.4356,25.4668],[109.4661,25.5428],[109.4745,25.5823],[109.4712,25.616],[109.4592,25.6507]]}},{"type":"Feature","properties":{"scalerank":8,"name":"Nen"},"geometry":{"type":"LineString","coordinates":[[126.0405,51.0187],[126.0439,50.9999],[126.0486,50.9922],[126.0533,50.9864],[126.0561,50.9802],[126.0538,50.9606],[126.0449,50.9431],[126.0312,50.9285],[126.0144,50.9182],[126.0205,50.9113],[126.0182,50.9077],[126.0007,50.9017],[125.9946,50.8941],[125.9929,50.8842],[125.99,50.8751],[125.9802,50.8703],[125.963,50.8857],[125.9514,50.8925],[125.9462,50.8877],[125.944,50.8781],[125.9391,50.8696],[125.9322,50.8623],[125.9251,50.8566],[125.917,50.8612],[125.9084,50.8625],[125.8999,50.8609],[125.8909,50.8566],[125.8984,50.8523],[125.9036,50.8474],[125.9118,50.8362],[125.8958,50.8281],[125.8466,50.7945],[125.8364,50.7847],[125.8237,50.7667],[125.7678,50.7678],[125.7537,50.7542],[125.7618,50.744],[125.7996,50.7134],[125.8084,50.6959],[125.8027,50.6906],[125.7825,50.6755],[125.7844,50.6723],[125.7901,50.6668],[125.802,50.6375],[125.8096,50.5968],[125.8091,50.5621],[125.7931,50.5342],[125.7537,50.514],[125.7412,50.5117],[125.7217,50.5104],[125.7128,50.5072],[125.7055,50.5002],[125.694,50.4827],[125.6891,50.4793],[125.6802,50.4775],[125.6677,50.4732],[125.6567,50.4678],[125.6519,50.4628],[125.6465,50.4526],[125.6337,50.4481],[125.5864,50.441],[125.5745,50.4362],[125.5693,50.4287],[125.5727,50.4053],[125.572,50.3939],[125.5659,50.3942],[125.5418,50.4065],[125.5305,50.3929],[125.521,50.3427],[125.5133,50.3249],[125.5061,50.314],[125.4971,50.3092],[125.4873,50.3067],[125.4749,50.3005],[125.4641,50.2924],[125.4595,50.2844],[125.4567,50.2723],[125.4505,50.2666],[125.4436,50.2623],[125.439,50.254],[125.4429,50.2462],[125.4512,50.2387],[125.4533,50.2319],[125.439,50.226],[125.4426,50.211],[125.434,50.2006],[125.4181,50.1945],[125.3848,50.1898],[125.3428,50.1646],[125.3593,50.1445],[125.3424,50.129],[125.3154,50.1245],[125.3013,50.1373],[125.288,50.1293],[125.2744,50.1177],[125.2642,50.1057],[125.2603,50.0963],[125.2634,50.0952],[125.2779,50.0741],[125.2808,50.069],[125.2927,50.0662],[125.3169,50.0664],[125.3291,50.0622],[125.311,50.0511],[125.2918,50.0497],[125.25,50.0548],[125.2433,50.051],[125.2515,50.0429],[125.263,50.0357],[125.2671,50.0342],[125.2748,50.0292],[125.282,50.0262],[125.2887,50.0223],[125.295,50.0144],[125.2883,50.0044],[125.2803,49.9979],[125.2698,49.9943],[125.2568,49.9933],[125.2478,49.9888],[125.2326,49.9672],[125.2255,49.9591],[125.1993,49.9564],[125.1863,49.9516],[125.1882,49.9418],[125.1978,49.9343],[125.2175,49.9241],[125.2255,49.9182],[125.2236,49.9006],[125.2371,49.888],[125.2446,49.877],[125.2255,49.8636],[125.2344,49.8479],[125.2163,49.8405],[125.1907,49.8336],[125.1777,49.8189],[125.1826,49.8111],[125.1939,49.8063],[125.2066,49.8027],[125.2158,49.798],[125.223,49.7869],[125.2236,49.7762],[125.2192,49.7537],[125.2192,49.668],[125.2156,49.6612],[125.2067,49.6531],[125.1965,49.6466],[125.1882,49.6439],[125.179,49.6468],[125.162,49.6607],[125.151,49.6643],[125.1249,49.6565],[125.1304,49.6364],[125.1476,49.6193],[125.163,49.6206],[125.1747,49.6143],[125.1951,49.5998],[125.2013,49.592],[125.2065,49.5783],[125.2124,49.5681],[125.2201,49.5623],[125.2283,49.5596],[125.2354,49.5543],[125.2398,49.5408],[125.2333,49.5421],[125.223,49.5321],[125.2183,49.5196],[125.2293,49.5135],[125.2301,49.5021],[125.2671,49.4383],[125.2638,49.4269],[125.2455,49.4009],[125.2398,49.39],[125.2405,49.3786],[125.2511,49.3546],[125.2534,49.3428],[125.2449,49.3211],[125.2304,49.3015],[125.2222,49.2854],[125.2329,49.2739],[125.2271,49.2642],[125.2221,49.2587],[125.2192,49.2603],[125.2184,49.259],[125.218,49.2398],[125.2192,49.2391],[125.2195,49.2343],[125.2254,49.231],[125.2255,49.2255],[125.2227,49.2199],[125.2141,49.2116],[125.209,49.2034],[125.2003,49.1951],[125.19,49.1878],[125.1814,49.1845],[125.1734,49.1805],[125.1641,49.1597],[125.1578,49.151],[125.1353,49.1388],[125.1126,49.135],[125.0623,49.1367],[125.0504,49.141],[125.041,49.1504],[125.0309,49.164],[124.9547,49.1656],[124.9024,49.1772],[124.8732,49.1783],[124.8638,49.1753],[124.856,49.1677],[124.8511,49.1575],[124.8493,49.1473],[124.8457,49.1365],[124.837,49.1296],[124.8279,49.1236],[124.822,49.1157],[124.823,49.0815],[124.8213,49.0608],[124.8115,49.0443],[124.7975,49.0305],[124.7861,49.0148],[124.698,48.8494],[124.6749,48.8316],[124.6694,48.8218],[124.6575,48.7941],[124.6325,48.7619],[124.6216,48.7419],[124.624,48.7259],[124.6183,48.7149],[124.6159,48.6992],[124.6159,48.6675],[124.6133,48.6524],[124.6069,48.6386],[124.5894,48.6159],[124.5377,48.5716],[124.5313,48.5592],[124.5334,48.5476],[124.5484,48.5198],[124.5333,48.5015],[124.5371,48.4842],[124.5439,48.4667],[124.5377,48.4481],[124.53,48.4315],[124.5261,48.3885],[124.5204,48.369],[124.5471,48.3522],[124.5591,48.3148],[124.5619,48.2362],[124.5484,48.2051],[124.5439,48.2012],[124.5278,48.1909],[124.5261,48.1839],[124.5265,48.1786],[124.5278,48.1745],[124.5278,48.171],[124.5247,48.1426],[124.5203,48.1286],[124.5105,48.1225],[124.4942,48.1192],[124.482,48.1115],[124.4713,48.1025],[124.4589,48.0952],[124.4067,48.0833],[124.3811,48.0716],[124.3702,48.0505],[124.3657,48.0292],[124.355,48.0179],[124.3416,48.0101],[124.3291,47.999],[124.3258,47.9903],[124.3224,47.9693],[124.3184,47.9615],[124.2915,47.9417],[124.2839,47.9344],[124.2818,47.9208],[124.2883,47.9028],[124.2988,47.8858],[124.3081,47.8755],[124.2455,47.8044],[124.2302,47.7781],[124.2192,47.7657],[124.2467,47.7526],[124.2392,47.7368],[124.2307,47.7266],[124.2199,47.7191],[124.2051,47.711],[124.2053,47.7088],[124.2041,47.7042],[124.1992,47.6995],[124.1593,47.69],[124.1536,47.6874],[124.1065,47.6429],[124.0897,47.6158],[124.0952,47.5881],[124.0806,47.5795],[124.0413,47.5465],[124.0326,47.543],[124.0133,47.5403],[123.9859,47.5267],[123.9475,47.5014],[123.9337,47.4881],[123.9312,47.4864],[123.9284,47.484],[123.9246,47.4782],[123.9229,47.471],[123.9246,47.4547],[123.9212,47.4478],[123.8936,47.4322],[123.8816,47.4221],[123.8767,47.4063],[123.8809,47.3979],[123.8991,47.3897],[123.9034,47.3796],[123.9014,47.3725],[123.8965,47.3665],[123.8918,47.3617],[123.8897,47.3585],[123.891,47.3525],[123.896,47.3392],[123.8972,47.3315],[123.891,47.3204],[123.8789,47.3086],[123.8709,47.2969],[123.8767,47.2864],[123.8599,47.2534],[123.8489,47.2432],[123.8283,47.2319],[123.8207,47.2487],[123.8095,47.2507],[123.7637,47.2261],[123.7512,47.2218],[123.6901,47.2088],[123.6774,47.2045],[123.6445,47.1816],[123.629,47.1766],[123.6083,47.1765],[123.5982,47.1787],[123.5952,47.1748],[123.605,47.0462],[123.5976,47.0181],[123.5745,47.0264],[123.513,46.937],[123.473,46.8575],[123.4658,46.8346]]}},{"type":"Feature","properties":{"scalerank":8,"name":"Wuding"},"geometry":{"type":"LineString","coordinates":[[109.9373,37.9556],[109.9795,37.9524],[110.0205,37.9252],[110.0717,37.861],[110.127,37.8164],[110.1677,37.767],[110.1793,37.7493],[110.1843,37.7303],[110.2066,37.6844],[110.2043,37.6724],[110.1998,37.6611],[110.198,37.6515],[110.1998,37.6397],[110.2024,37.6311],[110.2089,37.6259],[110.2222,37.6242],[110.2305,37.6185],[110.2329,37.6055],[110.2328,37.5826],[110.2505,37.5484],[110.2551,37.5327],[110.2876,37.4693],[110.2996,37.4529],[110.3368,37.4389],[110.3467,37.4213],[110.3482,37.3989],[110.3421,37.3771],[110.3666,37.3667],[110.3792,37.3538],[110.3972,37.3095],[110.4037,37.3208],[110.4086,37.3229],[110.413,37.3183],[110.4177,37.3095],[110.4151,37.2996],[110.4055,37.2908],[110.4029,37.2846],[110.4212,37.2822],[110.4324,37.2831],[110.4521,37.2874],[110.4622,37.2884],[110.4653,37.2826],[110.4599,37.2695],[110.4451,37.2474],[110.4356,37.2447],[110.426,37.2469],[110.4192,37.246],[110.4177,37.2338],[110.4229,37.2215],[110.441,37.2095],[110.4451,37.1962],[110.4214,37.168],[110.4165,37.1502],[110.4376,37.1376],[110.4177,37.1103],[110.4236,37.1],[110.419,37.0908],[110.4129,37.0819],[110.4142,37.0731],[110.4288,37.0597],[110.4338,37.053],[110.4376,37.042]]}},{"type":"Feature","properties":{"scalerank":8,"name":null},"geometry":{"type":"LineString","coordinates":[[90.3652,29.1192],[90.3359,29.1315],[90.3271,29.1306],[90.3203,29.1243],[90.3167,29.1174],[90.3115,29.1122],[90.3007,29.1111],[90.2925,29.1135],[90.2783,29.1216],[90.2708,29.1243],[90.2612,29.1246],[90.2112,29.1158],[90.2,29.1158],[90.1917,29.1192],[90.19,29.1226],[90.1879,29.1317],[90.186,29.1354],[90.1821,29.1385],[90.1774,29.1404],[90.1682,29.1424],[90.1501,29.1407],[90.1349,29.1317],[90.1204,29.1198],[90.105,29.1098],[90.0865,29.1045],[90.0711,29.106],[90.0572,29.113],[90.0361,29.13],[90.0044,29.1492],[89.9589,29.1971],[89.9425,29.2095],[89.927,29.2173],[89.8728,29.2263],[89.8559,29.234],[89.848,29.2407],[89.7907,29.3179]]}},{"type":"Feature","properties":{"scalerank":8,"name":"Aksu"},"geometry":{"type":"LineString","coordinates":[[80.043,41.1731],[80.0667,41.1876],[80.0912,41.1771],[80.1013,41.1715],[80.1491,41.1329],[80.1626,41.1304],[80.1757,41.1308],[80.1885,41.1297],[80.2005,41.1227],[80.2114,41.113],[80.2214,41.1079],[80.2328,41.106],[80.2485,41.1057],[80.2714,41.0978],[80.2874,41.0784],[80.2969,41.0529],[80.3023,41.0126],[80.312,40.9932],[80.3137,40.9821],[80.3103,40.9693],[80.3032,40.9595],[80.2857,40.9412],[80.3056,40.9054],[80.3115,40.8874],[80.3137,40.862],[80.3211,40.8494],[80.3689,40.8108],[80.3746,40.8038],[80.3844,40.7888],[80.3894,40.7835],[80.3998,40.7781],[80.4187,40.7723],[80.4522,40.7463],[80.4542,40.7425],[80.485,40.7215],[80.513,40.6942],[80.5172,40.6932],[80.5292,40.6951],[80.5334,40.6942],[80.5361,40.6893],[80.5401,40.6755],[80.5434,40.6702],[80.5759,40.6509],[80.5806,40.6433],[80.5823,40.6327],[80.6049,40.5772],[80.6173,40.567],[80.6348,40.5639],[80.6597,40.5638],[80.6708,40.5605],[80.6767,40.5526],[80.6808,40.5425],[80.6867,40.5334],[80.698,40.5257],[80.7081,40.5242],[80.7192,40.5247],[80.732,40.5228],[80.8372,40.4718],[80.8823,40.4682]]}},{"type":"Feature","properties":{"scalerank":8,"name":"Luhit"},"geometry":{"type":"LineString","coordinates":[[97.084,28.5276],[97.0647,28.4846],[97.0505,28.435],[97.0411,28.3795],[97.0381,28.3232],[97.052,28.1863],[97.0444,28.1474],[96.9937,28.0477],[96.9877,28.027],[96.9846,27.9753],[96.9795,27.9588],[96.9594,27.9358],[96.928,27.9141],[96.8933,27.8992],[96.864,27.8963],[96.8458,27.904],[96.8219,27.9289],[96.8074,27.94],[96.7844,27.9487],[96.7112,27.9656],[96.6858,27.9796],[96.5908,28.0731],[96.5742,28.0853],[96.5523,28.0919],[96.5137,28.0893],[96.4804,28.0738],[96.4531,28.0484],[96.4329,28.0158],[96.4259,27.9835],[96.4238,27.9473],[96.4172,27.9147],[96.3967,27.8935],[96.3772,27.8899],[96.3186,27.9022],[96.3012,27.9024],[96.251,27.896],[96.1912,27.9029],[96.1605,27.906],[96.145,27.906],[96.129,27.9041],[96.0947,27.8956],[95.9127,27.822],[95.8876,27.8167],[95.877,27.8177],[95.8694,27.8211],[95.8613,27.8231],[95.8496,27.8199],[95.796,27.7954],[95.7652,27.7703],[95.7524,27.7665],[95.7393,27.7675],[95.7329,27.7719],[95.728,27.7777],[95.7201,27.7828],[95.6411,27.8087],[95.6243,27.8101],[95.5686,27.807],[95.5533,27.8121],[95.5392,27.8189],[95.5203,27.8234],[95.5014,27.8211],[95.4867,27.8164],[95.4767,27.8181],[95.4722,27.8353],[95.4595,27.8439]]}},{"type":"Feature","properties":{"scalerank":8,"name":"Uda"},"geometry":{"type":"LineString","coordinates":[[130.5032,54.0085],[130.5146,54.0397],[130.5161,54.0501],[130.5144,54.0599],[130.5053,54.0748],[130.5032,54.0811],[130.505,54.0935],[130.5103,54.0985],[130.5178,54.1016],[130.5272,54.1085],[130.5317,54.1108],[130.5421,54.1127],[130.5442,54.1153],[130.5457,54.1215],[130.5493,54.1283],[130.554,54.1346],[130.5585,54.1395],[130.5741,54.1524],[130.5943,54.1657],[130.6163,54.1762],[130.6538,54.1852],[130.6978,54.2049],[130.7223,54.2078],[130.8096,54.1857],[130.8762,54.1593],[130.9255,54.1176],[130.9387,54.1123],[130.9524,54.118],[130.9722,54.1361],[130.9927,54.1422],[131.016,54.1319],[131.0513,54.1047],[131.0683,54.0961],[131.0923,54.0911],[131.1128,54.0911],[131.1296,54.0858],[131.1632,54.0827],[131.2295,54.0638],[131.2813,54.0552],[131.3884,54.0562],[131.4942,54.07],[131.6608,54.0712],[131.7512,54.0592],[131.7825,54.0714],[131.8228,54.0775],[131.8283,54.0802],[131.8491,54.0935],[131.8594,54.0979],[131.888,54.1002],[131.9723,54.0911],[131.9814,54.088],[132.0054,54.0729],[132.0172,54.0599],[132.0334,54.057],[132.1723,54.057],[132.297,54.0742],[132.356,54.0743],[132.5318,54.1367],[132.5481,54.1494],[132.5717,54.1572],[132.6065,54.1537],[132.6682,54.1395],[132.6969,54.1367],[132.7781,54.1395],[132.8058,54.1352],[132.8574,54.1163],[132.888,54.1121],[132.9111,54.1154],[132.9571,54.1295],[132.9766,54.1326],[132.9888,54.1304],[133.002,54.1206],[133.0139,54.1184],[133.0298,54.1196],[133.042,54.1227],[133.0859,54.1402],[133.1065,54.1457],[133.1139,54.1463],[133.1343,54.1457],[133.1558,54.1522],[133.1646,54.1531],[133.1762,54.1574],[133.1824,54.1668],[133.1867,54.1761],[133.1926,54.1805],[133.2368,54.179],[133.251,54.1805],[133.3096,54.2042],[133.4133,54.2192],[133.436,54.2282],[133.4623,54.2451],[133.4701,54.2487],[133.5125,54.2551],[133.5216,54.2593],[133.5374,54.274],[133.5558,54.2846],[133.6719,54.315],[133.7691,54.3194],[133.7922,54.3244],[133.8141,54.3364],[133.8341,54.3509],[133.8555,54.3599],[133.9031,54.3524],[133.9291,54.3592],[133.9703,54.3791],[133.9873,54.3923],[133.9973,54.3975],[134.012,54.3996],[134.0245,54.3956],[134.0361,54.3887],[134.0484,54.3863],[134.0631,54.3958],[134.0732,54.404],[134.094,54.4153],[134.1038,54.4234],[134.1104,54.4337],[134.1134,54.4432],[134.1177,54.4523],[134.1275,54.461],[134.1497,54.4685],[134.1987,54.4739],[134.2202,54.4852],[134.2227,54.4945],[134.2195,54.5047],[134.2198,54.5129],[134.2339,54.5162],[134.2925,54.5094],[134.3071,54.5098],[134.3347,54.5152],[134.3472,54.5162],[134.3629,54.5136],[134.3901,54.5041],[134.4338,54.4999],[134.4552,54.4942],[134.4993,54.4753],[134.5492,54.4615],[134.5909,54.4632],[134.6292,54.4776],[134.7122,54.5272],[134.735,54.5342],[134.7817,54.5407],[134.8248,54.5616],[134.8615,54.5849],[134.8738,54.5895],[134.9434,54.5918],[134.9536,54.5948],[134.9654,54.6017],[134.9966,54.6087],[135.0196,54.6227],[135.0361,54.6282],[135.0532,54.6317],[135.0671,54.6329],[135.0815,54.6373],[135.0932,54.6475],[135.1038,54.659],[135.1148,54.6671],[135.1299,54.6711],[135.1764,54.6739],[135.2017,54.6831],[135.2241,54.6938],[135.2427,54.7037]]}},{"type":"Feature","properties":{"scalerank":8,"name":"Tumnin"},"geometry":{"type":"LineString","coordinates":[[138.8253,50.8846],[138.8721,50.8837],[138.8892,50.8777],[138.9482,50.8412],[139.0264,50.8057],[139.0625,50.7839],[139.1391,50.7186],[139.1858,50.7004],[139.206,50.6877],[139.2255,50.67],[139.2418,50.6595],[139.2617,50.6543],[139.2913,50.6529],[139.3381,50.6585],[139.3583,50.6574],[139.376,50.6468],[139.3953,50.6143],[139.4089,50.5987],[139.4456,50.5872],[139.4883,50.5671],[139.5151,50.5648],[139.5798,50.5825],[139.6004,50.5852],[139.6236,50.591],[139.6367,50.6053],[139.6459,50.6231],[139.6577,50.6399],[139.6709,50.6495],[139.6818,50.6531],[139.6929,50.6553],[139.7056,50.6603],[139.7208,50.676],[139.7309,50.6841],[139.7433,50.6877],[139.8359,50.7014],[139.8911,50.702],[139.9159,50.6965],[139.9355,50.6843],[139.9464,50.6702],[139.9669,50.6309],[139.9736,50.6119],[139.98,50.5825],[139.9859,50.5681],[139.9973,50.5539],[140.0131,50.5465],[140.0518,50.5434],[140.0693,50.5369],[140.0762,50.528],[140.0839,50.5129],[140.0885,50.4969],[140.0864,50.4857],[140.0635,50.4547],[140.0491,50.4404],[140.0313,50.4344],[140.0125,50.4315],[139.9995,50.4231],[139.9931,50.4102],[139.9936,50.3934],[140.0245,50.3416],[140.0361,50.328],[140.0424,50.3179],[140.0556,50.2904],[140.0781,50.2651],[140.0864,50.2503],[140.083,50.2352],[140.0914,50.2177],[140.0831,50.1976],[140.0696,50.1767],[140.0624,50.1567],[140.0738,50.1356],[140.0938,50.1227],[140.1017,50.1141],[140.0762,50.1055],[140.0641,50.1049],[140.0391,50.1072],[140.0276,50.1055],[140.0159,50.0981],[140.0095,50.0886],[140.0046,50.0781],[139.9973,50.0677],[139.9588,50.0366],[139.9433,50.0203],[139.9321,49.9962],[139.9288,49.9552],[139.9415,49.922],[139.9649,49.8949],[139.9936,49.8721],[140.1362,49.7994],[140.1655,49.7599],[140.1728,49.7396],[140.1713,49.7321],[140.1607,49.7102],[140.0497,49.543],[140.0348,49.5062],[140.0352,49.4588],[140.0488,49.4173],[140.0532,49.3861],[140.0556,49.3763],[140.0688,49.3557],[140.0883,49.3428],[140.2759,49.2805],[140.3391,49.2777]]}},{"type":"Feature","properties":{"scalerank":8,"name":"Poronay"},"geometry":{"type":"LineString","coordinates":[[143.0942,50.4793],[142.8958,50.4792],[142.8443,50.4737],[142.7755,50.429],[142.7932,50.3553],[142.9093,50.2011],[142.913,50.1944],[142.9133,50.1851],[142.9076,50.1737],[142.8897,50.1536],[142.8859,50.1407],[142.8882,50.1201],[142.9065,50.069],[142.942,50.0113],[142.9474,49.9899],[142.9452,49.9782],[142.936,49.9585],[142.9337,49.9486],[142.9374,49.9365],[142.9552,49.9154],[142.9617,49.9046],[142.9644,49.8834],[142.9542,49.8189],[142.9595,49.7974],[142.9719,49.7773],[142.9959,49.7469],[143.0088,49.7127],[143.0085,49.7066],[143.0024,49.6976],[143.002,49.6917],[143.0054,49.6854],[143.0102,49.681],[143.0143,49.676],[143.0232,49.6455],[143.0401,49.6302],[143.0601,49.6177],[143.0772,49.6035],[143.083,49.5943],[143.0919,49.5756],[143.0977,49.5681],[143.0959,49.5494],[143.1109,49.4986],[143.1113,49.48],[143.1246,49.4703],[143.1701,49.395],[143.176,49.3803],[143.1784,49.364],[143.1788,49.3428],[143.1769,49.3427],[143.1725,49.3404],[143.1685,49.3365],[143.1665,49.3322],[143.1685,49.3294],[143.1725,49.3275],[143.1769,49.3245],[143.1788,49.3186],[143.1765,49.3099],[143.171,49.3042],[143.1646,49.2996],[143.1597,49.2944],[143.1428,49.26],[143.1318,49.2255]]}},{"type":"Feature","properties":{"scalerank":8,"name":null},"geometry":{"type":"LineString","coordinates":[[117.9555,31.498],[117.9815,31.4529],[118.0309,31.4385],[118.0864,31.4326],[118.1475,31.404],[118.2532,31.393],[118.2698,31.4002],[118.2986,31.4291]]}},{"type":"Feature","properties":{"scalerank":8,"name":"Di’er Songhua"},"geometry":{"type":"LineString","coordinates":[[123.4658,46.8346],[123.4767,46.8237],[123.4892,46.8172],[123.504,46.8143],[123.523,46.8135],[123.5418,46.8158],[123.5481,46.8225],[123.5498,46.8334],[123.554,46.8483],[123.563,46.8652],[123.5704,46.8732],[123.5791,46.8756],[123.5916,46.8756],[123.5938,46.8692],[123.613,46.841],[123.6123,46.8346],[123.6047,46.8321],[123.5993,46.8258],[123.5959,46.8177],[123.5949,46.8101],[123.5984,46.8067],[123.6559,46.8061],[123.6712,46.8002],[123.6774,46.7831],[123.6851,46.7849],[123.7018,46.7757],[123.7519,46.7385],[123.7737,46.7173],[123.7666,46.7038],[123.7622,46.6903],[123.7599,46.6758],[123.759,46.6394],[123.7594,46.6353],[123.7625,46.6281],[123.7717,46.6151],[123.7737,46.6112],[123.7764,46.5946],[123.783,46.5871],[123.7918,46.5823],[123.801,46.5739],[123.8105,46.5554],[123.8084,46.544],[123.7874,46.5193],[123.8032,46.4979],[123.8364,46.4252],[123.8521,46.4095],[123.8552,46.4022],[123.8421,46.3576],[123.8468,46.3422],[123.854,46.3261],[123.8536,46.3128],[123.8421,46.3057],[123.8727,46.3032],[123.8848,46.2971],[123.8953,46.2691],[123.9072,46.2667],[123.919,46.2723],[123.9246,46.2828],[123.9268,46.2862],[123.9325,46.2897],[123.9391,46.2925],[123.9451,46.2933],[123.954,46.2923],[123.9565,46.2906],[123.9566,46.2868],[123.9586,46.2791],[123.9596,46.2678],[123.9573,46.2543],[123.9573,46.2393],[123.9654,46.2238],[123.9566,46.2097],[123.9583,46.1926],[123.9653,46.1756],[123.973,46.1624],[123.9761,46.1612],[123.9804,46.1624],[123.9843,46.1629],[123.9859,46.1593],[123.9856,46.1483],[123.9865,46.1431],[123.9932,46.133],[123.9982,46.1224],[124.0009,46.1123],[123.9962,46.1078],[123.9963,46.0982],[124.0015,46.077],[124.0109,46.056],[124.0239,46.0463],[124.0347,46.0428],[124.0387,46.0344],[124.0375,46.025],[124.0338,46.0184],[124.0224,46.0142],[124.0113,46.0165],[124.0014,46.0165],[123.9928,46.0054],[124.0064,45.9963],[124.001,45.9893],[123.9883,45.9835],[123.9791,45.9781],[123.9737,45.965],[123.9727,45.9519],[123.9749,45.9398],[123.9791,45.9296],[123.9976,45.9146],[124.0507,45.8887],[124.0617,45.8716],[124.0585,45.8568],[124.0444,45.8413],[124.0413,45.8303],[124.0462,45.8209],[124.0549,45.8155],[124.0596,45.8089],[124.0512,45.7962],[124.0403,45.7904],[124.0278,45.7872],[124.0176,45.7817],[124.0133,45.7686],[124.0217,45.7625],[124.0615,45.7479],[124.0747,45.7447],[124.0702,45.7391],[124.0679,45.7355],[124.064,45.7332],[124.0549,45.7316],[124.0879,45.7178],[124.1028,45.7096],[124.1162,45.6968],[124.1192,45.6903],[124.1238,45.6726],[124.126,45.669],[124.1461,45.6685],[124.1553,45.6667],[124.1648,45.6627],[124.1479,45.6472],[124.1407,45.6321],[124.1489,45.6221],[124.1777,45.6218],[124.1996,45.6295],[124.2147,45.6378],[124.2234,45.6354],[124.2261,45.6112],[124.2333,45.6019],[124.2616,45.59],[124.2634,45.5839],[124.2613,45.5743],[124.266,45.5615],[124.2745,45.5502],[124.2839,45.5454],[124.332,45.5471],[124.3521,45.5418],[124.3628,45.5256],[124.3609,45.5216],[124.3513,45.5104],[124.3491,45.5045],[124.3501,45.4985],[124.3523,45.4945],[124.356,45.4908],[124.3582,45.4815],[124.3615,45.4728],[124.3671,45.4648],[124.3765,45.4573],[124.3953,45.4514],[124.4142,45.4543],[124.4341,45.4602],[124.4555,45.4634],[124.4771,45.456],[124.5025,45.4232],[124.5241,45.4156],[124.5492,45.4144],[124.5629,45.4151],[124.5722,45.4191],[124.5776,45.4296],[124.5774,45.4398],[124.5787,45.4492],[124.5894,45.4573],[124.6115,45.4478],[124.6311,45.4464],[124.6746,45.4505]]}},{"type":"Feature","properties":{"scalerank":4,"name":"Xi"},"geometry":{"type":"LineString","coordinates":[[111.3014,23.4807],[111.3928,23.4777],[111.4248,23.4716],[111.4551,23.458],[111.4671,23.449],[111.4771,23.4386],[111.4854,23.4266],[111.4916,23.4131],[111.5048,23.3691],[111.5116,23.3554],[111.5475,23.3101],[111.5549,23.2932],[111.5532,23.2744],[111.5348,23.2391],[111.5322,23.2198],[111.5381,23.2044],[111.5492,23.1929],[111.5637,23.1854],[111.5962,23.1796],[111.6109,23.1751],[111.6584,23.1512],[111.6682,23.1481],[111.6782,23.1462],[111.6891,23.1458],[111.7109,23.1476],[111.7217,23.1473],[111.7273,23.1459],[111.7431,23.139],[111.7525,23.1373],[111.7717,23.1372],[111.801,23.1323],[111.8784,23.1407],[111.8828,23.1395],[111.8853,23.1368],[111.8897,23.1287],[111.8922,23.1253],[111.8989,23.1207],[111.9063,23.1181],[111.9145,23.1175],[111.9348,23.1214],[111.9404,23.1216],[111.9468,23.1204],[111.9524,23.1181],[111.9628,23.1116],[111.9682,23.1096],[111.9741,23.097],[111.9861,23.0894],[112.0006,23.0854],[112.052,23.0777],[112.0704,23.0771],[112.0893,23.082],[112.1006,23.0865],[112.1123,23.0898],[112.1245,23.091],[112.1372,23.0897],[112.162,23.0802],[112.1689,23.0789],[112.1748,23.0787],[112.2052,23.0852],[112.2105,23.0878],[112.2255,23.1002],[112.2315,23.1031],[112.2564,23.1268],[112.2843,23.148],[112.3154,23.1596],[112.35,23.1542],[112.3745,23.1324],[112.4006,23.0732],[112.4253,23.0521],[112.4448,23.0473],[112.4649,23.0482],[112.4839,23.054],[112.5011,23.0641],[112.5137,23.0761],[112.5432,23.1187],[112.5678,23.1463],[112.5958,23.1656],[112.6282,23.176],[112.6646,23.1769],[112.768,23.168],[112.783,23.1638],[112.7959,23.1558],[112.8059,23.1424],[112.8587,22.9726],[112.9273,22.8357],[112.939,22.8231],[112.9537,22.8131],[112.9701,22.8066],[113.04,22.7957],[113.0569,22.7908],[113.0713,22.7818],[113.081,22.7675],[113.085,22.7505],[113.0862,22.6964],[113.0891,22.6781],[113.0953,22.661],[113.1065,22.6458],[113.1436,22.6165],[113.1544,22.6048],[113.1618,22.5921],[113.1655,22.5756]]}},{"type":"Feature","properties":{"scalerank":4,"name":"Xi"},"geometry":{"type":"LineString","coordinates":[[112.8047,23.1479],[112.8451,23.1599],[112.8837,23.1485],[112.9179,23.1282],[112.9483,23.101],[112.9718,23.0725],[112.9799,23.0554],[112.982,23.0404]]}},{"type":"Feature","properties":{"scalerank":4,"name":"Xi"},"geometry":{"type":"LineString","coordinates":[[112.9799,23.0411],[112.982,23.0404]]}},{"type":"Feature","properties":{"scalerank":4,"name":"Xi"},"geometry":{"type":"LineString","coordinates":[[112.982,23.0404],[112.9959,23.0353],[113.013,23.0345],[113.0291,23.0369],[113.042,23.0411],[113.0758,23.0565],[113.0899,23.0543],[113.1109,23.0411],[113.1244,23.0593],[113.1376,23.0673],[113.1528,23.0677],[113.1724,23.0629],[113.2086,23.0445],[113.2201,23.0411],[113.3132,23.0554],[113.3232,23.0532],[113.3434,23.0434],[113.3543,23.0411],[113.3912,23.0383],[113.4075,23.044],[113.4194,23.0629]]}},{"type":"Feature","properties":{"scalerank":4,"name":"Xi"},"geometry":{"type":"LineString","coordinates":[[112.982,23.0404],[112.9826,23.0363],[112.9829,22.9985],[112.9873,22.9803],[113.0029,22.9529],[113.0241,22.927],[113.0493,22.9052],[113.0762,22.8902],[113.0963,22.8862],[113.1091,22.8905],[113.121,22.8984],[113.1376,22.9046],[113.1578,22.9051],[113.1754,22.9026],[113.193,22.9029],[113.2133,22.912]]}},{"type":"Feature","properties":{"scalerank":4,"name":"Xi"},"geometry":{"type":"LineString","coordinates":[[113.0828,22.7643],[113.0898,22.7612],[113.1389,22.7458],[113.1519,22.7394],[113.1607,22.732],[113.1758,22.7093],[113.1865,22.7038],[113.1952,22.7076],[113.207,22.7202],[113.2322,22.7345],[113.2442,22.7347],[113.2617,22.7264],[113.3038,22.6932],[113.3232,22.6848],[113.3423,22.6806],[113.3611,22.6787],[113.3713,22.6764],[113.3735,22.6709],[113.374,22.6639],[113.3779,22.6575],[113.426,22.6241],[113.4399,22.6104],[113.4567,22.5828],[113.4678,22.5733],[113.4871,22.5694],[113.4971,22.5715],[113.5098,22.5809],[113.5181,22.5831],[113.5298,22.5816],[113.5383,22.5792],[113.5462,22.5788],[113.5559,22.5831]]}},{"type":"Feature","properties":{"scalerank":9,"name":"Dan"},"geometry":{"type":"LineString","coordinates":[[111.229,33.0556],[111.2461,33.0364],[111.263,33.0193],[111.2868,33.0024],[111.3088,32.9883],[111.3585,32.9685],[111.444,32.9408],[111.469,32.93],[111.492,32.9134],[111.5112,32.8977],[111.5268,32.8721],[111.5348,32.8381],[111.5377,32.8089],[111.5473,32.7723],[111.5584,32.7388],[111.5509,32.7127],[111.5247,32.6961],[111.5088,32.6767],[111.5033,32.6533],[111.4988,32.6382],[111.4909,32.6213],[111.485,32.6109],[111.4765,32.5848],[111.4776,32.5695]]}},{"type":"Feature","properties":{"scalerank":9,"name":"Dan"},"geometry":{"type":"LineString","coordinates":[[109.8738,33.8821],[110.0287,33.8341],[110.1674,33.756],[110.1953,33.7426],[110.2984,33.7187],[110.3128,33.7121],[110.3255,33.7028],[110.3351,33.6904],[110.3368,33.6851],[110.3381,33.6732],[110.3411,33.6666],[110.3495,33.6574],[110.381,33.6302],[110.4004,33.6044],[110.4161,33.5764],[110.4331,33.522],[110.4464,33.4989],[110.4717,33.4842],[110.698,33.445],[110.7622,33.4473],[110.7932,33.4417],[110.8116,33.42],[110.8214,33.4008],[110.8359,33.3875],[110.8689,33.366],[110.8755,33.3592],[110.8863,33.336],[110.8965,33.3253],[110.9966,33.2672],[111.0268,33.2303],[111.157,33.1186],[111.1853,33.1057],[111.2051,33.0999],[111.2139,33.093],[111.229,33.0556]]}}]}