{"type":"FeatureCollection","features":[{"type":"Feature","properties":{"scalerank":1,"name":"Irrawaddy Delta"},"geometry":{"type":"LineString","coordinates":[[95.4511,17.8205],[95.4277,17.8447],[95.3878,17.8244],[95.3245,17.7618],[95.3053,17.7499],[95.2725,17.7553],[95.2555,17.7482],[95.1973,17.6765],[95.2095,17.6638],[95.2144,17.645],[95.2109,17.6317],[95.1973,17.6349],[95.1716,17.6192],[95.1607,17.6094],[95.1563,17.597],[95.1594,17.5836],[95.1659,17.5681],[95.1699,17.5534],[95.1665,17.5424],[95.1238,17.51],[95.1091,17.4884],[95.1152,17.4637],[95.0982,17.468],[95.0855,17.4598],[95.0756,17.4451],[95.0675,17.4295],[95.0921,17.4298],[95.0894,17.4073],[95.0751,17.3804],[95.0641,17.3675],[95.0232,17.3408],[95,17.3336],[94.9991,17.3538],[94.981,17.3585],[94.9609,17.3539],[94.9446,17.3431],[94.9378,17.3295],[94.9378,17.2991],[94.9363,17.2935],[94.9308,17.2853],[94.9302,17.2786],[94.9552,17.2391],[94.957,17.2286],[94.937,17.2192],[94.9306,17.2081],[94.9259,17.1953],[94.9203,17.1859],[94.915,17.1796],[94.9082,17.1675],[94.9036,17.1619],[94.8975,17.1579],[94.8757,17.1483],[94.8757,17.1354],[94.8689,17.1147],[94.8594,17.0953],[94.8517,17.0869],[94.8425,17.085],[94.8323,17.0804],[94.8238,17.0748],[94.8203,17.0698],[94.8233,17.059],[94.8301,17.0474],[94.8372,17.0391],[94.8416,17.0384],[94.8264,17.0261],[94.8059,17.0281],[94.7879,17.0279],[94.78,17.008],[94.7765,17.003],[94.7488,16.9807],[94.7412,16.9706],[94.7413,16.9624],[94.7442,16.9537],[94.7454,16.9422],[94.7365,16.8419],[94.7249,16.7852],[94.7267,16.7644],[94.7417,16.7403],[94.7454,16.7203],[94.7422,16.7145],[94.735,16.7095],[94.728,16.7032],[94.7249,16.6927],[94.7265,16.6807],[94.7324,16.6586],[94.7324,16.648],[94.7251,16.6348],[94.7024,16.6076],[94.6975,16.5903],[94.6963,16.5714],[94.6928,16.5572],[94.6863,16.5449],[94.677,16.532]]}},{"type":"Feature","properties":{"scalerank":1,"name":"Irrawaddy Delta"},"geometry":{"type":"LineString","coordinates":[[95.4503,17.7913],[95.4664,17.8013],[95.4863,17.827],[95.4926,17.8438],[95.4868,17.8777],[95.4861,17.8938],[95.4926,17.9092],[95.5108,17.9106],[95.5372,17.9254],[95.5575,17.9291],[95.574,17.9212],[95.5811,17.9055],[95.5874,17.8951],[95.6025,17.9025],[95.6096,17.8853],[95.6089,17.866],[95.6025,17.8236],[95.6043,17.8147],[95.6144,17.7898],[95.6253,17.7735],[95.6306,17.7556],[95.6359,17.7447],[95.6445,17.7345],[95.6514,17.7305],[95.6591,17.7283],[95.6826,17.7186],[95.6863,17.7186],[95.6856,17.7171],[95.6845,17.7069],[95.6812,17.6975],[95.6666,17.6954],[95.6633,17.6865],[95.6663,17.6816],[95.6845,17.6622],[95.7126,17.6155],[95.7217,17.6076],[95.7271,17.5986],[95.7211,17.5521],[95.7249,17.5319],[95.7377,17.5234],[95.7588,17.5135],[95.7783,17.5001],[95.7869,17.4804],[95.7833,17.4691],[95.7778,17.4593],[95.7778,17.4525],[95.7905,17.45],[95.7983,17.4464],[95.8023,17.4376],[95.8074,17.4158],[95.811,17.4105],[95.8215,17.4003],[95.8087,17.3933],[95.8116,17.3858],[95.8316,17.364],[95.8399,17.3516],[95.8423,17.3411],[95.8422,17.3258],[95.8477,17.3008],[95.8552,17.2799],[95.8665,17.2613],[95.8831,17.2439],[95.8926,17.2383],[95.9013,17.2346],[95.9077,17.228],[95.9105,17.2138],[95.9142,17.2007],[95.9241,17.1912],[95.9452,17.1762],[95.9575,17.1575],[95.9564,17.1436],[95.9478,17.1288],[95.9382,17.1073],[95.9434,17.0987],[95.9435,17.0738],[95.9452,17.0596],[95.9495,17.0468],[95.9551,17.0382],[95.9624,17.0314],[95.9723,17.0248],[96.0249,17.0001],[96.0503,16.9807],[96.0613,16.9531],[96.0841,16.9158],[96.087,16.9004],[96.1004,16.8619],[96.1137,16.8378],[96.1187,16.8212],[96.1217,16.8036],[96.1226,16.7883],[96.129,16.7767],[96.1441,16.7716],[96.1578,16.7696],[96.1712,16.7716]]}},{"type":"Feature","properties":{"scalerank":1,"name":"Irrawaddy Delta"},"geometry":{"type":"LineString","coordinates":[[95.4653,17.7069],[95.4495,17.7103],[95.4319,17.706],[95.4187,17.7073],[95.4182,17.7079],[95.3859,17.7216],[95.3753,17.697],[95.3738,17.6595],[95.3692,17.6349],[95.3525,17.6287],[95.3286,17.644],[95.314,17.6349],[95.308,17.6184],[95.3158,17.6066],[95.3279,17.5952],[95.335,17.5803],[95.3251,17.553],[95.2753,17.5159],[95.2661,17.4984],[95.2769,17.4844],[95.3418,17.4574],[95.3276,17.4394],[95.3252,17.4302],[95.3198,17.4302],[95.3131,17.4323],[95.3071,17.4295],[95.3024,17.4158],[95.3053,17.4051],[95.311,17.3953],[95.3186,17.3726],[95.3274,17.3627],[95.3329,17.3526],[95.3276,17.3401],[95.3171,17.3346],[95.3023,17.3327],[95.2695,17.3333],[95.2608,17.3387],[95.2616,17.3504],[95.268,17.3621],[95.2813,17.3706],[95.2797,17.3778],[95.2754,17.385],[95.273,17.3885],[95.2654,17.3939],[95.2636,17.3928],[95.2631,17.3876],[95.2593,17.381],[95.2495,17.3702],[95.2432,17.3588],[95.2398,17.3455],[95.2388,17.3295],[95.2441,17.3206],[95.27,17.3088],[95.2798,17.2991],[95.2637,17.3021],[95.2455,17.3094],[95.2281,17.314],[95.2147,17.3094],[95.2135,17.2961],[95.2258,17.2813],[95.2418,17.2661],[95.2517,17.2513],[95.2512,17.2367],[95.2471,17.2209],[95.2462,17.2081],[95.2555,17.2029],[95.2656,17.1956],[95.2602,17.1793],[95.2456,17.1631],[95.2158,17.1514],[95.2045,17.1408],[95.1959,17.1272],[95.191,17.1142],[95.1908,17.0937],[95.1983,17.0777],[95.2071,17.0636],[95.2114,17.049],[95.2057,17.0167],[95.1914,16.9813],[95.1734,16.9497],[95.1563,16.9292],[95.1671,16.9193],[95.1758,16.906],[95.1816,16.8915],[95.1836,16.878],[95.189,16.8746],[95.2007,16.8713],[95.2123,16.8644],[95.2199,16.844],[95.2297,16.8334],[95.2319,16.8262],[95.23,16.825],[95.2205,16.8168],[95.2177,16.8131],[95.1973,16.7579],[95.1923,16.7331],[95.191,16.7064],[95.1878,16.7023],[95.1799,16.7039],[95.1665,16.7095],[95.1575,16.7067],[95.1572,16.7],[95.1631,16.6859],[95.1589,16.6612],[95.1487,16.6462],[95.1353,16.6348],[95.1221,16.6207],[95.1323,16.5956],[95.1299,16.5785],[95.1157,16.5686],[95.0913,16.5655],[95.0508,16.5655],[95.0376,16.5613],[95.0352,16.5521],[95.0381,16.5428],[95.04,16.5382],[95.0269,16.5243],[95.0087,16.5108],[94.9926,16.4948],[94.9856,16.4737],[94.9819,16.4528],[94.9641,16.4094],[94.9517,16.3461],[94.9452,16.3297],[94.9341,16.3156],[94.8757,16.2713],[94.8662,16.2578],[94.8574,16.2418],[94.8467,16.2285],[94.8333,16.223]]}},{"type":"Feature","properties":{"scalerank":1,"name":"Irrawaddy Delta"},"geometry":{"type":"LineString","coordinates":[[95.6066,16.8579],[95.6189,16.8399],[95.6345,16.8313],[95.6522,16.8247],[95.6668,16.8162],[95.6694,16.8012],[95.6563,16.7571],[95.6633,16.7374],[95.683,16.7253],[95.7042,16.7217],[95.7424,16.7237],[95.7583,16.7177],[95.7681,16.7025],[95.78,16.6623],[95.7822,16.6515],[95.7827,16.6437],[95.7856,16.6382],[95.7944,16.6344],[95.8086,16.6352],[95.8186,16.6424],[95.8276,16.6509],[95.8384,16.6549],[95.8521,16.6624],[95.8594,16.6624],[95.8663,16.6404],[95.884,16.6254],[95.8899,16.6139],[95.8886,16.6102],[95.8831,16.5798],[95.8831,16.535],[95.8756,16.5248],[95.8425,16.5065],[95.8347,16.4972],[95.8393,16.4803],[95.8511,16.4706],[95.8633,16.4647],[95.8687,16.4597],[95.8687,16.4479],[95.8705,16.4332],[95.8775,16.4206],[95.8933,16.4153],[95.9063,16.4134],[95.9514,16.4016],[95.9833,16.4022],[95.9971,16.3972],[96.0066,16.3873]]}},{"type":"Feature","properties":{"scalerank":1,"name":"Irrawaddy Delta"},"geometry":{"type":"LineString","coordinates":[[95.479,16.8057],[95.4795,16.7821],[95.4829,16.7653],[95.4807,16.7499],[95.4653,16.7306],[95.4551,16.7259],[95.4461,16.7258],[95.4399,16.722],[95.4374,16.7064],[95.4386,16.6983],[95.4408,16.6949],[95.4412,16.6914],[95.4374,16.6828],[95.4329,16.6813],[95.426,16.6829],[95.4197,16.6834],[95.417,16.6791],[95.4127,16.5891],[95.4044,16.5445],[95.3897,16.504],[95.3845,16.509],[95.3692,16.5183],[95.3728,16.5018],[95.376,16.4938],[95.3793,16.4903],[95.3834,16.4852],[95.3818,16.4737],[95.376,16.4528],[95.3486,16.4016],[95.3433,16.3992],[95.3252,16.3935],[95.3213,16.3911],[95.3106,16.357],[95.2991,16.3413],[95.2892,16.3223],[95.2822,16.3036],[95.2729,16.2303],[95.2745,16.1844],[95.2716,16.169],[95.2617,16.156],[95.2344,16.1216],[95.2047,16.0889],[95.1856,16.048],[95.1848,16.0447],[95.1721,16.0394]]}},{"type":"Feature","properties":{"scalerank":1,"name":"Tuotuo"},"geometry":{"type":"LineString","coordinates":[[90.7947,34.3004],[90.8418,34.3037],[90.9233,34.327],[91.0665,34.3414],[91.0908,34.3383],[91.1275,34.3242],[91.1515,34.3209],[91.2193,34.3245],[91.2599,34.3166],[91.3052,34.3013],[91.3223,34.2908],[91.3404,34.2851],[91.3917,34.2935],[91.4146,34.2942],[91.4253,34.2912],[91.4448,34.2833],[91.4564,34.2805],[91.4684,34.2806],[91.5007,34.2874],[91.7048,34.2565],[91.7505,34.2595],[91.7927,34.2707],[91.8115,34.2682],[91.8194,34.2495],[91.8242,34.2285],[91.8367,34.2159],[91.874,34.198],[91.9399,34.1533],[91.9775,34.1365],[92.018,34.1365],[92.0305,34.14],[92.0352,34.1423],[92.0575,34.179],[92.065,34.1877],[92.0991,34.1971],[92.1163,34.2111],[92.1318,34.2271],[92.1484,34.239],[92.167,34.2451],[92.1918,34.2498],[92.2163,34.25],[92.234,34.2427],[92.3259,34.239],[92.5115,34.2117],[92.5606,34.2128],[92.5855,34.2103],[92.604,34.2011],[92.6313,34.1741],[92.6396,34.1628],[92.6441,34.14],[92.6487,34.1291],[92.6806,34.1009],[92.7226,34.0872],[92.8132,34.0813],[92.8393,34.083],[92.8865,34.0926],[92.9928,34.1003]]}},{"type":"Feature","properties":{"scalerank":1,"name":"Lena"},"geometry":{"type":"LineString","coordinates":[[120.7309,60.4994],[120.7158,60.4945],[120.6936,60.4792],[120.6749,60.4564],[120.6614,60.4309],[120.6538,60.4067]]}},{"type":"Feature","properties":{"scalerank":1,"name":"Lena"},"geometry":{"type":"LineString","coordinates":[[124.2852,60.643],[124.2539,60.6234],[124.103,60.5795],[124.0811,60.5762],[124.0602,60.577],[123.9971,60.5865],[123.898,60.5879],[123.8008,60.6041],[122.4431,60.5633],[122.2134,60.5934],[121.7677,60.5751],[121.7291,60.5781],[121.7171,60.5808]]}},{"type":"Feature","properties":{"scalerank":1,"name":"Lena"},"geometry":{"type":"LineString","coordinates":[[107.8031,54.2945],[107.8132,54.2939],[107.8279,54.2913],[107.8427,54.2871],[107.8526,54.2828],[107.8611,54.2775],[107.8774,54.2649],[107.8873,54.2591],[107.8976,54.256],[107.9514,54.2537],[107.9668,54.255],[108.0102,54.265],[108.0249,54.2652],[108.0386,54.2622],[108.0407,54.2609],[108.044,54.2581],[108.0459,54.2568],[108.052,54.2545],[108.0637,54.2534],[108.0694,54.2519],[108.075,54.2482],[108.0842,54.2386],[108.0903,54.2353],[108.0918,54.2352],[108.0962,54.2353],[108.0977,54.235],[108.1007,54.2307],[108.1017,54.2248],[108.1011,54.2126],[108.1065,54.1934],[108.1314,54.161],[108.1348,54.1404],[108.1324,54.1279],[108.1292,54.1175],[108.1241,54.1077],[108.0893,54.062],[108.0755,54.0484],[107.9909,54.0067],[107.9801,54.0042]]}},{"type":"Feature","properties":{"scalerank":1,"name":"Lena"},"geometry":{"type":"LineString","coordinates":[[120.6484,60.4034],[120.6274,60.3958],[120.606,60.3917],[120.5164,60.3897],[120.4293,60.3773],[120.3872,60.3775],[120.2862,60.3983],[120.2615,60.3994],[120.2418,60.3937],[120.2266,60.3807],[120.2035,60.3421],[120.1895,60.3312],[120.1343,60.3089],[120.0992,60.2852],[120.0833,60.2717],[120.0469,60.2323],[120.0322,60.2232],[120.0117,60.2176],[119.9674,60.2149],[119.9269,60.2183],[119.8718,60.2342],[119.5425,60.274],[119.5005,60.2725],[119.4612,60.2639],[119.2891,60.1795],[119.1325,60.0303],[119.0855,59.9982],[119.0352,59.9739],[119.0066,59.9644],[118.9822,59.9593],[118.9619,59.9598],[118.9435,59.956],[118.9318,59.9556],[118.8911,59.9608],[118.776,59.952],[118.7285,59.9405],[118.7057,59.9248],[118.6376,59.8927],[118.6006,59.8694],[118.5798,59.8618],[118.5509,59.8576],[118.5371,59.854],[118.5243,59.8469],[118.5151,59.8369],[118.509,59.8251],[118.4954,59.7867],[118.488,59.7745],[118.4789,59.7636],[118.468,59.7547],[118.4597,59.7507],[118.274,59.7148],[118.2261,59.7185],[118.0195,59.7794],[117.9498,59.817],[117.9249,59.8263],[117.7201,59.8681],[117.399,59.991],[117.3891,59.9975],[117.3615,60.0227],[117.3539,60.0275]]}},{"type":"Feature","properties":{"scalerank":1,"name":"Tongtian"},"geometry":{"type":"LineString","coordinates":[[92.9928,34.1003],[93.0117,34.1086],[93.0192,34.1244],[93.0243,34.145],[93.0342,34.163],[93.0562,34.1707],[93.0703,34.1788],[93.1126,34.2158],[93.1284,34.2259],[93.1704,34.2323],[93.3482,34.2321],[93.3599,34.2293],[93.3825,34.2203],[93.392,34.2185],[93.4142,34.2206],[93.4548,34.2299],[93.4773,34.2321],[93.4993,34.23],[93.543,34.2206],[93.6629,34.2117],[93.6996,34.2179],[93.7486,34.2323],[93.7925,34.2518],[93.8137,34.2731],[93.8115,34.2904],[93.8066,34.3057],[93.8111,34.3167],[93.8376,34.3209],[93.8499,34.3273],[93.8609,34.3421],[93.8751,34.3693],[93.8931,34.3914],[93.9003,34.4037],[93.9068,34.4413],[93.9172,34.4536],[93.9502,34.4724],[93.9732,34.4713],[94.0011,34.4918],[94.0576,34.5527],[94.0681,34.5613],[94.0823,34.5667],[94.1206,34.5715],[94.1522,34.5849],[94.1694,34.5891],[94.2052,34.5873],[94.2372,34.5822],[94.2646,34.5838],[94.2866,34.6021],[94.2958,34.6207],[94.3004,34.6337],[94.3076,34.6412],[94.3242,34.6436],[94.3372,34.6512],[94.3445,34.6647],[94.3512,34.671],[94.3623,34.6567],[94.3755,34.6765],[94.3923,34.6844],[94.4337,34.6846],[94.4518,34.6877],[94.4758,34.6953],[94.4968,34.7052],[94.5058,34.715],[94.5214,34.7447],[94.5584,34.764],[94.6025,34.7675],[94.6389,34.7498],[94.6524,34.7413],[94.8834,34.701],[94.9179,34.6863],[94.9439,34.6635],[94.9675,34.6706],[94.9778,34.6501],[94.9824,34.6226],[94.989,34.6089],[94.9978,34.6046],[95.0068,34.5858],[95.0162,34.5816],[95.0381,34.5811],[95.0469,34.5792],[95.0538,34.5748],[95.0576,34.5661],[95.0611,34.5427],[95.0675,34.5338],[95.0795,34.5299],[95.1011,34.5345],[95.1115,34.5307],[95.1563,34.4926],[95.1699,34.486],[95.1791,34.4881],[95.1885,34.4943],[95.199,34.4997],[95.2114,34.4996],[95.2188,34.4925],[95.2285,34.4698],[95.2354,34.4649],[95.2467,34.4661],[95.2661,34.4712],[95.2764,34.4724],[95.2876,34.4696],[95.304,34.4588],[95.314,34.4587],[95.3162,34.4632],[95.3155,34.4715],[95.3176,34.4803],[95.3276,34.486],[95.3384,34.4859],[95.3447,34.481],[95.348,34.4726],[95.3486,34.4618],[95.3579,34.4596],[95.4102,34.4178],[95.4451,34.3797],[95.4666,34.3626],[95.4926,34.3488],[95.5559,34.3299],[95.5781,34.3111],[95.5678,34.2805],[95.575,34.2758],[95.5889,34.2595],[95.5829,34.2539],[95.5747,34.2438],[95.5678,34.239],[95.5755,34.2316],[95.5855,34.2262],[95.5962,34.2247],[95.6176,34.2338],[95.6279,34.2294],[95.6373,34.2223],[95.6466,34.2185],[95.6666,34.2137],[95.6803,34.2008],[95.6881,34.1822],[95.6907,34.1602],[95.6953,34.1426],[95.7066,34.1292],[95.7888,34.0634],[95.7944,34.0533],[95.8259,34.0519],[95.8484,34.0151],[95.865,33.9718],[95.8796,33.951],[95.8897,33.9494],[95.8948,33.9449],[95.8965,33.9374],[95.8982,33.9144],[95.9024,33.9125],[95.9087,33.9138],[95.9172,33.91],[95.9338,33.8946],[95.9511,33.8824],[95.9701,33.8737],[95.9929,33.869],[95.9871,33.8432],[96.0077,33.8338],[96.0348,33.8292],[96.0481,33.8175],[96.0669,33.8102],[96.102,33.8059],[96.1221,33.7979],[96.0959,33.7796],[96.1306,33.7648],[96.1471,33.7627],[96.1607,33.7697],[96.1672,33.7709],[96.1753,33.768],[96.1819,33.7678],[96.1848,33.7766],[96.1887,33.7818],[96.1982,33.785],[96.2092,33.7864],[96.2183,33.7864],[96.2143,33.7799],[96.2114,33.7735],[96.2205,33.7726],[96.227,33.7685],[96.2305,33.7614],[96.2319,33.7517],[96.1978,33.7462],[96.2051,33.7355],[96.2273,33.7386],[96.2319,33.7288],[96.2346,33.718],[96.2415,33.7205],[96.2493,33.7281],[96.2561,33.7325],[96.294,33.7387],[96.3064,33.7371],[96.3105,33.7332],[96.3147,33.7319],[96.3281,33.7387],[96.3517,33.762],[96.3591,33.766],[96.3721,33.7629],[96.3923,33.7493],[96.4001,33.7462],[96.4058,33.7391],[96.3977,33.7018],[96.4038,33.6841],[96.4302,33.6909],[96.456,33.6796],[96.5,33.6431],[96.4878,33.6357],[96.4721,33.6289],[96.4721,33.6226],[96.5222,33.6207],[96.5776,33.6112],[96.6178,33.5884],[96.6235,33.5469],[96.6366,33.5518],[96.6519,33.5537],[96.6816,33.5537],[96.7007,33.5473],[96.7089,33.5333],[96.7067,33.5191],[96.6952,33.5128],[96.6895,33.5061],[96.694,33.4916],[96.7055,33.4718],[96.707,33.4655],[96.7067,33.4612],[96.7085,33.4563],[96.7227,33.4395],[96.7222,33.4341],[96.7158,33.4315],[96.7055,33.4309],[96.7055,33.4234],[96.7147,33.4192],[96.7219,33.4132],[96.728,33.4056],[96.7328,33.3967],[96.7346,33.4055],[96.7373,33.4092],[96.7431,33.41],[96.7533,33.4097],[96.7465,33.3967],[96.7649,33.3975],[96.7727,33.3888],[96.7741,33.3738],[96.7737,33.3557],[96.7851,33.3641],[96.7892,33.3862],[96.801,33.3898],[96.7935,33.3756],[96.803,33.3675],[96.8283,33.3135],[96.8326,33.3211],[96.8374,33.3262],[96.8489,33.3346],[96.8534,33.3251],[96.859,33.3221],[96.8657,33.3246],[96.8731,33.3309],[96.8808,33.3328],[96.9177,33.3272],[96.9365,33.333],[96.9509,33.3426],[96.964,33.3482],[96.9793,33.3414],[96.9767,33.3372],[96.9767,33.3362],[96.978,33.3343],[96.9793,33.3272],[96.9856,33.3343],[96.9915,33.338],[97.0071,33.3414],[97.0045,33.3346],[96.9998,33.3135],[97.0204,33.3202],[97.0222,33.3006],[97.0172,33.2731],[97.0171,33.2558],[97.0222,33.2454],[97.0191,33.2252],[97.0239,33.2145],[97.0474,33.1838],[97.084,33.1567],[97.1038,33.1463],[97.1201,33.1422],[97.1343,33.1332],[97.1748,33.0671],[97.1809,33.0526],[97.1853,33.0467],[97.1958,33.0396],[97.2202,33.0297],[97.23,33.0227],[97.2408,33.004],[97.246,32.9649],[97.2535,32.9442],[97.2673,32.9312],[97.2879,32.9225],[97.3106,32.9178],[97.3317,32.9163],[97.3469,32.9108],[97.3608,32.897],[97.3713,32.8792],[97.377,32.8616],[97.3838,32.7791],[97.3914,32.7615],[97.4248,32.7245],[97.4268,32.7166],[97.427,32.7076],[97.4304,32.7002],[97.4417,32.6972],[97.4477,32.6943],[97.4658,32.6767],[97.5591,32.6297],[97.5654,32.6248],[97.574,32.6213],[97.5945,32.6236],[97.603,32.6214],[97.6075,32.6146],[97.617,32.5926],[97.6204,32.588],[97.6636,32.5598],[97.8176,32.5132],[97.8378,32.5115],[97.8562,32.5191],[97.8866,32.4976],[98.0139,32.4644],[98.0667,32.4227],[98.0759,32.4129],[98.0803,32.4046],[98.0908,32.4017],[98.1135,32.4024],[98.1228,32.4002],[98.1292,32.395],[98.1353,32.3883],[98.1442,32.3819],[98.1873,32.3666],[98.2056,32.3556],[98.2131,32.3378],[98.2117,32.2962],[98.2133,32.2731],[98.2199,32.2521],[98.2715,32.1907],[98.3093,32.1286],[98.3745,32.0803],[98.3844,32.0634],[98.3933,32.0401],[98.4365,32.0037],[98.4527,31.984],[98.4565,31.9604],[98.4527,31.9329],[98.4448,31.9079],[98.4353,31.8922],[98.4228,31.8816],[98.4189,31.8798],[98.4205,31.8781],[98.4351,31.8383],[98.4346,31.8246],[98.4254,31.8133],[98.4453,31.8035],[98.4683,31.7668],[98.5012,31.7497],[98.5415,31.6898]]}},{"type":"Feature","properties":{"scalerank":1,"name":"Jinsha"},"geometry":{"type":"LineString","coordinates":[[98.5415,31.6898],[98.5478,31.6846],[98.5532,31.6813],[98.5585,31.677],[98.5632,31.6693],[98.5657,31.6606],[98.5689,31.6318],[98.5757,31.6159],[98.5919,31.5987],[98.8408,31.3968],[98.8643,31.3677],[98.8674,31.3649],[98.8848,31.354],[98.8743,31.3412],[98.8306,31.2983],[98.8027,31.2578],[98.7817,31.239],[98.7676,31.2303],[98.7612,31.2342],[98.756,31.2444],[98.7314,31.2779],[98.7236,31.2851],[98.7136,31.291],[98.6825,31.3159],[98.665,31.3205],[98.6489,31.3166],[98.6376,31.3092],[98.6209,31.2888],[98.6111,31.2561],[98.6199,31.1879],[98.6035,31.1696],[98.6128,31.1649],[98.6384,31.1597],[98.6514,31.1554],[98.6929,31.1246],[98.7209,31.0664],[98.726,31.0596],[98.745,31.0406],[98.7647,31.0151],[98.7749,31.0074],[98.7968,30.9971],[98.8027,30.9909],[98.8051,30.9663],[98.7979,30.9408],[98.7861,30.9182],[98.7749,30.9022],[98.7874,30.8808],[98.8008,30.8678],[98.8331,30.8435],[98.8803,30.7931],[98.8984,30.7786],[98.9382,30.7602],[98.9541,30.7478],[98.9605,30.7271],[98.9529,30.7081],[98.936,30.7005],[98.9174,30.6949],[98.9053,30.6824],[98.905,30.6637],[98.9219,30.6236],[98.9263,30.6039],[98.9273,30.5937],[98.9316,30.5795],[98.9309,30.5],[98.9325,30.4906],[98.938,30.4853],[98.9474,30.4791],[98.9564,30.4711],[98.9605,30.4599],[98.9865,30.1443],[99.0296,30.0679],[99.0339,30.0552],[99.0366,29.9755],[99.0432,29.9449],[99.0561,29.9152],[99.0173,29.8533],[99.0053,29.82],[99.0007,29.7849],[99.0029,29.781],[99.0122,29.773],[99.0144,29.7678],[99.0126,29.7647],[99.0037,29.7616],[99.0007,29.7569],[98.9882,29.6886],[98.9865,29.6508],[98.9918,29.6346],[99.0152,29.6044],[99.0239,29.5815],[99.0386,29.5673],[99.0418,29.5624],[99.0418,29.5279],[99.0587,29.418],[99.0486,29.3876],[99.0588,29.3671],[99.0628,29.3481],[99.0623,29.3082],[99.0671,29.2967],[99.0899,29.2667],[99.0964,29.2505],[99.1085,29.2241],[99.1039,29.0921],[99.1209,28.9646],[99.1174,28.9215],[99.0991,28.856],[99.0964,28.8359],[99.1004,28.8135],[99.1187,28.7709],[99.1243,28.7496],[99.1235,28.739],[99.1181,28.7201],[99.1174,28.7086],[99.1201,28.6985],[99.1287,28.6776],[99.1305,28.6646],[99.1349,28.6546],[99.1541,28.6407],[99.1584,28.6302],[99.1602,28.6171],[99.1692,28.6024],[99.1721,28.5926],[99.1716,28.5826],[99.1665,28.565],[99.1653,28.5547],[99.176,28.5322],[99.1788,28.5236],[99.1802,28.5047],[99.1782,28.4822],[99.1721,28.4633],[99.1618,28.4554],[99.1624,28.4381],[99.2267,28.3393],[99.2446,28.3218],[99.255,28.3144],[99.2649,28.3114],[99.2734,28.3072],[99.2745,28.2975],[99.2732,28.2862],[99.2744,28.2772],[99.2784,28.274],[99.2931,28.2647],[99.2989,28.2599],[99.3042,28.2508],[99.3084,28.2408],[99.3145,28.2328],[99.3267,28.2294],[99.3394,28.2241],[99.3813,28.1844],[99.3886,28.1681],[99.3865,28.1393],[99.3985,28.1264]]}},{"type":"Feature","properties":{"scalerank":1,"name":"Jinsha"},"geometry":{"type":"LineString","coordinates":[[99.3985,28.1196],[99.3911,28.0853],[99.3945,28.0425],[99.4052,28.0005],[99.45,27.9063],[99.4578,27.8688],[99.4539,27.8322],[99.4462,27.8187],[99.4375,27.8094],[99.4317,27.7977],[99.4329,27.777],[99.4413,27.75],[99.4714,27.689],[99.481,27.6746],[99.4942,27.6597],[99.5146,27.6575],[99.523,27.6536],[99.5185,27.6435],[99.5186,27.6377],[99.5226,27.6282],[99.5254,27.6167],[99.5215,27.605],[99.5498,27.5889],[99.5603,27.5633],[99.5601,27.5346],[99.5557,27.5095],[99.5717,27.5003],[99.5862,27.4869],[99.5942,27.4728],[99.5899,27.4617],[99.6158,27.4213],[99.645,27.3859],[99.6359,27.3502],[99.6531,27.3177],[99.8024,27.1956],[99.9478,27.0295],[99.9564,27.01],[99.9601,26.9894],[99.9626,26.9207],[99.9666,26.8987],[99.9741,26.8863],[99.989,26.889],[100.0247,26.9196],[100.0392,26.9273],[100.041,26.932],[100.0634,26.9583],[100.0624,26.9921],[100.0634,27.003],[100.0791,27.0451],[100.0847,27.0691],[100.0801,27.088],[100.0675,27.1068],[100.059,27.1287],[100.0567,27.1516],[100.0634,27.1737],[100.0756,27.1837],[100.1161,27.2085],[100.1292,27.2247],[100.148,27.2433],[100.1558,27.2609],[100.1642,27.2672],[100.1733,27.2722],[100.1795,27.2767],[100.2378,27.3419],[100.2446,27.3612],[100.2365,27.382],[100.2143,27.4139],[100.2114,27.4233],[100.2067,27.4549],[100.1948,27.4803],[100.1931,27.4859],[100.1931,27.511],[100.1953,27.5279],[100.2032,27.5419],[100.2376,27.5765],[100.2442,27.5926],[100.2482,27.6074],[100.2638,27.6311],[100.2713,27.6527],[100.2788,27.6634],[100.2901,27.6756],[100.295,27.6835],[100.2963,27.6909],[100.2962,27.7012],[100.2949,27.711],[100.2891,27.731],[100.2887,27.7428],[100.3008,27.7686],[100.303,27.7804],[100.2962,27.8214],[100.2996,27.8321],[100.3072,27.8322],[100.3234,27.8248],[100.3344,27.824],[100.3399,27.8245],[100.3787,27.8419],[100.3882,27.8448],[100.4023,27.8459],[100.4203,27.8385],[100.4297,27.8206],[100.4332,27.798],[100.4324,27.7495],[100.4332,27.7428],[100.4505,27.7047],[100.4618,27.6881],[100.4649,27.6707],[100.4438,27.5384],[100.4488,27.499],[100.481,27.4685],[100.5276,27.4528],[100.543,27.4388],[100.5244,27.4005],[100.5227,27.3767],[100.5288,27.3313],[100.5459,27.2845],[100.5524,27.2555],[100.5466,27.2425],[100.5437,27.2383],[100.5418,27.2289],[100.5388,27.2196],[100.5326,27.2153],[100.5214,27.2114],[100.5032,27.1934],[100.4947,27.1879],[100.4826,27.1872],[100.4505,27.1942],[100.4376,27.191],[100.4338,27.1839],[100.4366,27.1768],[100.4436,27.1737],[100.4661,27.1661],[100.4863,27.1475],[100.4971,27.1241],[100.4917,27.1023],[100.4863,27.0928],[100.4743,27.0576],[100.4539,27.0303],[100.4535,27.0089],[100.4583,26.9807],[100.4658,26.9533],[100.4743,26.9347],[100.4648,26.9229],[100.4583,26.9053],[100.4548,26.8852],[100.4542,26.8439],[100.4519,26.8264],[100.4412,26.8148],[100.4159,26.8106],[100.3982,26.8038],[100.394,26.7872],[100.3985,26.746],[100.4009,26.7402],[100.4107,26.7309],[100.4129,26.7249],[100.4117,26.7191],[100.4094,26.7163],[100.4072,26.7145],[100.4059,26.7115],[100.4078,26.6995],[100.419,26.674],[100.4195,26.6639],[100.4174,26.6504],[100.419,26.6392],[100.4216,26.6354],[100.4312,26.6263],[100.4332,26.6256],[100.4326,26.6194],[100.4274,26.6088],[100.4265,26.6051],[100.4265,26.5195],[100.4308,26.4991],[100.4495,26.4653],[100.4607,26.4034],[100.4548,26.3915],[100.4448,26.3817],[100.4408,26.3731],[100.4539,26.3649],[100.44,26.345],[100.4265,26.3337],[100.4168,26.3218],[100.4129,26.3001],[100.415,26.2948],[100.4197,26.2899],[100.4243,26.2832],[100.429,26.2626],[100.447,26.2277],[100.4737,26.215],[100.5479,26.2294],[100.5842,26.2215],[100.5897,26.2159],[100.5933,26.2102],[100.5993,26.205],[100.6121,26.201],[100.6183,26.2041],[100.626,26.2105],[100.6357,26.2132],[100.6677,26.1917],[100.6879,26.1901],[100.7344,26.1942],[100.7749,26.1841],[100.7939,26.1846],[100.8132,26.1976],[100.8307,26.206],[100.8496,26.2005],[100.8858,26.1805],[100.8906,26.1787],[100.8958,26.1756],[100.901,26.1715],[100.9058,26.1663],[100.926,26.1869],[100.9495,26.2266],[100.9878,26.2697],[101,26.2791],[101.0261,26.2872],[101.0458,26.3055],[101.0537,26.3096],[101.0805,26.3163],[101.1257,26.3453],[101.1707,26.3551],[101.1912,26.3692],[101.2011,26.3724],[101.2174,26.3691],[101.2286,26.3639],[101.2397,26.363],[101.2551,26.3724],[101.2797,26.3699],[101.3697,26.3795],[101.4033,26.3922],[101.4229,26.3931],[101.427,26.3966],[101.4299,26.4007],[101.4718,26.4456],[101.4763,26.461],[101.4578,26.468],[101.4519,26.4716],[101.4548,26.4798],[101.4644,26.4921],[101.4644,26.4982],[101.4509,26.5119],[101.4475,26.5195],[101.4527,26.5312],[101.4885,26.5704],[101.5185,26.5906],[101.5523,26.5936],[101.587,26.5919],[101.6189,26.5983],[101.6318,26.5823],[101.6386,26.5762],[101.6467,26.5704],[101.6524,26.59],[101.6605,26.5862],[101.6704,26.573],[101.6809,26.5642],[101.6978,26.5648],[101.7051,26.5731],[101.7086,26.5837],[101.715,26.5914],[101.7231,26.5943],[101.7309,26.5952],[101.7385,26.5933],[101.7457,26.588],[101.755,26.5833],[101.7622,26.5871],[101.7686,26.594],[101.7759,26.5983],[101.8057,26.6014],[101.8176,26.5989],[101.8306,26.5914],[101.8459,26.5719],[101.8862,26.4746],[101.8928,26.4623],[101.9011,26.4513],[101.9131,26.4412],[101.9319,26.4288],[101.9404,26.4217],[101.9478,26.4134],[101.941,26.3987],[101.9391,26.3812],[101.9417,26.327],[101.9404,26.3172],[101.9283,26.2897],[101.9268,26.2796],[101.9214,26.2657],[101.9112,26.2515],[101.9044,26.2378],[101.9097,26.2246],[101.9172,26.2105],[101.9083,26.2012],[101.8789,26.1868],[101.857,26.169],[101.8447,26.1394],[101.8391,26.1036],[101.8379,26.0673],[101.8391,26.0598],[101.8438,26.0423],[101.8447,26.0328],[101.8421,26.0223],[101.8311,26.006],[101.8306,25.995],[101.8388,25.9825],[101.8547,25.9754],[101.8741,25.973],[101.8926,25.9745],[101.94,25.9922],[101.9578,25.995],[102.0178,25.9867],[102.0469,25.996],[102.0654,25.9959],[102.084,25.9996],[102.0986,26.0154],[102.1021,26.0345],[102.1008,26.0537],[102.102,26.0711],[102.1123,26.0843],[102.1176,26.0963],[102.1304,26.1148],[102.1454,26.1321],[102.2222,26.1868],[102.2319,26.1978],[102.2411,26.2141],[102.2517,26.2288],[102.2666,26.2352],[102.2898,26.2371],[102.3145,26.2425],[102.3383,26.2512],[102.3582,26.2625],[102.3751,26.2805],[102.3866,26.2982],[102.4003,26.3117],[102.4238,26.3172],[102.4463,26.3185],[102.4649,26.3226],[102.5026,26.3376],[102.5542,26.3731],[102.5679,26.3785],[102.5847,26.3749],[102.6028,26.3662],[102.6179,26.3553],[102.6262,26.345],[102.6231,26.3187],[102.6114,26.2869],[102.6096,26.2601],[102.6466,26.2446],[102.6675,26.2258],[102.6809,26.2215],[102.6987,26.2235],[102.7109,26.2289],[102.7201,26.2376],[102.7668,26.2933],[102.791,26.3103],[102.8218,26.3172],[102.8452,26.3271],[102.8779,26.365],[102.8931,26.3649],[102.8918,26.3553],[102.9084,26.3492],[102.9512,26.345],[102.9716,26.3509],[102.9883,26.3651],[102.9993,26.3831],[103.0029,26.4003],[103.0005,26.4103],[102.9913,26.4305],[102.9893,26.4412],[102.9913,26.446],[103.0007,26.4569],[103.0029,26.4611],[103.0024,26.4685],[102.9968,26.4796],[102.9955,26.4854],[102.9998,26.4958],[103.0099,26.5007],[103.0226,26.5021],[103.0337,26.5021],[103.0387,26.5062],[103.0532,26.527],[103.0576,26.5362],[103.0577,26.5572],[103.0479,26.5704],[103.0361,26.5828],[103.0303,26.6017],[103.0309,26.6439],[103.0292,26.6618],[103.0234,26.6802],[103.012,26.7037],[103.0092,26.715],[103.0066,26.7386],[103.0039,26.7508],[102.9993,26.7559],[102.9923,26.7658],[102.9751,26.8311],[102.9531,26.8616],[102.9247,26.8921],[102.9011,26.9246],[102.8931,26.9614],[102.9005,26.9925],[102.8993,27.003],[102.8955,27.0085],[102.8838,27.0178],[102.88,27.0235],[102.8779,27.0318],[102.8782,27.0357],[102.8794,27.0394],[102.88,27.0474],[102.8848,27.0662],[102.9065,27.0978],[102.9136,27.1123],[102.9155,27.1343],[102.9036,27.2216],[102.8896,27.2566],[102.8862,27.2767],[102.8893,27.2914],[102.907,27.3337],[102.9295,27.3671],[102.9419,27.4051],[102.9546,27.4207],[102.9663,27.399],[102.9771,27.3888],[102.9912,27.3859],[103.0128,27.3859],[103.0191,27.3891],[103.0379,27.4033],[103.0471,27.4064],[103.0708,27.4081],[103.0835,27.4105],[103.0923,27.4139],[103.1064,27.4085],[103.1206,27.4122],[103.1343,27.4219],[103.147,27.4344],[103.1501,27.4732],[103.1602,27.4971],[103.2179,27.5668],[103.2289,27.5735],[103.2494,27.5777],[103.2848,27.5808],[103.2959,27.5878],[103.3047,27.605],[103.2857,27.6336],[103.2842,27.6404],[103.2907,27.6461],[103.3135,27.6549],[103.3183,27.6634],[103.3268,27.6735],[103.4146,27.7428],[103.444,27.7556],[103.4514,27.7599],[103.4547,27.7687],[103.4561,27.7813],[103.4585,27.7925],[103.465,27.7974],[103.4766,27.7999],[103.479,27.8063],[103.4786,27.8151],[103.4822,27.8248],[103.503,27.8497],[103.5083,27.8644],[103.5109,27.93],[103.5186,27.9454],[103.5367,27.9613],[103.5554,27.9702],[103.5628,27.9755],[103.5647,27.983],[103.5601,27.9879],[103.5508,27.9879],[103.5409,27.9844],[103.5337,27.9793],[103.5139,27.9714],[103.5017,27.992],[103.489,28.0377],[103.4745,28.0398],[103.4564,28.0371],[103.4409,28.0423],[103.4343,28.0681],[103.436,28.0758],[103.4401,28.0833],[103.4456,28.0902],[103.4514,28.096],[103.4565,28.1053],[103.4526,28.1239],[103.4548,28.1339],[103.4589,28.1347],[103.5382,28.1844],[103.5515,28.2061],[103.562,28.2293],[103.5715,28.2431],[103.5807,28.2464],[103.6025,28.2477],[103.6126,28.2499],[103.6194,28.2547],[103.6262,28.2616],[103.634,28.2678],[103.6436,28.2705],[103.666,28.2632],[103.6834,28.2466],[103.697,28.2283],[103.7088,28.2158],[103.7221,28.2154],[103.7493,28.2427],[103.789,28.2555],[103.88,28.3256],[103.8701,28.3438],[103.8595,28.4007],[103.8213,28.4848],[103.7968,28.5253],[103.7949,28.5311],[103.8049,28.5516],[103.8282,28.5874],[103.8364,28.6048],[103.8323,28.6205],[103.8416,28.6363],[103.8451,28.6536],[103.8507,28.668]]}},{"type":"Feature","properties":{"scalerank":1,"name":"Chang Jiang"},"geometry":{"type":"LineString","coordinates":[[112.7818,29.744],[112.8169,29.754],[112.853,29.7791],[112.8858,29.7917],[112.9124,29.7644],[112.9148,29.7542],[112.9165,29.734],[112.9185,29.7235],[112.9293,29.7014],[112.936,29.6932],[112.9453,29.7093],[112.9873,29.744],[113.0127,29.7729],[113.0192,29.7709],[113.0215,29.7474],[113.0172,29.7246],[113.006,29.7061],[112.9907,29.692],[112.9351,29.6595],[112.9135,29.6345],[112.9082,29.6007],[112.9277,29.4952],[112.9356,29.4805],[112.9531,29.4766],[112.9721,29.4893],[112.9908,29.507],[113.0078,29.518],[113.0326,29.519],[113.0445,29.5084],[113.0486,29.4896],[113.0486,29.4542],[113.0498,29.4469],[113.0547,29.4432],[113.0662,29.4422],[113.0755,29.4475],[113.0764,29.4596],[113.0747,29.4735],[113.0762,29.4838],[113.0847,29.4947],[113.0899,29.496],[113.1129,29.4742],[113.1152,29.4676],[113.1178,29.4639],[113.1276,29.4628]]}},{"type":"Feature","properties":{"scalerank":1,"name":"Chang Jiang"},"geometry":{"type":"LineString","coordinates":[[103.8507,28.668],[103.8663,28.6751],[103.8702,28.6662],[103.8726,28.6572],[103.8738,28.6366],[103.8779,28.6304],[103.8877,28.6307],[103.8991,28.6331],[103.9084,28.6335],[103.9278,28.6263],[103.94,28.6197],[103.9524,28.6149],[103.9727,28.6131],[103.9923,28.6162],[104.0291,28.6303],[104.0475,28.6335],[104.0566,28.6304],[104.0786,28.6131],[104.0918,28.6126],[104.1011,28.616],[104.1196,28.6267],[104.1399,28.6334],[104.1787,28.6385],[104.2322,28.6396],[104.2397,28.6434],[104.2465,28.6549],[104.2481,28.6619],[104.2506,28.6615],[104.2605,28.6506],[104.2751,28.6389],[104.2925,28.6321],[104.3117,28.6304],[104.3325,28.6335],[104.3414,28.6375],[104.3467,28.6419],[104.3523,28.6457],[104.3632,28.6472],[104.4565,28.6435],[104.483,28.6576],[104.5078,28.6784],[104.5637,28.7075],[104.5886,28.7283],[104.6035,28.7547],[104.5993,28.7844],[104.622,28.7903],[104.6627,28.7823],[104.6851,28.7943],[104.6997,28.7996],[104.74,28.7952],[104.7571,28.798],[104.7671,28.805],[104.7833,28.8204],[104.7911,28.8253],[104.8038,28.8285],[104.8359,28.8253],[104.8584,28.8177],[104.9024,28.7844],[104.9221,28.7769],[104.94,28.7849],[104.957,28.803],[104.9802,28.8359],[104.9916,28.8415],[105.002,28.837],[105.012,28.8294],[105.0215,28.8253],[105.0299,28.8198],[105.03,28.8076],[105.0265,28.7955],[105.0208,28.7825],[105.0154,28.7752],[105.0131,28.767],[105.0183,28.7564],[105.0286,28.7504],[105.0519,28.7504],[105.0628,28.7464],[105.0957,28.7192],[105.1157,28.7137],[105.1406,28.7229],[105.148,28.7281],[105.1509,28.7322],[105.1543,28.7496],[105.1553,28.7635],[105.1533,28.77],[105.1547,28.7758],[105.1648,28.7875],[105.1762,28.7839],[105.2195,28.7567],[105.2363,28.7496],[105.2599,28.7527],[105.2942,28.7722],[105.3399,28.7835],[105.3516,28.7999],[105.3604,28.8396],[105.3696,28.8568],[105.384,28.8697],[105.4028,28.8778],[105.4252,28.8806],[105.4356,28.8838],[105.4439,28.8919],[105.4596,28.9112],[105.4707,28.9132],[105.4816,28.9045],[105.4976,28.8868],[105.5182,28.8883],[105.5427,28.8992],[105.5592,28.9151],[105.5559,28.9317],[105.5459,28.9513],[105.5601,28.9611],[105.5854,28.9623],[105.6074,28.9557],[105.6223,28.9422],[105.6279,28.9274],[105.6279,28.8905],[105.6393,28.8875],[105.6925,28.8911],[105.7091,28.8942],[105.7529,28.9217],[105.7753,28.9282],[105.7849,28.9112],[105.7866,28.8872],[105.7918,28.8687],[105.8005,28.8535],[105.8128,28.8396],[105.8455,28.8254],[105.8772,28.8361],[105.8972,28.8637],[105.8948,28.9005],[105.8782,28.9101],[105.8736,28.9147],[105.8732,28.9196],[105.8748,28.926],[105.8775,28.9301],[105.8811,28.9283],[105.874,28.9399],[105.8691,28.9461],[105.8608,28.9484],[105.8433,28.9488],[105.8189,28.9575],[105.8237,28.9771],[105.8806,29.0473],[105.8972,29.0586],[105.9288,29.0649],[105.977,29.0624],[105.9909,29.0649],[106.0012,29.0718],[106.0251,29.1065],[106.0899,29.0812],[106.1179,29.0786],[106.1409,29.0905],[106.1358,29.1176],[106.1216,29.1467],[106.1179,29.1645],[106.1554,29.2021],[106.1577,29.2087],[106.157,29.2154],[106.1572,29.2224],[106.1624,29.2294],[106.1708,29.2335],[106.1778,29.2326],[106.184,29.2302],[106.1895,29.2294],[106.2135,29.2356],[106.2373,29.2465],[106.251,29.2643],[106.2442,29.2908],[106.2594,29.2904],[106.3087,29.2764],[106.3243,29.2835],[106.3489,29.2896],[106.3701,29.2921],[106.3748,29.2959],[106.3765,29.3023],[106.3855,29.3199],[106.3884,29.3281],[106.393,29.3365],[106.4019,29.3461],[106.4116,29.3528],[106.4298,29.362],[106.4395,29.3703],[106.4551,29.3894],[106.4639,29.3974],[106.4736,29.4007],[106.502,29.3995],[106.5162,29.4014],[106.5248,29.4081],[106.5225,29.4154],[106.5044,29.4422],[106.4995,29.455],[106.4978,29.465],[106.4981,29.4805],[106.501,29.4885],[106.5083,29.491],[106.5286,29.4901],[106.5361,29.4945],[106.5364,29.5046],[106.5322,29.5242],[106.5344,29.545],[106.5376,29.5511],[106.5459,29.5589],[106.5561,29.5628],[106.5696,29.565],[106.5816,29.5684],[106.5868,29.5758],[106.5857,29.5917],[106.5868,29.6104],[106.5964,29.6245],[106.621,29.6273],[106.6199,29.6244],[106.6657,29.5884],[106.6723,29.577],[106.6808,29.5726],[106.691,29.5715],[106.7005,29.5758],[106.7043,29.5786],[106.7164,29.5845],[106.7208,29.5856],[106.7243,29.5884],[106.7285,29.6018],[106.7309,29.6061],[106.7751,29.6174],[106.8108,29.6004],[106.8422,29.5933],[106.9081,29.6867],[106.9297,29.7042],[106.9636,29.7569],[107.0173,29.7871],[107.0256,29.7948],[107.0331,29.8094],[107.0504,29.8199],[107.0709,29.8239],[107.0872,29.8196],[107.0959,29.805],[107.1074,29.7596],[107.1178,29.7403],[107.1494,29.7106],[107.1676,29.697],[107.1834,29.6887],[107.2211,29.6917],[107.2954,29.7401],[107.3341,29.7508],[107.3757,29.7332],[107.399,29.7282],[107.4093,29.7403],[107.4141,29.7636],[107.426,29.7805],[107.457,29.8054],[107.4739,29.8242],[107.4797,29.8419],[107.4752,29.8592],[107.4605,29.8768],[107.4588,29.8847],[107.4666,29.8928],[107.478,29.899],[107.488,29.9016],[107.5014,29.9005],[107.5083,29.8975],[107.5198,29.8873],[107.5571,29.867],[107.5961,29.8553],[107.6359,29.8531],[107.6768,29.8607],[107.6863,29.8647],[107.7444,29.9038],[107.8367,29.987],[107.8496,30.0047],[107.8659,30.0482],[107.8652,30.0555],[107.8615,30.0636],[107.8604,30.0763],[107.8618,30.0996],[107.8683,30.1132],[107.8813,30.1292],[107.8971,30.1424],[107.9126,30.148],[107.9282,30.1555],[107.9346,30.1732],[107.9376,30.1937],[107.9436,30.2094],[107.961,30.222],[107.9778,30.2267],[107.9929,30.233],[108.0051,30.2504],[108.0146,30.2863],[108.02,30.2999],[108.0323,30.3131],[108.0469,30.3209],[108.065,30.3276],[108.0693,30.3299],[108.0743,30.332],[108.0807,30.3323],[108.0854,30.329],[108.0903,30.3225],[108.0938,30.316],[108.0945,30.3131],[108.1183,30.3176],[108.1172,30.3314],[108.103,30.3478],[108.0876,30.3603],[108.1528,30.4081],[108.1743,30.412],[108.1969,30.4221],[108.2172,30.4356],[108.2316,30.4497],[108.3081,30.5795],[108.3141,30.5869],[108.3487,30.639],[108.3583,30.6483],[108.3696,30.6571],[108.4099,30.7097],[108.419,30.7293],[108.4223,30.7398],[108.4241,30.7507],[108.4225,30.7639],[108.4122,30.7848],[108.4099,30.7957],[108.4108,30.8207],[108.4166,30.8338],[108.4312,30.8406],[108.4806,30.8533],[108.4976,30.8624],[108.5084,30.8768],[108.5122,30.8985],[108.5222,30.9119],[108.5459,30.9188],[108.5733,30.9229],[108.5947,30.9288],[108.6243,30.9437],[108.6421,30.9483],[108.6665,30.95],[108.6875,30.9454],[108.7222,30.9263],[108.7456,30.9226],[108.7905,30.9316],[108.8772,30.9595],[108.9243,30.9568],[108.9693,30.9489],[109.0125,30.9494],[109.1769,30.9766],[109.1992,30.9757],[109.2589,30.9636],[109.2966,30.9658],[109.4301,30.9962],[109.4463,31.0026],[109.46,31.01],[109.4863,31.0289],[109.4978,31.0341],[109.574,31.0427],[109.5918,31.0406],[109.6083,31.0318],[109.6172,31.0169],[109.624,31.0083],[109.6328,31.0046],[109.6531,31.0043],[109.6617,31.0022],[109.6704,30.9971],[109.7315,31.0213],[109.7656,31.0476],[109.7847,31.0537],[109.8718,31.0676],[109.8967,31.0685],[109.9231,31.0605],[109.9338,31.0646],[109.9448,31.0704],[109.955,31.0734],[109.9653,31.072],[109.9761,31.0684],[109.9858,31.0639],[109.9926,31.0598],[110.0259,31.0329],[110.0427,31.0269],[110.0717,31.025],[110.0899,31.0271],[110.1279,31.0363],[110.1495,31.0387],[110.2817,31.021],[110.3215,31.0318],[110.3289,31.0379],[110.335,31.0446],[110.3428,31.05],[110.3557,31.0523],[110.3668,31.0503],[110.3843,31.0408],[110.4273,31.0313],[110.4439,31.0256],[110.5117,31.0333],[110.5328,31.0318],[110.5505,31.0262],[110.5651,31.0151],[110.5838,31.005],[110.6573,30.9971],[110.7209,30.9677],[110.7588,30.9605],[110.8015,30.9439],[110.815,30.9363],[110.8276,30.9217],[110.8375,30.9061],[110.8507,30.8936],[110.8732,30.8885],[110.9219,30.8868],[110.9452,30.8826],[110.9658,30.8742],[110.9952,30.8448],[111.0069,30.8381],[111.012,30.8336],[111.0186,30.829],[111.0276,30.827],[111.0361,30.828],[111.0513,30.8323],[111.0582,30.8333],[111.0762,30.8388],[111.0986,30.8487],[111.124,30.8526],[111.1508,30.8401],[111.1612,30.8268],[111.1629,30.8155],[111.1582,30.7886],[111.1664,30.7837],[111.2043,30.7788],[111.2163,30.7752],[111.2383,30.7643],[111.2633,30.7565],[111.2776,30.7418],[111.2675,30.7097],[111.387,30.593],[111.3912,30.5857],[111.3974,30.5532],[111.4009,30.5458],[111.4124,30.5331],[111.4325,30.5035],[111.4488,30.4702],[111.4487,30.4459],[111.4444,30.4232],[111.4707,30.4138],[111.5056,30.4092],[111.5274,30.4012],[111.5073,30.3585],[111.4995,30.3337],[111.5037,30.3162],[111.5331,30.2825],[111.5507,30.2717],[111.5759,30.2715],[111.5921,30.2813],[111.6074,30.2995],[111.6192,30.3199],[111.6293,30.356],[111.6432,30.3719],[111.6783,30.395],[111.711,30.4106],[111.752,30.4222],[111.7973,30.4285],[111.8428,30.4285],[111.8814,30.4183],[111.9083,30.3977],[111.981,30.3046],[111.9978,30.2918],[112.021,30.2852],[112.0639,30.2873],[112.0874,30.2919],[112.1035,30.2989],[112.1035,30.2914],[112.1467,30.3049],[112.1953,30.3075],[112.239,30.2955],[112.2681,30.2647],[112.2705,30.2236],[112.246,30.1964],[112.2136,30.1706],[112.1929,30.1343],[112.1965,30.0924],[112.2232,30.0767],[112.309,30.0729],[112.3525,30.0592],[112.3912,30.0317],[112.4179,29.9937],[112.4251,29.9488],[112.4006,29.8841],[112.3942,29.8736],[112.3844,29.8631],[112.3798,29.8385],[112.3766,29.7917],[112.3667,29.7475],[112.3687,29.7266],[112.3875,29.7334],[112.4238,29.7615],[112.4439,29.772],[112.4661,29.7787],[112.533,29.7744],[112.5418,29.7818],[112.5434,29.8021],[112.5488,29.8231],[112.5593,29.8396],[112.5759,29.8463],[112.6004,29.8392],[112.6026,29.8214],[112.59,29.775],[112.5934,29.7424],[112.5996,29.722],[112.6106,29.7098],[112.6362,29.7137],[112.6421,29.7437],[112.638,29.8054],[112.6543,29.8223],[112.6829,29.8269],[112.7148,29.8223],[112.7403,29.8122],[112.7642,29.79],[112.7485,29.7798],[112.7168,29.7738],[112.6926,29.7644],[112.6931,29.7474],[112.7218,29.7386],[112.7602,29.7376],[112.7888,29.744]]}},{"type":"Feature","properties":{"scalerank":1,"name":"Yangtze"},"geometry":{"type":"LineString","coordinates":[[119.6064,32.1969],[119.5878,32.1925],[119.5724,32.1918],[119.5574,32.2001],[119.5401,32.2221],[119.5304,32.2317],[119.5173,32.2381],[119.5048,32.2395],[119.4526,32.2335],[119.3858,32.2374],[119.3653,32.2344],[119.3462,32.2268],[119.3245,32.2146],[119.3037,32.2062],[119.2783,32.2013],[119.2522,32.2],[119.2294,32.2027],[119.1292,32.2285],[119.0787,32.2327],[119.0278,32.2213],[118.9634,32.1878],[118.9277,32.1768],[118.9097,32.1739],[118.8835,32.1732],[118.8204,32.189],[118.7932,32.1928],[118.7866,32.1927],[118.7803,32.1911],[118.7743,32.1871],[118.7691,32.1812],[118.7647,32.1745],[118.7615,32.168],[118.7595,32.1629],[118.7585,32.161],[118.7475,32.1472],[118.7341,32.1249],[118.7064,32.0934],[118.6895,32.0624],[118.669,32.0395],[118.6584,32.0306],[118.6459,32.0162],[118.6148,31.99],[118.5864,31.9496],[118.5533,31.9163],[118.5405,31.8924],[118.5348,31.8845],[118.5048,31.8592],[118.4986,31.8513],[118.448,31.7564],[118.4262,31.7245],[118.4151,31.6998],[118.4038,31.6232],[118.3796,31.5562],[118.348,31.5076],[118.316,31.4713],[118.3098,31.4601],[118.3052,31.4488],[118.3022,31.4383],[118.3018,31.4278],[118.3049,31.4164],[118.3154,31.4008],[118.3186,31.395],[118.3224,31.3832],[118.3245,31.371],[118.3255,31.3564],[118.3245,31.3383],[118.3213,31.3208],[118.3151,31.3081],[118.3062,31.3004],[118.2966,31.2974],[118.2201,31.2911],[118.2101,31.2878],[118.1738,31.2659],[118.1559,31.2591],[118.1127,31.2525],[118.0606,31.2332],[118.0405,31.2333],[118.0278,31.2437],[118.0142,31.2376],[118.0024,31.2233],[117.9959,31.2086],[117.9936,31.1913],[117.9929,31.139],[117.9887,31.1228],[117.9804,31.11],[117.9683,31.1003],[117.9527,31.0936],[117.9373,31.0889],[117.9219,31.086],[117.9072,31.0877],[117.8945,31.0968],[117.8792,31.1223],[117.8704,31.1333],[117.8569,31.1409],[117.8394,31.1437],[117.8228,31.1412],[117.8075,31.1344],[117.7934,31.1245],[117.7815,31.114],[117.7724,31.1039],[117.7665,31.0921],[117.7633,31.0765],[117.7637,31.0587],[117.7689,31.0237],[117.7681,31.0067],[117.7472,30.9435],[117.732,30.8745],[117.6973,30.8037],[117.6874,30.7967],[117.6426,30.7895],[117.6087,30.7801],[117.5934,30.7737],[117.5523,30.7478],[117.5371,30.7408],[117.4661,30.7263],[117.4579,30.7222],[117.4365,30.7064],[117.4292,30.7025],[117.4216,30.7005],[117.3459,30.6988],[117.3267,30.6948],[117.2769,30.6734],[117.2608,30.6696],[117.2524,30.6707],[117.2343,30.6749],[117.226,30.6734],[117.2199,30.6671],[117.2177,30.6585],[117.2178,30.649],[117.2188,30.6402],[117.2207,30.6343],[117.2257,30.6231],[117.2276,30.6174],[117.228,30.6118],[117.2241,30.5972],[117.2241,30.5862],[117.2328,30.5551],[117.2313,30.5435],[117.2257,30.5325],[117.2179,30.5225],[117.2096,30.514],[117.1831,30.4994],[117.1506,30.4942],[117.0333,30.4906],[117.0075,30.4837],[116.9844,30.4717],[116.9487,30.4434],[116.9361,30.4359],[116.9252,30.4329],[116.9133,30.432],[116.9019,30.4298],[116.8927,30.4233],[116.8883,30.4026],[116.8991,30.3807],[116.914,30.3586],[116.9214,30.3375],[116.92,30.3245],[116.9068,30.2707],[116.8969,30.2442],[116.8223,30.1154],[116.8085,30.1021],[116.7905,30.0909],[116.7161,30.0598],[116.6905,30.0539],[116.6626,30.0528],[116.6501,30.0506],[116.6365,30.0433],[116.6051,30.0177],[116.5938,30.0106],[116.5917,30.0057],[116.5879,30.002],[116.5791,29.9952],[116.5752,29.9908],[116.5671,29.9768],[116.5488,29.9541],[116.5366,29.9232],[116.5269,29.9067],[116.513,29.8941],[116.4922,29.8846],[116.4666,29.8803],[116.4142,29.8806],[116.3892,29.876],[116.3565,29.8583],[116.2975,29.8087],[116.2652,29.7889],[116.2359,29.7813],[116.2066,29.7813],[116.147,29.7887],[116.1103,29.7864],[116.0776,29.7764],[116.0128,29.7482],[115.9988,29.744],[115.8887,29.7318],[115.8557,29.7385],[115.7433,29.8088],[115.7364,29.8164],[115.7252,29.8426],[115.7182,29.8541],[115.7048,29.8607],[115.6211,29.8624],[115.5349,29.8546],[115.5064,29.8576],[115.4634,29.8713],[115.45,29.8776],[115.4375,29.8854],[115.4267,29.8953],[115.4172,29.9094],[115.3961,29.9561],[115.3867,29.9697],[115.3759,29.9805],[115.3385,30.008],[115.3305,30.0182],[115.3015,30.0674],[115.2834,30.1093],[115.2754,30.121],[115.19,30.2088],[115.1646,30.2211],[115.1455,30.2224],[115.1069,30.2196],[115.088,30.2241],[115.072,30.236],[115.0636,30.252],[115.0615,30.2705],[115.0641,30.2899],[115.0728,30.3242],[115.0728,30.3411],[115.065,30.3574],[115.053,30.369],[114.9874,30.4074],[114.9661,30.4135],[114.9439,30.416],[114.8803,30.415],[114.8608,30.4189],[114.8427,30.428],[114.8293,30.4411],[114.8206,30.4571],[114.8108,30.4932],[114.808,30.5111],[114.8085,30.5263],[114.8141,30.5399],[114.8266,30.5528],[114.8399,30.5638],[114.8516,30.5769],[114.8554,30.5911],[114.8447,30.6057],[114.8267,30.6138],[114.8061,30.6163],[114.7315,30.6094],[114.7149,30.6054],[114.6885,30.5908],[114.6769,30.5863],[114.613,30.5736],[114.6008,30.5743],[114.5802,30.5817],[114.566,30.5933],[114.5024,30.6732],[114.4844,30.6844],[114.4575,30.6907],[114.4291,30.6903],[114.4014,30.6839],[114.376,30.6727],[114.354,30.6565],[114.3111,30.6096],[114.2964,30.5869]]}},{"type":"Feature","properties":{"scalerank":1,"name":"Yangtze"},"geometry":{"type":"LineString","coordinates":[[116.1975,29.7514],[116.2075,29.7795]]}},{"type":"Feature","properties":{"scalerank":1,"name":"Yangtze"},"geometry":{"type":"LineString","coordinates":[[113.1276,29.4628],[113.1454,29.472],[113.1621,29.4931],[113.186,29.5317],[113.4155,29.7645],[113.446,29.7801],[113.4973,29.8194],[113.5192,29.8416],[113.59,29.8799],[113.607,29.8902],[113.63,29.9088],[113.6503,29.9294],[113.6642,29.9546],[113.676,29.9611],[113.6878,29.9634],[113.6931,29.9596],[113.7036,29.9341],[113.7067,29.9289],[113.7486,29.92],[113.7924,29.9334],[113.8311,29.9583],[113.8897,30.013],[113.9234,30.0336],[114.044,30.0792],[114.0623,30.0889],[114.0698,30.1033],[114.0644,30.1244],[114.0509,30.1363],[114.0151,30.1549],[113.9834,30.1852],[113.9643,30.1979],[113.9401,30.2032],[113.9181,30.1981],[113.8953,30.1887],[113.8744,30.1848],[113.8582,30.1958],[113.8576,30.2311],[113.8855,30.2652],[113.9272,30.2885],[113.968,30.2914],[113.9834,30.2826],[113.9968,30.2686],[114.0186,30.2405],[114.0391,30.2296],[114.054,30.2402],[114.086,30.3174],[114.1066,30.3523],[114.2417,30.4974],[114.2874,30.576],[114.3032,30.593]]}},{"type":"Feature","properties":{"scalerank":2,"name":"Ideriyn"},"geometry":{"type":"LineString","coordinates":[[98.0071,47.999],[97.982,47.9981],[97.9561,47.9929],[97.9308,47.9916],[97.9004,48.0053],[97.8665,48.0126],[97.856,48.0165],[97.8335,48.0347],[97.8228,48.0406],[97.7963,48.0451],[97.6546,48.0468],[97.6435,48.0504],[97.6272,48.0681],[97.6166,48.0748],[97.6034,48.0763],[97.5753,48.0737],[97.562,48.0748],[97.5549,48.0786],[97.5309,48.0952],[97.5214,48.0987],[97.5112,48.1071],[97.5032,48.1173],[97.4959,48.1401],[97.4856,48.1445],[97.4596,48.1436],[97.4378,48.1461],[97.415,48.1518],[97.3972,48.1627],[97.3901,48.1809],[97.3901,48.2071],[97.3922,48.2246],[97.4003,48.2398],[97.4439,48.2877],[97.4551,48.304],[97.4596,48.3181],[97.4566,48.3832],[97.4395,48.4483],[97.4378,48.4746],[97.4484,48.4863],[97.4626,48.4932],[97.5142,48.5402],[97.5313,48.5767],[97.5422,48.5943],[97.5584,48.6017],[97.567,48.6037],[97.5919,48.6144],[97.5996,48.6197],[97.6089,48.6284],[97.6754,48.6671],[97.7195,48.7021],[97.7415,48.71],[97.7555,48.7185],[97.762,48.7194],[97.7749,48.719],[97.7836,48.7216],[97.7947,48.7346],[97.8023,48.7395],[97.8613,48.7539],[97.9816,48.7694],[98.0099,48.7686],[98.0071,48.7531],[98.022,48.7442],[98.082,48.7286],[98.1033,48.7259],[98.2057,48.7395],[98.6445,48.7315],[98.7171,48.7166],[98.7651,48.727],[98.7949,48.7265],[98.8506,48.7179],[98.86,48.7139],[98.8848,48.6968],[98.921,48.6913],[98.9556,48.6782],[99.0281,48.6633],[99.0826,48.6422],[99.1181,48.6375],[99.1275,48.6322],[99.147,48.6254],[99.2341,48.6216],[99.2815,48.6092],[99.3067,48.6083],[99.3267,48.6183],[99.3372,48.6215],[99.3521,48.6212],[99.3655,48.6229],[99.3745,48.6374],[99.4148,48.6802],[99.4329,48.6931],[99.4551,48.7013],[99.5078,48.7076],[99.5515,48.7244],[99.6001,48.7374],[99.7231,48.7957],[99.769,48.8032],[99.9127,48.8469],[99.9297,48.8585],[99.9457,48.8731],[99.9631,48.885],[99.9826,48.8931],[100.0265,48.9007],[100.0675,48.9227],[100.09,48.9295],[100.1314,48.928],[100.1448,48.9295],[100.1913,48.947],[100.1965,48.947],[100.2172,48.9567],[100.2382,48.9589],[100.246,48.9645],[100.2273,48.9847],[100.2405,48.9907],[100.2613,49.0059],[100.275,49.0121],[100.2913,49.0144],[100.344,49.0121],[100.3767,49.0162],[100.3945,49.0205],[100.4059,49.0264],[100.4133,49.0397],[100.4151,49.0533],[100.4194,49.0655],[100.4332,49.0748],[100.4519,49.0606],[100.4731,49.0594],[100.5903,49.0782],[100.5957,49.0859],[100.5962,49.0948],[100.5977,49.1014],[100.6142,49.1142],[100.6518,49.132],[100.6692,49.1458],[100.6817,49.1594],[100.6853,49.1675],[100.687,49.1868],[100.6887,49.1917],[100.6919,49.1961],[100.6968,49.2008],[100.6978,49.2054],[100.6891,49.2182],[100.6865,49.225],[100.6996,49.2631]]}},{"type":"Feature","properties":{"scalerank":2,"name":"Selenga"},"geometry":{"type":"LineString","coordinates":[[106.585,52.1592],[106.5669,52.1622],[106.5454,52.1682],[106.5259,52.1783],[106.5117,52.1936],[106.5073,52.2132],[106.5081,52.2307],[106.5029,52.2434],[106.4807,52.2482],[106.4701,52.2589],[106.4703,52.2824],[106.4757,52.3059],[106.4846,52.325],[106.4982,52.3651],[106.4973,52.3831]]}},{"type":"Feature","properties":{"scalerank":2,"name":"Selenga"},"geometry":{"type":"LineString","coordinates":[[106.585,52.1592],[106.585,52.1592],[106.58,52.1748],[106.5732,52.2128],[106.5641,52.2403],[106.5674,52.2486],[106.58,52.2613],[106.5913,52.2686],[106.6035,52.2718],[106.6347,52.2756],[106.6956,52.2906],[106.7255,52.3021],[106.752,52.3165]]}},{"type":"Feature","properties":{"scalerank":2,"name":"Selenga"},"geometry":{"type":"LineString","coordinates":[[106.5868,52.1589],[106.585,52.1592]]}},{"type":"Feature","properties":{"scalerank":2,"name":"Selenga"},"geometry":{"type":"LineString","coordinates":[[100.6996,49.2631],[100.7359,49.2727],[100.7815,49.2722],[100.8237,49.2796],[100.8501,49.2906],[100.8748,49.2968],[100.9548,49.3029],[101.0606,49.3456],[101.0865,49.3586],[101.0949,49.3649],[101.0981,49.3707],[101.1084,49.3803],[101.1738,49.4224],[101.1987,49.4309],[101.2205,49.43],[101.2656,49.4224],[101.304,49.4224],[101.3097,49.4256],[101.3113,49.4344],[101.3155,49.443],[101.3223,49.4506],[101.3307,49.4566],[101.353,49.4635],[101.4264,49.4634],[101.4448,49.4592],[101.5157,49.4287],[101.5361,49.4253],[101.5431,49.4224],[101.5468,49.4188],[101.5481,49.4148],[101.5486,49.4111],[101.5505,49.4082],[101.5665,49.3964],[101.5772,49.3904],[101.5881,49.3878],[102.0182,49.3999],[102.0669,49.3931],[102.1123,49.3758],[102.1704,49.3453],[102.1912,49.3411],[102.2905,49.3547],[102.4601,49.3456],[102.5095,49.3547],[102.5763,49.3768],[102.688,49.3946],[102.711,49.3958],[102.7256,49.3926],[102.7378,49.3829],[102.7485,49.3784],[102.7605,49.3802],[102.7769,49.3895],[102.7815,49.3781],[102.7866,49.3686],[102.7939,49.3607],[102.8045,49.3547],[102.8179,49.3519],[102.8311,49.3539],[102.8413,49.3606],[102.8535,49.3901],[102.8738,49.396],[102.8984,49.3944],[103.062,49.3421],[103.1128,49.3348],[103.2118,49.3411],[103.2214,49.3378],[103.235,49.3238],[103.2429,49.3206],[103.2843,49.3192],[103.2971,49.3206],[103.3095,49.3255],[103.312,49.3314],[103.3108,49.3369],[103.3115,49.3411],[103.3224,49.3483],[103.3303,49.3503],[103.3971,49.3411],[103.4097,49.3428],[103.4412,49.3547],[103.5475,49.3615],[103.5693,49.366],[103.6167,49.3876],[103.8877,49.4725],[103.9046,49.482],[103.9248,49.4883],[104.2739,49.4711],[104.3125,49.4836],[104.381,49.5267],[104.4243,49.5611],[104.4482,49.5757],[104.4731,49.5818],[104.4822,49.5858],[104.4895,49.5952],[104.5005,49.6131],[104.5109,49.6219],[104.522,49.628],[104.5454,49.637],[104.6256,49.6528],[104.6439,49.6609],[104.6642,49.673],[104.693,49.6809],[104.7237,49.6849],[104.7958,49.6847],[104.8179,49.6896],[104.8464,49.7102],[104.8547,49.7105],[104.8642,49.7073],[104.8834,49.7042],[104.8926,49.6995],[104.8976,49.6984],[104.9038,49.7007],[104.9093,49.7056],[104.9146,49.7127],[104.9451,49.7147],[104.958,49.7189],[104.9631,49.7294],[104.9693,49.7385],[104.9837,49.7457],[105.0115,49.7537],[105.1347,49.7558],[105.1475,49.7628],[105.168,49.7946],[105.186,49.8136],[105.2071,49.8238],[105.2319,49.8279],[105.2858,49.8312],[105.4151,49.8588],[105.4345,49.8714],[105.4423,49.8942],[105.45,49.9061],[105.4682,49.9195],[105.5044,49.9387],[105.7439,50.0201],[105.773,50.0391],[105.7986,50.1003],[105.8307,50.1224],[105.8694,50.1373],[105.9015,50.1441],[105.9438,50.143],[105.9648,50.1453],[106.0317,50.1804],[106.0352,50.1851],[106.0454,50.1896],[106.1386,50.2479],[106.1554,50.254],[106.1472,50.2662],[106.1349,50.3018],[106.1276,50.3122],[106.1206,50.3178],[106.1008,50.3284],[106.0911,50.3356],[106.0833,50.3433],[106.0774,50.3524],[106.073,50.3638],[106.073,50.3994],[106.0698,50.4048],[106.0588,50.4156],[106.0647,50.4393],[106.0816,50.4629],[106.1118,50.478],[106.1316,50.4968],[106.1383,50.501],[106.1501,50.5025],[106.1895,50.514],[106.1918,50.5169],[106.1926,50.5216],[106.1963,50.5258],[106.207,50.5277],[106.2599,50.5283],[106.2725,50.5313],[106.2822,50.5383],[106.2855,50.554],[106.2719,50.5661],[106.2522,50.577],[106.2368,50.5892],[106.2361,50.6207],[106.3005,50.6785],[106.3125,50.7133],[106.3001,50.7681],[106.2988,50.7918],[106.293,50.8134],[106.2683,50.8427],[106.2647,50.8635],[106.2686,50.8749],[106.2822,50.8948],[106.2885,50.9201],[106.303,50.9346],[106.3062,50.9427],[106.3123,50.9512],[106.3264,50.9554],[106.354,50.9597],[106.3638,50.9661],[106.3755,50.9816],[106.3808,50.987],[106.4048,50.9959],[106.4258,51.0007],[106.4334,51.0039],[106.4483,51.0179],[106.4601,51.0211],[106.6376,51.0441],[106.6592,51.059],[106.6699,51.0762],[106.678,51.1076],[106.6899,51.1236],[106.7622,51.1825],[106.7896,51.2167],[106.8048,51.2303],[106.8982,51.2707],[106.9201,51.2879],[106.9732,51.3071],[106.9915,51.3166],[106.985,51.3346],[106.9882,51.3595],[106.9971,51.3842],[107.0083,51.4016],[107.041,51.417],[107.0462,51.4221],[107.0512,51.4332],[107.063,51.4444],[107.0872,51.46],[107.1274,51.4737],[107.1474,51.4837],[107.1559,51.4975],[107.169,51.5059],[107.3036,51.5231],[107.3297,51.5323],[107.3409,51.546],[107.344,51.5512],[107.3643,51.5729],[107.3683,51.5826],[107.3662,51.6062],[107.3677,51.617],[107.4098,51.6811],[107.4124,51.6927],[107.4385,51.7001],[107.4548,51.7176],[107.4679,51.7382],[107.4844,51.7547],[107.5253,51.7708],[107.5449,51.7823],[107.5606,51.8156],[107.5728,51.8275],[107.5733,51.8398],[107.5471,51.8572],[107.526,51.8675],[107.5084,51.879],[107.4963,51.894],[107.4917,51.9152],[107.4887,51.9783],[107.4917,51.9944],[107.498,52.0043],[107.5154,52.0256],[107.5198,52.0353],[107.5186,52.0477],[107.5075,52.0682],[107.5029,52.0884],[107.4939,52.1022],[107.4917,52.108],[107.4882,52.1102],[107.473,52.1335],[107.4707,52.1384],[107.4435,52.151],[107.4179,52.1496],[107.3921,52.1425],[107.0683,52.1262],[106.9492,52.0847],[106.9329,52.0732],[106.8848,52.0627],[106.8785,52.06],[106.8572,52.0472],[106.8476,52.0428],[106.7939,52.0364],[106.7495,52.0478],[106.6311,52.1106],[106.5973,52.1418],[106.585,52.1592]]}},{"type":"Feature","properties":{"scalerank":2,"name":"Ertis"},"geometry":{"type":"LineString","coordinates":[[83.3638,49.6439],[83.3741,49.6314],[83.4114,49.6144],[83.4384,49.5889],[83.4699,49.5773],[83.5086,49.5777],[83.5471,49.5712],[83.5823,49.5565],[83.6152,49.5279],[83.6455,49.4952],[83.683,49.4786],[83.7262,49.4705],[83.7603,49.4601],[83.7852,49.4559],[83.8477,49.4525],[83.8731,49.4464],[83.8977,49.4285],[83.9204,49.4068],[83.9408,49.3915],[83.965,49.3819],[84.0435,49.3395],[84.1,49.2949],[84.1559,49.2564],[84.1786,49.2379],[84.2008,49.2105],[84.2183,49.1783],[84.2144,49.1525],[84.2033,49.1324],[84.1616,49.113],[84.1152,49.0964],[84.0346,49.0827],[83.9898,49.0669],[83.9477,49.0492],[83.9062,49.0382],[83.8458,49.0281],[83.791,49.0159],[83.7539,49.0045],[83.6834,48.9772],[83.5927,48.9487],[83.5649,48.9412],[83.5342,48.9189],[83.4933,48.8643],[83.4683,48.8376],[83.45,48.8072],[83.4394,48.7642],[83.4363,48.7314],[83.4451,48.7052],[83.4586,48.6743],[83.4721,48.6339],[83.4771,48.5887],[83.4723,48.5532],[83.4797,48.5167],[83.4931,48.4796],[83.5269,48.4471],[83.5761,48.4214],[83.6038,48.4012],[83.6181,48.3793],[83.6138,48.3602],[83.5542,48.3304],[83.5168,48.3138],[83.502,48.2982],[83.4888,48.2637],[83.4897,48.2311],[83.52,48.1964],[83.5728,48.1542],[83.8049,48.0784],[83.8594,48.0412],[83.9092,48.0114],[84.0098,47.9581],[84.0757,47.9141],[84.1352,47.8637],[84.1983,47.7768],[84.242,47.7458],[84.2605,47.7349],[84.2828,47.7259],[84.303,47.7263],[84.3399,47.7321],[84.3569,47.7321]]}},{"type":"Feature","properties":{"scalerank":2,"name":"Ertis"},"geometry":{"type":"LineString","coordinates":[[79.0728,50.6171],[79.0357,50.6116],[79.0176,50.612],[78.9795,50.6315],[78.9547,50.6329],[78.9015,50.6302],[78.818,50.6443],[78.7439,50.6723],[78.7104,50.6925],[78.6375,50.7478],[78.6211,50.7542],[78.5995,50.756],[78.5807,50.755],[78.5634,50.7569],[78.5453,50.7673],[78.5398,50.7739],[78.5283,50.791],[78.5217,50.7987],[78.5126,50.8033],[78.5029,50.8045],[78.4932,50.807],[78.4839,50.8157],[78.4822,50.8277],[78.4545,50.8375],[78.3652,50.8581],[78.3538,50.8641],[78.343,50.8737],[78.3306,50.8795],[78.2973,50.881],[78.2825,50.8877],[78.2704,50.9007],[78.2444,50.9392],[78.2422,50.9452],[78.2432,50.9497],[78.242,50.9525],[78.2338,50.9535],[78.2275,50.955],[78.2198,50.959],[78.213,50.9642],[78.2102,50.9696],[78.2024,51.0024],[78.1831,51.0141],[78.1584,51.0182],[78.1345,51.0279],[78.1421,51.0477],[78.1289,51.061],[78.1117,51.0732],[78.1072,51.09],[78.1142,51.0921],[78.1285,51.1018],[78.1365,51.1124],[78.1245,51.1174],[78.0947,51.1151],[78.0824,51.1166],[78.0662,51.1236],[78.094,51.1549],[78.0962,51.1671],[78.0567,51.1732],[78.0484,51.1766],[78.0352,51.1893],[78.0331,51.1979],[78.043,51.2036],[78.0569,51.2082],[78.0662,51.2136],[78.0724,51.2353],[78.0637,51.2528],[78.0213,51.2911],[78.0125,51.2948],[77.9824,51.2985],[77.9751,51.3047],[77.9713,51.3133],[77.9631,51.3228],[77.9536,51.3278],[77.9221,51.3365],[77.8865,51.3606],[77.8638,51.3715],[77.7957,51.4539],[77.7754,51.4679],[77.7509,51.4737],[77.7395,51.4747],[77.7187,51.4794],[77.7066,51.4804],[77.6926,51.4851],[77.6878,51.4956],[77.6863,51.5069],[77.6826,51.5146],[77.6653,51.5174],[77.6266,51.5108],[77.6103,51.5183],[77.6008,51.5274],[77.5922,51.5333],[77.5728,51.5425],[77.5674,51.5436],[77.5486,51.5425],[77.5457,51.5444],[77.543,51.5532],[77.5386,51.5555],[77.5204,51.5527],[77.5,51.5467],[77.4834,51.546],[77.4692,51.5768],[77.4526,51.5853],[77.4363,51.5911],[77.4287,51.6003],[77.4209,51.6685],[77.4247,51.6956],[77.4456,51.7235],[77.4492,51.7301],[77.4405,51.739],[77.4418,51.7473],[77.4405,51.7505],[77.438,51.7553],[77.4382,51.7597],[77.4456,51.7616],[77.4658,51.7608],[77.4697,51.7616],[77.4688,51.7758],[77.4605,51.79],[77.4548,51.8037],[77.4629,51.8162],[77.4561,51.8308],[77.4478,51.837],[77.4213,51.8436],[77.4059,51.8504],[77.3967,51.8577],[77.3809,51.8777],[77.3582,51.8972],[77.3335,51.9089],[77.2774,51.9255],[77.2354,51.9435],[77.2227,51.9466],[77.178,51.9444],[77.1619,51.9466],[77.0986,51.9709],[77.0693,51.9881],[77.0657,52.0018],[77.0429,52.0372],[77.0352,52.0459],[77.0172,52.0526],[76.979,52.0485],[76.9659,52.0528],[76.9597,52.0637],[76.9596,52.0748],[76.9617,52.0877],[76.9625,52.1043],[76.9602,52.1101],[76.9556,52.1136],[76.9509,52.1185],[76.949,52.1278],[76.9531,52.1323],[76.9631,52.1356],[76.9746,52.1377],[76.9838,52.1384],[76.9785,52.1477],[76.9706,52.1541],[76.9605,52.1577],[76.949,52.1589],[76.9579,52.1743],[76.9625,52.1793],[76.9546,52.186],[76.936,52.1978],[76.9291,52.2067],[76.939,52.2081],[76.9472,52.212],[76.9531,52.2185],[76.9564,52.2271],[76.921,52.2362],[76.9142,52.2408],[76.9146,52.2519],[76.9221,52.2582],[76.9307,52.2609],[76.9353,52.2613],[76.9423,52.2748],[76.9356,52.284],[76.9225,52.2914],[76.9111,52.2998],[76.8909,52.3264],[76.8825,52.3319],[76.8643,52.3355],[76.8486,52.3463],[76.8418,52.3471],[76.8346,52.3473],[76.8255,52.3507],[76.819,52.3556],[76.8043,52.3712],[76.7716,52.389],[76.7675,52.3996],[76.7844,52.4121],[76.7583,52.4243],[76.7669,52.4312],[76.7901,52.4364],[76.8081,52.4432],[76.812,52.4511],[76.8103,52.4591],[76.8066,52.4676],[76.8043,52.4772],[76.8001,52.4892],[76.791,52.4936],[76.7817,52.4967],[76.7776,52.5046],[76.7783,52.5374],[76.7749,52.5584],[76.7647,52.5772],[76.7439,52.5882],[76.6953,52.5883],[76.6746,52.5977],[76.7088,52.6114],[76.7088,52.6175],[76.6957,52.625],[76.6807,52.6202],[76.6588,52.619],[76.6425,52.6234],[76.6445,52.6356],[76.6543,52.6444],[76.6753,52.6591],[76.6821,52.666],[76.6897,52.6883],[76.6791,52.7012],[76.6631,52.7161],[76.6548,52.7448],[76.6489,52.7516],[76.6132,52.7684],[76.5405,52.8287],[76.5169,52.8377],[76.4924,52.8336],[76.4624,52.8168],[76.457,52.8211],[76.4531,52.826],[76.4503,52.8312],[76.4487,52.8373],[76.4638,52.8438],[76.477,52.8531],[76.488,52.8648],[76.4971,52.8782],[76.4863,52.8765],[76.4556,52.8646],[76.4461,52.8712],[76.4472,52.8794],[76.4524,52.8897],[76.4556,52.9025],[76.4487,52.9056],[76.4336,52.9051],[76.4172,52.9024],[76.407,52.8994],[76.3941,52.8925],[76.3925,52.8882],[76.393,52.8813],[76.3916,52.8748],[76.3838,52.872],[76.3726,52.8773],[76.3579,52.9003],[76.3533,52.9032]]}},{"type":"Feature","properties":{"scalerank":2,"name":"Ertis"},"geometry":{"type":"LineString","coordinates":[[79.0728,50.6171],[79.0593,50.6171]]}},{"type":"Feature","properties":{"scalerank":2,"name":"Ertis"},"geometry":{"type":"LineString","coordinates":[[83.3638,49.6439],[83.3627,49.6501],[83.3627,49.6551],[83.3613,49.6595],[83.3557,49.6643],[83.3589,49.6682],[83.3638,49.678],[83.2368,49.6717],[83.2088,49.6749],[83.1546,49.6885],[83.127,49.6917],[83.065,49.6917],[83.0498,49.6945],[83.0439,49.7017],[83.0406,49.7106],[83.0342,49.7189],[83.0093,49.7261],[82.9863,49.7265],[82.9749,49.7352],[82.9858,49.7674],[82.9756,49.7696],[82.9669,49.7742],[82.9607,49.7814],[82.9585,49.7913],[82.9574,49.804],[82.9541,49.8074],[82.9478,49.8087],[82.938,49.8151],[82.8888,49.8638],[82.8132,49.9095],[82.794,49.9182],[82.77,49.9215],[82.7271,49.9105],[82.7051,49.9113],[82.6984,49.9155],[82.6919,49.9226],[82.6867,49.9298],[82.6847,49.9349],[82.6797,49.9416],[82.6676,49.9439],[82.6439,49.9449],[82.6066,49.9566],[82.5066,50.0144],[82.4893,50.0209],[82.4826,50.0243],[82.4755,50.0308],[82.4688,50.0388],[82.4626,50.0448],[82.4551,50.0463],[82.4444,50.0411],[82.4215,50.0517],[82.3659,50.0503],[82.3455,50.0584],[82.3175,50.0838],[82.3141,50.0929],[82.315,50.1161],[82.3115,50.124],[82.3005,50.1373],[82.2798,50.1549],[82.2732,50.1646],[82.259,50.209],[82.2485,50.2274],[82.2249,50.2271],[82.1642,50.2064],[82.1572,50.2056],[82.1515,50.2076],[82.1484,50.2174],[82.1435,50.2198],[82.1323,50.2196],[82.1196,50.2178],[82.1076,50.2143],[82.0991,50.209],[82.0795,50.2025],[82.053,50.2067],[82.0056,50.2198],[81.978,50.2203],[81.9001,50.2124],[81.8914,50.2093],[81.8762,50.1956],[81.8657,50.1925],[81.8547,50.194],[81.8295,50.2017],[81.8214,50.2056],[81.774,50.2596],[81.7559,50.2676],[81.738,50.2627],[81.725,50.2528],[81.7096,50.2451],[81.6841,50.2465],[81.6455,50.2623],[81.5753,50.3082],[81.5339,50.3284],[81.5108,50.3342],[81.4341,50.3359],[81.4075,50.3321],[81.356,50.3168],[81.3279,50.3155],[81.3054,50.3212],[81.2661,50.339],[81.215,50.3463],[81.1939,50.3553],[81.1559,50.3769],[81.1161,50.3934],[81.0938,50.3973],[81.0673,50.3973],[81.0405,50.3911],[81.0318,50.3937],[81.0162,50.4029],[81.0094,50.4048],[80.9982,50.4023],[80.9649,50.3837],[80.9378,50.3732],[80.8234,50.3544],[80.787,50.3537],[80.7589,50.358],[80.7593,50.3769],[80.739,50.3776],[80.6802,50.3707],[80.6627,50.3745],[80.6296,50.3897],[80.6085,50.3911],[80.5005,50.3607],[80.4653,50.3564],[80.4483,50.3587],[80.412,50.3685],[80.2935,50.3786],[80.2805,50.3812],[80.2696,50.3878],[80.2307,50.4272],[80.2231,50.441],[80.2174,50.4594],[80.1946,50.4516],[80.1721,50.4576],[80.149,50.4681],[80.1113,50.4776],[80.1028,50.4864],[80.0958,50.4966],[80.0872,50.5041],[80.0774,50.5044],[80.0462,50.4868],[80.0186,50.4798],[79.9404,50.4868],[79.8823,50.4655],[79.8679,50.4644],[79.8135,50.4708],[79.7929,50.4791],[79.7749,50.492],[79.7554,50.5106],[79.7461,50.5151],[79.7363,50.5138],[79.7273,50.5092],[79.7209,50.5041],[79.709,50.4985],[79.6983,50.5019],[79.6831,50.514],[79.6811,50.5174],[79.6782,50.5241],[79.6744,50.5308],[79.6694,50.5345],[79.6625,50.5331],[79.6576,50.5279],[79.6536,50.5226],[79.6489,50.5203],[79.6344,50.5196],[79.6287,50.5186],[79.6279,50.5229],[79.6284,50.5383],[79.6192,50.5563],[79.5973,50.5646],[79.5527,50.5693],[79.5349,50.576],[79.5074,50.596],[79.4907,50.6035],[79.4815,50.6041],[79.4615,50.6019],[79.4509,50.6035],[79.4424,50.608],[79.4248,50.6212],[79.4195,50.6239],[79.4013,50.6297],[79.3674,50.6543],[79.3473,50.658],[79.3421,50.655],[79.3352,50.6425],[79.3274,50.6375],[79.3169,50.6359],[79.2598,50.6368],[79.2493,50.6397],[79.2449,50.6481],[79.2451,50.6671],[79.2421,50.6752],[79.2344,50.6785],[79.193,50.6723],[79.1814,50.6744],[79.1583,50.6835],[79.1487,50.6853],[79.126,50.6769],[79.1264,50.6606],[79.1318,50.6447],[79.1245,50.6375],[79.1049,50.6259],[79.0927,50.6215],[79.0872,50.627],[79.0823,50.6307],[79.0714,50.6297],[79.0524,50.6239],[79.0571,50.6195],[79.0616,50.6175],[79.0728,50.6171]]}},{"type":"Feature","properties":{"scalerank":2,"name":"Ertis"},"geometry":{"type":"LineString","coordinates":[[85.2671,47.9944],[85.2333,47.999],[85.2039,47.9947],[85.1901,47.9943],[85.1786,47.999],[85.1394,47.9677],[85.0948,47.9575],[85.0496,47.9529],[85.0079,47.9382],[85.0037,47.9331],[84.9991,47.9211],[84.9944,47.9171],[84.9883,47.9171],[84.9819,47.9196],[84.9767,47.9227],[84.9739,47.9239],[84.94,47.9117],[84.9091,47.9055],[84.8886,47.8941],[84.8088,47.8301],[84.7927,47.802],[84.7706,47.7963],[84.7199,47.7936],[84.6464,47.7692],[84.5967,47.7604],[84.575,47.7482],[84.5556,47.7345],[84.5357,47.7247],[84.49,47.7247],[84.4524,47.7188],[84.3731,47.7249],[84.3569,47.7321]]}},{"type":"Feature","properties":{"scalerank":2,"name":"Ertix"},"geometry":{"type":"LineString","coordinates":[[90.3253,47.6502],[90.322,47.6385],[90.3145,47.6341],[90.3057,47.6307],[90.2981,47.6223],[90.2962,47.6126],[90.2981,47.5779],[90.2968,47.5587],[90.2783,47.4559],[90.27,47.4378],[90.2534,47.4305],[90.2363,47.4281],[90.2236,47.4223],[90.2005,47.408],[90.1951,47.4058],[90.189,47.4041],[90.1746,47.4025],[90.1279,47.405],[90.1096,47.399],[90.0475,47.3321],[90.0313,47.3206],[89.9924,47.3055],[89.9828,47.3001],[89.9776,47.2928],[89.9658,47.266],[89.9609,47.2627],[89.9457,47.2473],[89.9424,47.2421],[89.9379,47.2325],[89.9268,47.2261],[89.9009,47.2182],[89.7727,47.1949],[89.7088,47.1737],[89.6948,47.1424],[89.6648,47.1259],[89.6533,47.122],[89.6357,47.1203],[89.6279,47.1214],[89.6262,47.1169],[89.6265,47.0981],[89.6159,47.0745],[89.5922,47.0664],[89.5668,47.0612],[89.5514,47.0468],[89.5747,47.0435],[89.5745,47.0264],[89.5608,47.0057],[89.544,46.9923],[89.517,46.9842],[89.4918,46.9827],[89.1467,47.0128],[89.1121,47.0264],[89.0868,47.0441],[89.0816,47.0468],[89.0562,47.0454],[89.0429,47.0462],[89.0334,47.0503],[89.019,47.0652],[89.0095,47.0716],[88.9766,47.0787],[88.9483,47.0902],[88.9224,47.1056],[88.9072,47.122],[88.8459,47.1462],[88.8215,47.1492],[88.8046,47.1537],[88.7312,47.1916],[88.6895,47.2077],[88.1598,47.2864],[88.1513,47.2913],[88.1441,47.2982],[88.1353,47.3043],[88.1223,47.307],[87.9915,47.309],[87.9675,47.3155],[87.9462,47.3255],[87.9302,47.3383],[87.9082,47.3518],[87.8831,47.3537],[87.8569,47.3521],[87.8307,47.3553],[87.7421,47.4095],[87.6344,47.4413],[87.4148,47.4658],[87.3628,47.4899],[87.3545,47.4919],[87.3501,47.4971],[87.3334,47.5421],[87.3164,47.5745],[87.3034,47.5844],[87.2944,47.5858],[87.2855,47.5831],[87.2722,47.5812],[87.2315,47.5812],[87.1951,47.5888],[87.1809,47.5881],[87.1714,47.5836],[87.1619,47.5712],[87.1524,47.5677],[87.1458,47.5694],[87.127,47.579],[87.1152,47.5812],[87.0913,47.5831],[87.0447,47.5944],[86.9954,47.613],[86.9771,47.6249],[86.9436,47.6601],[86.9356,47.6669],[86.9244,47.6738],[86.9124,47.6773],[86.9024,47.6741],[86.8972,47.6773],[86.8424,47.6985],[86.8102,47.7152],[86.7962,47.7247],[86.7656,47.756],[86.7579,47.7615],[86.7418,47.7684],[86.7341,47.7731],[86.7236,47.7846],[86.7048,47.8113],[86.6938,47.8209],[86.6754,47.8292],[86.6546,47.8359],[86.6325,47.8404],[86.6118,47.842],[86.5909,47.8463],[86.5549,47.8651],[86.5325,47.8692],[86.5235,47.8725],[86.5043,47.8866],[86.4951,47.8898],[86.4846,47.8865],[86.4664,47.8725],[86.4573,47.8692],[86.4185,47.8681],[86.3995,47.8612],[86.3915,47.8451],[86.3825,47.8357],[86.3626,47.8411],[86.3416,47.8547],[86.3301,47.8692],[86.3108,47.8631],[86.2864,47.8648],[86.2703,47.8633],[86.2754,47.8482],[86.2485,47.8411],[86.2174,47.8472],[86.1256,47.8819],[86.1115,47.8898],[86.087,47.9105],[86.0742,47.9189],[86.0562,47.9239],[86.0234,47.9265],[86.0095,47.9298],[85.9942,47.9382],[85.9675,47.9587],[85.9539,47.9649],[85.9249,47.9664],[85.9009,47.9584],[85.8825,47.9571],[85.8713,47.9791],[85.8484,47.9656],[85.8293,47.9671],[85.8098,47.9747],[85.7652,47.9819],[85.7546,47.9811],[85.7299,47.9663],[85.7209,47.9688],[85.7061,47.9854],[85.683,48.0021],[85.6721,48.0059],[85.6557,48.0069],[85.6441,48.0043],[85.6338,48.0008],[85.5966,47.9947],[85.5751,47.9868],[85.5549,47.9833],[85.5357,47.9922],[85.5322,47.9996],[85.5283,48.0196],[85.522,48.0263],[85.5094,48.0275],[85.4985,48.0224],[85.4898,48.0159],[85.484,48.0126],[85.4576,48.011],[85.4382,48.0064],[85.3984,47.9922],[85.3779,47.9791],[85.3718,47.9815],[85.3623,47.9899],[85.3473,47.9962],[85.3438,48.0007],[85.3394,48],[85.3264,47.9887],[85.3117,47.9883],[85.2671,47.9944]]}},{"type":"Feature","properties":{"scalerank":2,"name":"Maquan"},"geometry":{"type":"LineString","coordinates":[[82.4005,30.4114],[82.418,30.4208],[82.4391,30.4244],[82.459,30.4241],[82.4723,30.4224],[82.517,30.4088],[82.5392,30.398],[82.5577,30.3841],[82.5686,30.3683],[82.5757,30.3626],[82.5891,30.3603],[82.6414,30.3787],[82.646,30.3816],[82.6513,30.3825],[82.6642,30.3807],[82.6692,30.3782],[82.6748,30.3738],[82.6829,30.3696],[82.7227,30.3651],[82.7529,30.3594],[82.7692,30.3585],[82.7877,30.3603],[82.835,30.3714],[82.8593,30.373],[82.8696,30.364],[82.8933,30.3323],[82.9067,30.3277],[82.9127,30.3168],[82.9175,30.2914],[82.9254,30.2685],[82.9336,30.2514],[82.9458,30.2374],[82.9653,30.2237],[82.9942,30.2125],[83.0372,30.1847],[83.0444,30.1815],[83.0662,30.1804],[83.0747,30.1786],[83.082,30.1753],[83.0872,30.1686],[83.0904,30.1595],[83.0955,30.1514],[83.1316,30.142],[83.1499,30.1309],[83.1677,30.1249],[83.1919,30.1343],[83.199,30.1123],[83.218,30.0972],[83.2379,30.0862],[83.2471,30.0764],[83.2524,30.0729],[83.2639,30.0721],[83.2765,30.0734],[83.2847,30.0764],[83.2931,30.0765],[83.3054,30.0704],[83.3228,30.0587],[83.3629,30.0495],[83.3823,30.0415],[83.3906,30.0282],[83.3958,30.0047],[83.4098,29.9915],[83.4519,29.9767],[83.5005,29.9471],[83.5374,29.9385],[83.5554,29.9275],[83.589,29.8941],[83.6002,29.8799],[83.6045,29.8776],[83.6266,29.8714],[83.7066,29.8623],[83.7266,29.8559],[83.7539,29.8426],[83.7609,29.8333],[83.8175,29.8154],[83.9801,29.7364],[83.9688,29.7313],[83.96,29.7242],[83.9541,29.7147],[83.9522,29.7023],[83.9763,29.658],[83.982,29.6504],[83.9895,29.6331],[83.9966,29.6238],[84.0068,29.616],[84.0347,29.6061],[84.0872,29.5702],[84.1065,29.5658],[84.1664,29.5789],[84.1856,29.5795],[84.1983,29.5772],[84.2051,29.5751],[84.2197,29.5658],[84.2293,29.5479],[84.2377,29.5414],[84.2504,29.5484],[84.2613,29.5484],[84.3088,29.5399],[84.4161,29.5352],[84.461,29.526],[84.4933,29.5106],[84.5105,29.4759],[84.5039,29.4328],[84.4888,29.3883],[84.4804,29.3495],[84.4846,29.3433],[84.5029,29.3319],[84.5071,29.3222],[84.5048,29.3145],[84.5005,29.3058],[84.4988,29.2967],[84.5037,29.2877],[84.5244,29.2762],[84.5662,29.2684],[84.5828,29.2574],[84.5908,29.2639],[84.5959,29.2724],[84.5997,29.2803],[84.6033,29.2846],[84.6179,29.2885],[84.6272,29.2856],[84.6358,29.2805],[84.6657,29.2753],[84.7199,29.2574],[84.7763,29.2244],[84.792,29.2263],[84.8137,29.2341],[84.8379,29.2294],[84.9225,29.1901],[84.9638,29.1861],[85.0012,29.1986],[85.0352,29.2294],[85.0361,29.2339],[85.0342,29.246],[85.0352,29.2505],[85.0405,29.2545],[85.0457,29.2552],[85.0505,29.2554],[85.0551,29.2574],[85.0717,29.2689],[85.0831,29.2751],[85.1113,29.2847],[85.1441,29.3165],[85.165,29.3256],[85.2349,29.3195],[85.251,29.315],[85.2651,29.3046],[85.3076,29.2832],[85.3227,29.2778],[85.3917,29.2806],[85.4087,29.2744],[85.4236,29.2653],[85.4453,29.2578],[85.4684,29.2525],[85.4871,29.2505],[85.5317,29.2567],[85.5554,29.2565],[85.5733,29.2468],[85.5966,29.2075],[85.6095,29.1915],[85.6306,29.1822],[85.6529,29.1806],[85.7312,29.1922],[85.7631,29.2102],[85.782,29.2164],[85.8042,29.215],[85.8449,29.1997],[85.9464,29.1822],[86.1474,29.1782],[86.1587,29.1794],[86.1695,29.1837],[86.1923,29.197],[86.2244,29.2062],[86.2361,29.2081],[86.2471,29.1976],[86.2597,29.202],[86.2715,29.2097],[86.2754,29.2134],[86.3502,29.2106],[86.3875,29.2238],[86.4111,29.2187],[86.4345,29.2102],[86.4536,29.2073],[86.4678,29.2137],[86.4781,29.2224],[86.4882,29.2268],[86.5014,29.2203],[86.5095,29.2392],[86.5222,29.2347],[86.5357,29.2212],[86.5464,29.2134],[86.5671,29.2112],[86.6069,29.2017],[86.6255,29.1998],[86.6366,29.2019],[86.6563,29.2108],[86.6665,29.2134],[86.9605,29.1794],[87.0064,29.1851],[87.0274,29.1811],[87.0364,29.1626],[87.04,29.1586],[87.0488,29.1552],[87.0588,29.1529],[87.0674,29.152],[87.0792,29.1542],[87.0855,29.1596],[87.0904,29.1664],[87.0986,29.1725],[87.1115,29.1771],[87.1207,29.1767],[87.1555,29.1568],[87.1672,29.1522],[87.1939,29.1452],[87.2192,29.1568],[87.2449,29.1517],[87.2964,29.1309],[87.4094,29.1179],[87.519,29.1247],[87.5466,29.1307],[87.604,29.1505],[87.6254,29.1452],[87.6422,29.1509],[87.6602,29.1516]]}},{"type":"Feature","properties":{"scalerank":2,"name":"Za"},"geometry":{"type":"LineString","coordinates":[[94.084,33.1558],[94.0928,33.1581],[94.1128,33.1679],[94.1367,33.1722],[94.165,33.1817],[94.1768,33.1838],[94.2216,33.1778],[94.3054,33.153],[94.3481,33.1497],[94.4478,33.1633],[94.4573,33.1679],[94.464,33.1788],[94.4693,33.1913],[94.475,33.2012],[94.4844,33.208],[94.4975,33.2132],[94.5121,33.2167],[94.5263,33.2179],[94.5791,33.2122],[94.5911,33.208],[94.6017,33.1998],[94.615,33.192],[94.6282,33.1861],[94.705,33.1769],[94.7236,33.1789],[94.7659,33.1906],[94.7896,33.1876],[94.8608,33.1682],[94.8757,33.1595],[94.8804,33.149],[94.8918,33.1387],[94.9166,33.1223],[94.9468,33.0955],[94.9583,33.0876],[94.9653,33.1004],[94.9795,33.0965],[94.996,33.0865],[95.0094,33.0808],[95.0288,33.0789],[95.0499,33.0734],[95.0688,33.065],[95.0811,33.0541],[95.0859,33.043],[95.0855,33.035],[95.0828,33.0271],[95.0811,33.0159],[95.0833,33.0061],[95.0927,32.9861],[95.0947,32.9743],[95.0932,32.9653],[95.0904,32.961],[95.0899,32.9573],[95.0947,32.9504],[95.1043,32.9416],[95.1144,32.9368],[95.125,32.9374],[95.1358,32.9442],[95.2046,32.9113],[95.2177,32.8958],[95.2346,32.909],[95.2525,32.9073],[95.2872,32.8889],[95.3501,32.8794],[95.3984,32.8536],[95.4386,32.8494],[95.5234,32.8548],[95.5577,32.848],[95.589,32.8303],[95.6138,32.8059],[95.6292,32.7791],[95.648,32.727],[95.6503,32.7145],[95.6602,32.715],[95.7184,32.6898],[95.735,32.6927],[95.7813,32.6616],[95.8074,32.6624],[95.8175,32.6471],[95.8717,32.5999],[95.9341,32.5567],[95.9597,32.5451],[95.9854,32.5384],[96.0034,32.5429],[96.0211,32.5558],[96.0422,32.5624],[96.1638,32.5745],[96.1811,32.5706],[96.187,32.5633],[96.1952,32.5501],[96.2012,32.5429],[96.2095,32.5373],[96.2291,32.5313],[96.2393,32.5259],[96.2447,32.5197],[96.2553,32.5029],[96.2598,32.4979],[96.2725,32.4949],[96.2989,32.4949],[96.311,32.4883],[96.3376,32.4515],[96.3621,32.4338],[96.3668,32.4368],[96.3702,32.4425],[96.3759,32.4439],[96.3921,32.4346],[96.4142,32.4182],[96.4284,32.4025],[96.4209,32.3955],[96.4157,32.3843],[96.4246,32.3592],[96.4454,32.3198],[96.4543,32.2946],[96.4585,32.2862],[96.4673,32.2781],[96.4889,32.2637],[96.4932,32.2556],[96.4962,32.2383],[96.5122,32.1976],[96.5199,32.1832],[96.5331,32.1661],[96.5486,32.1556],[96.5679,32.1505],[96.5925,32.1491],[96.6012,32.147],[96.6157,32.1376],[96.6267,32.1354],[96.6323,32.1333],[96.6416,32.1239],[96.6472,32.1218],[96.6531,32.1232],[96.6582,32.1262],[96.6641,32.1286],[96.6714,32.1286],[96.6812,32.1249],[96.6867,32.1206],[96.6935,32.1166],[96.7055,32.1143],[96.7129,32.1153],[96.7332,32.1206],[96.7427,32.1218],[96.7593,32.1123],[96.7691,32.0651],[96.7805,32.0467],[96.7927,32.0443],[96.8228,32.0488],[96.8352,32.0467],[96.8467,32.0366],[96.848,32.0268],[96.8445,32.0158],[96.8421,32.002],[96.8513,31.9761],[96.8731,31.9665],[96.8982,31.9634],[96.9177,31.9573],[96.9413,31.9655]]}},{"type":"Feature","properties":{"scalerank":2,"name":"Lancang"},"geometry":{"type":"LineString","coordinates":[[96.9413,31.9655],[96.9595,31.9521],[96.9747,31.9325],[96.9898,31.9226],[96.9949,31.9137],[96.9921,31.8707],[96.9929,31.8549],[96.9991,31.846],[97.0159,31.8342],[97.0208,31.827],[97.0146,31.8],[97.0133,31.7891],[97.0176,31.7671],[97.0287,31.7524],[97.0617,31.7239],[97.0722,31.7108],[97.0807,31.6946],[97.0868,31.6752],[97.0891,31.6113],[97.0932,31.6007],[97.1028,31.5975],[97.114,31.597],[97.1231,31.5943],[97.128,31.5875],[97.1358,31.5689],[97.1436,31.5594],[97.168,31.5489],[97.1801,31.541],[97.1885,31.5223],[97.2026,31.5042],[97.2057,31.4946],[97.2039,31.4827],[97.1946,31.4626],[97.1915,31.4496],[97.208,31.3924],[97.2161,31.3782],[97.219,31.3713],[97.2207,31.3599],[97.2207,31.348],[97.2195,31.3397],[97.2118,31.3284],[97.2039,31.3255],[97.1952,31.3248],[97.1853,31.3205],[97.1611,31.2892],[97.1572,31.2817],[97.1596,31.2701],[97.1694,31.2508],[97.1743,31.2306],[97.1807,31.2212],[97.1952,31.2069],[97.2002,31.1964],[97.1983,31.1855],[97.1939,31.175],[97.1915,31.166],[97.1921,31.1297],[97.1982,31.0852],[97.2154,31.0477],[97.2501,31.0318],[97.2692,31.0281],[97.2891,31.019],[97.3218,30.9971],[97.3614,30.9529],[97.377,30.9431],[97.372,30.9332],[97.3702,30.9022],[97.3576,30.8707],[97.356,30.8571],[97.3574,30.7943],[97.3628,30.7718],[97.3785,30.7319],[97.3991,30.7015],[97.4273,30.6772],[97.4822,30.6454],[97.5241,30.6039],[97.5546,30.5831],[97.5576,30.5818],[97.6294,30.4524],[97.6645,30.4058],[97.6707,30.4001],[97.6787,30.395],[97.7135,30.3889],[97.7231,30.3841],[97.7817,30.3323],[97.8101,30.2999],[97.8279,30.2843],[97.8462,30.2777],[97.8523,30.2756],[97.8629,30.27],[97.873,30.2624],[97.8774,30.2542],[97.8795,30.2395],[97.8853,30.2349],[97.894,30.2338],[97.9041,30.2299],[97.9369,30.2055],[97.9478,30.1889],[97.9518,30.1651],[97.9658,30.1558],[97.9755,30.1477],[97.9797,30.1375],[97.9814,30.1315],[97.9854,30.1284],[97.9909,30.1271],[97.9968,30.1269],[98.0016,30.124],[97.9998,30.1174],[97.9933,30.107],[98.005,30.0631],[98.0157,30.0413],[98.0309,30.0319],[98.043,30.0213],[98.0518,29.9972],[98.0616,29.9562],[98.0738,29.9409],[98.0899,29.9248],[98.1041,29.9062],[98.11,29.8836],[98.1133,29.8754],[98.1343,29.8497],[98.1386,29.8407],[98.1404,29.8199],[98.1442,29.8122],[98.1617,29.8071],[98.2101,29.8043],[98.2199,29.7948],[98.2251,29.7818],[98.2608,29.7235],[98.3393,29.6389],[98.3482,29.6234],[98.3496,29.5999],[98.3434,29.5727],[98.3434,29.5658],[98.3462,29.5546],[98.3614,29.5138],[98.3975,29.4539],[98.4042,29.4451],[98.4096,29.4356],[98.4116,29.4249],[98.416,29.4172],[98.4347,29.4083],[98.4391,29.3973],[98.4369,29.3867],[98.4332,29.3755],[98.4314,29.365],[98.4353,29.3563],[98.4436,29.352],[98.4732,29.3426],[98.479,29.3271],[98.4927,29.3104],[98.5377,29.2692],[98.5479,29.2566],[98.5689,29.2232],[98.614,29.1679],[98.6316,29.1595],[98.6283,29.1402],[98.6104,29.1031],[98.605,29.0834],[98.5841,29.0452],[98.583,29.024],[98.5928,29.0084],[98.6075,28.9963],[98.6205,28.9828],[98.624,28.9632],[98.6343,28.9442],[98.6381,28.9305],[98.6384,28.8786],[98.6415,28.8709],[98.6543,28.855],[98.6548,28.8502],[98.6528,28.8449],[98.6514,28.8359],[98.6528,28.8255],[98.6565,28.819],[98.6608,28.8132],[98.665,28.8048],[98.6778,28.7569],[98.6802,28.7244],[98.6855,28.7086],[98.7027,28.6709],[98.7749,28.5721],[98.7809,28.5559],[98.7905,28.5146],[98.7991,28.4998],[98.8123,28.484],[98.8345,28.4418],[98.8506,28.4015],[98.8624,28.357],[98.8643,28.3356],[98.8609,28.3199],[98.8464,28.2858],[98.843,28.2705],[98.8449,28.2503],[98.8501,28.225],[98.8579,28.201],[98.8848,28.1507],[98.9068,28.1289],[98.9126,28.1196],[98.9146,28.0963],[98.9019,28.054],[98.8984,28.034],[98.9011,28.011],[98.9086,27.9935],[98.9325,27.9613],[99.019,27.8838],[99.0349,27.8521],[99.0364,27.8404],[99.0349,27.8179],[99.0374,27.8121],[99.042,27.8081],[99.0486,27.805],[99.0483,27.7975],[99.0431,27.7864],[99.0418,27.7804],[99.0447,27.7722],[99.0508,27.7654],[99.0549,27.7594],[99.0473,27.7435],[99.0507,27.7193],[99.0486,27.7081],[99.0386,27.6981],[99.0272,27.6941],[99.0162,27.692],[99.0075,27.6876],[99.0037,27.6811],[98.9988,27.6695],[98.9976,27.6584],[99.0042,27.6534],[99.0081,27.6487],[99.0113,27.6376],[99.0144,27.6156],[99.0176,27.6058],[99.0317,27.5965],[99.0349,27.5852],[99.0309,27.5716],[99.0225,27.5662],[99.0132,27.5635],[99.0075,27.5579],[99.0095,27.5483],[99.0281,27.5163],[99.032,27.5047],[99.0376,27.48],[99.0418,27.4685],[99.0659,27.4372],[99.0696,27.4238],[99.0728,27.4168],[99.087,27.4018],[99.0903,27.3968],[99.0906,27.3706],[99.0934,27.3583],[99.1001,27.3484],[99.1085,27.3303],[99.1103,27.3028],[99.1025,27.2769],[99.0826,27.263],[99.089,27.2425],[99.0982,27.2249],[99.1126,27.2125],[99.1343,27.2078],[99.1467,27.1977],[99.1721,27.1327],[99.1655,27.1175],[99.165,27.1023],[99.1664,27.0867],[99.1653,27.0706],[99.1627,27.0648],[99.1548,27.0528],[99.1515,27.044],[99.15,27.0268],[99.1504,27.0172],[99.1515,27.0098],[99.177,26.9527],[99.1863,26.9224],[99.1856,26.8863],[99.1832,26.878],[99.1701,26.8485],[99.1638,26.8396],[99.1618,26.8379],[99.1573,26.836],[99.1592,26.8319],[99.1653,26.8248],[99.1406,26.7717],[99.138,26.7559],[99.1412,26.7481],[99.1541,26.7366],[99.1584,26.7286],[99.1596,26.7193],[99.1305,26.6256],[99.1366,26.6071],[99.1262,26.5871],[99.1113,26.5667],[99.1039,26.5471],[99.11,26.5265],[99.1384,26.5019],[99.1448,26.4822],[99.1423,26.4746],[99.1324,26.4576],[99.1305,26.4475],[99.1425,26.4214],[99.1448,26.4099],[99.141,26.4003],[99.1337,26.392],[99.1294,26.3841],[99.1404,26.3658],[99.1436,26.3526],[99.1449,26.3398],[99.1448,26.3314],[99.1427,26.3246],[99.134,26.3071],[99.1305,26.2967],[99.138,26.1868],[99.1306,26.0734],[99.138,26.0297],[99.1489,26.0056],[99.1515,25.995],[99.1528,25.9083],[99.1567,25.8865],[99.1653,25.8658],[99.1679,25.8641],[99.1714,25.8635],[99.1755,25.8623],[99.1788,25.8584],[99.1836,25.8425],[99.1963,25.8166],[99.2024,25.8072],[99.21,25.8032],[99.2175,25.7945],[99.2546,25.7349],[99.2672,25.6922],[99.2744,25.6496],[99.2813,25.6297],[99.2974,25.6169],[99.3365,25.5977],[99.3433,25.5919],[99.3501,25.5841],[99.3552,25.5763],[99.3576,25.5704],[99.3565,25.5582],[99.3516,25.5506],[99.3464,25.5454],[99.344,25.5397],[99.3378,25.5158],[99.3365,25.5052],[99.3384,25.4999],[99.3472,25.4835],[99.3502,25.4749],[99.3525,25.4564],[99.3513,25.4389],[99.3445,25.4256],[99.3298,25.4196],[99.3134,25.4248],[99.3027,25.4337],[99.2973,25.433],[99.2945,25.3998],[99.29,25.3894],[99.2887,25.3817],[99.292,25.3736],[99.3067,25.3596],[99.3098,25.3548],[99.3137,25.3384],[99.3237,25.3231],[99.3674,25.2785],[99.4135,25.2122],[99.4356,25.1993],[99.4727,25.1653],[99.4806,25.1558],[99.4888,25.1395],[99.5083,25.1334],[99.5309,25.1341],[99.5488,25.1385],[99.5585,25.1291],[99.5791,25.1178],[99.6025,25.1083],[99.6209,25.1043],[99.6353,25.0989],[99.6484,25.0854],[99.7307,24.9776],[99.7411,24.957],[99.7452,24.9141],[99.7549,24.892],[99.7656,24.8843],[99.8095,24.8624],[99.8269,24.8579],[99.8355,24.8498],[99.8648,24.7958],[99.8926,24.7714],[99.9265,24.7558],[99.9656,24.7465],[100.0767,24.7334],[100.101,24.7191],[100.1162,24.671],[100.129,24.6748],[100.143,24.6887],[100.1567,24.7072],[100.1632,24.7181],[100.169,24.7238],[100.1763,24.7284],[100.1897,24.7328],[100.2102,24.7459],[100.2293,24.7512],[100.2815,24.7574],[100.3062,24.7679],[100.3234,24.7691],[100.3721,24.7509],[100.3818,24.7449],[100.3925,24.7358],[100.4171,24.7193],[100.4265,24.7071],[100.4236,24.7032],[100.419,24.6934],[100.4335,24.6907],[100.4371,24.6815],[100.4332,24.6555],[100.4397,24.6466],[100.4679,24.6269],[100.4743,24.6143],[100.4788,24.6079],[100.5007,24.5876],[100.5084,24.5761],[100.5112,24.5616],[100.5108,24.5356],[100.5152,24.5227],[100.5243,24.5165],[100.5358,24.5147],[100.5458,24.5106],[100.5571,24.4762],[100.5571,24.4653],[100.5466,24.4606],[100.5274,24.4484],[100.5168,24.4201],[100.5152,24.388],[100.5227,24.3644],[100.5178,24.3504],[100.5165,24.2714],[100.5288,24.2067],[100.5309,24.1627],[100.5195,24.1226],[100.4939,24.092],[100.4539,24.0764],[100.4129,24.0764],[100.4031,24.0733],[100.3818,24.0628],[100.3818,24.0517],[100.3923,23.9803],[100.4067,23.9356],[100.4075,23.916],[100.3955,23.8948],[100.3795,23.8828],[100.3397,23.8599],[100.3234,23.8437],[100.2895,23.7648],[100.272,23.7543],[100.2554,23.7407],[100.2,23.6686],[100.1972,23.6607],[100.1795,23.6314],[100.1386,23.4731],[100.134,23.4674],[100.1202,23.4542],[100.1174,23.4492],[100.1044,23.4117],[100.0743,23.3609],[100.0702,23.3468],[100.0723,23.3297],[100.0814,23.2933],[100.0833,23.2714],[100.0774,23.2538],[100.0505,23.2272],[100.043,23.2124],[100.0959,23.1712],[100.114,23.1652],[100.12,23.1551],[100.143,23.0713],[100.1467,23.0652],[100.1614,23.0607],[100.1819,23.0498],[100.1863,23.0449],[100.193,23.0307],[100.2086,23.0137],[100.2267,23.003],[100.2409,23.0076],[100.2485,23.0076],[100.2571,22.9708],[100.262,22.9592],[100.2691,22.9497],[100.2743,22.9483],[100.2962,22.9592],[100.2918,22.9156],[100.3009,22.8789],[100.355,22.791],[100.3618,22.7768],[100.3655,22.7462],[100.3701,22.7266],[100.3712,22.7165],[100.3628,22.6824],[100.3645,22.6718],[100.3683,22.6704],[100.3923,22.6575],[100.4023,22.6498],[100.4378,22.612],[100.5127,22.5517],[100.5333,22.5397],[100.5534,22.5346],[100.5679,22.5269],[100.5727,22.5091],[100.5706,22.4732],[100.575,22.451],[100.5747,22.4376],[100.5668,22.4316],[100.5641,22.4254],[100.5732,22.4119],[100.5851,22.3989],[100.5909,22.3937],[100.5951,22.3865],[100.6251,22.3633],[100.6467,22.3266],[100.6593,22.3149],[100.6397,22.3094],[100.6314,22.3061],[100.6251,22.3019],[100.6138,22.2884],[100.6093,22.2785],[100.6152,22.274],[100.6376,22.2625],[100.6608,22.2591],[100.6712,22.2559],[100.6795,22.2515],[100.6995,22.2371],[100.7026,22.2314],[100.71,22.2091],[100.7139,22.1749],[100.7171,22.1686],[100.7312,22.1514],[100.7344,22.1405],[100.7312,22.1328],[100.7243,22.1251],[100.7193,22.1174],[100.7207,22.1095],[100.731,22.1087],[100.7573,22.0989],[100.7779,22.0876],[100.7626,22.0717],[100.7714,22.0488],[100.7959,22.0139],[100.804,22.0104],[100.8208,22.0093],[100.8306,22.007],[100.8557,21.9895],[100.8673,21.9835],[100.8704,21.9757],[100.8715,21.9555],[100.8745,21.9438],[100.8818,21.9374],[100.8909,21.9326],[100.8995,21.9251],[100.9059,21.9136],[100.9101,21.9008],[100.9125,21.8733],[100.9179,21.8609],[100.9299,21.8536],[100.9419,21.8492],[100.9473,21.8463],[101.0298,21.8494],[101.0674,21.8289],[101.0708,21.8225],[101.0684,21.8084],[101.0689,21.7944],[101.0811,21.788],[101.108,21.7914],[101.1738,21.8153],[101.1812,21.7969],[101.1631,21.784],[101.1187,21.7669],[101.1187,21.76],[101.1245,21.7444],[101.1274,21.6953],[101.1359,21.6849],[101.1489,21.6769],[101.1611,21.6586],[101.1685,21.638],[101.1664,21.6235],[101.1736,21.6121],[101.1672,21.6004],[101.1575,21.5865],[101.1539,21.5682],[101.1587,21.5528],[101.1608,21.5349],[101.1568,21.5199],[101.1428,21.5136],[101.0032,21.4062],[100.9097,21.3603],[100.8958,21.356],[100.8621,21.3235],[100.8511,21.315],[100.8141,21.3004],[100.7916,21.2976],[100.7722,21.3045],[100.7647,21.3094],[100.7564,21.3126],[100.7475,21.3145],[100.738,21.315],[100.7251,21.3119],[100.7217,21.3039],[100.7222,21.2929],[100.7207,21.2808],[100.6891,21.1595],[100.6372,21.0699],[100.6251,21.0543],[100.6065,21.0441],[100.5615,21.0353],[100.5431,21.0276],[100.5556,21.0001],[100.5569,20.9923],[100.5517,20.9855],[100.533,20.9737],[100.5288,20.9686],[100.5268,20.9471],[100.5173,20.9065],[100.5152,20.8867],[100.5339,20.8741],[100.6226,20.8887],[100.6518,20.883],[100.6518,20.8768],[100.6262,20.8537],[100.5986,20.8337],[100.5686,20.818],[100.5364,20.8079],[100.5131,20.8072],[100.4705,20.8185],[100.3834,20.8319],[100.3645,20.8284],[100.3508,20.8155],[100.3417,20.7997],[100.3293,20.7862],[100.2898,20.7752],[100.2743,20.7622],[100.2485,20.7322],[100.2214,20.7098],[100.2109,20.6976],[100.2067,20.681],[100.2021,20.6681],[100.1797,20.6384],[100.1725,20.6223],[100.1725,20.6092],[100.1598,20.5829],[100.1489,20.5483],[100.1363,20.4594],[100.127,20.428],[100.1249,20.4066],[100.1207,20.389],[100.1109,20.3751],[100.0993,20.3624],[100.0967,20.3486],[100.0972,20.3352],[100.0989,20.318],[100.0969,20.2834],[100.1025,20.2638],[100.1162,20.2482],[100.1343,20.2393],[100.1522,20.2393],[100.1674,20.2539],[100.1669,20.2928],[100.176,20.3008],[100.1792,20.3027],[100.2014,20.3105],[100.2067,20.3113],[100.2089,20.3132],[100.2205,20.3492],[100.24,20.373],[100.27,20.392],[100.3061,20.3998],[100.344,20.3902],[100.3639,20.3692],[100.4214,20.2503],[100.447,20.2182],[100.4518,20.2105],[100.457,20.1966],[100.4607,20.1909],[100.4684,20.1859],[100.4853,20.179],[100.4885,20.1735],[100.496,20.1651],[100.5125,20.1555],[100.5288,20.15],[100.5364,20.1537],[100.5418,20.1669],[100.5547,20.1704],[100.5704,20.168],[100.5842,20.1636],[100.5945,20.1284],[100.5842,20.0128],[100.593,19.8194],[100.6016,19.8028],[100.6217,19.8104],[100.6319,19.8159],[100.6418,19.8165],[100.6555,19.8135],[100.6689,19.8151],[100.6782,19.8188],[100.7485,19.858],[100.7796,19.8849],[100.7921,19.8911],[100.8059,19.892],[100.928,19.8733],[100.9745,19.8596],[101.0094,19.8341],[101.0131,19.8411],[101.0195,19.8502],[101.0224,19.8557],[101.0298,19.8557],[101.0432,19.8409],[101.0596,19.8459],[101.0844,19.8688],[101.1094,19.8857],[101.1187,19.8893],[101.1314,19.8887],[101.142,19.8839],[101.1504,19.8782],[101.1695,19.869],[101.2346,19.8278],[101.2579,19.8214],[101.5595,19.8235],[101.5969,19.8314],[101.6189,19.8557],[101.6069,19.8631],[101.6194,19.8745],[101.6411,19.8848],[101.6563,19.8893],[101.6665,19.8951],[101.6958,19.9223],[101.7076,19.9309],[101.7481,19.9412],[101.8293,19.9481],[101.8652,19.9575],[101.8987,19.9794],[101.9502,20.0342],[101.9745,20.0537],[101.9922,20.0596],[102.0471,20.0537],[102.0636,20.0582],[102.1192,20.0885],[102.158,20.0922],[102.1907,20.0807],[102.2168,20.0575],[102.2359,20.0264],[102.2465,19.9881],[102.2409,19.9588],[102.2223,19.9358],[102.1943,19.9166],[102.185,19.9124],[102.1674,19.9068],[102.1602,19.9029],[102.1415,19.8793],[102.1362,19.8756],[102.1272,19.8735],[102.1177,19.8641],[102.1085,19.8619],[102.0859,19.8602],[102.0454,19.852],[102.0388,19.8488],[102.0298,19.8415],[102.0239,19.8321],[102.0116,19.8059],[102.0059,19.8005],[101.9932,19.7944],[101.8936,19.7056],[101.8858,19.6872],[101.8767,19.6794],[101.8355,19.658],[101.8243,19.6497],[101.815,19.615],[101.8167,19.4815],[101.8209,19.4671],[101.8291,19.4541],[101.8413,19.4409],[101.8569,19.4312],[101.8964,19.4144],[101.9063,19.4033],[101.8994,19.3934],[101.8662,19.3603],[101.8584,19.3449],[101.8533,19.3255],[101.8303,19.2923],[101.8243,19.2791],[101.824,19.2602],[101.8306,19.201],[101.8287,19.1808],[101.8203,19.1473],[101.8086,19.0326],[101.8049,19.0213],[101.8032,19.0106],[101.8069,19.002],[101.8123,18.9943],[101.815,18.9851],[101.8169,18.9644],[101.8159,18.9413],[101.8057,18.9042],[101.8032,18.8856],[101.8088,18.8703],[101.851,18.8267],[101.8617,18.7934],[101.8543,18.7634],[101.8243,18.7037],[101.8196,18.6827],[101.8151,18.6408],[101.8106,18.6219],[101.7793,18.5689],[101.7638,18.5496],[101.7426,18.5023],[101.7322,18.4915],[101.73,18.4885],[101.7076,18.471],[101.6961,18.4667],[101.6832,18.4644],[101.6707,18.4654],[101.6598,18.471],[101.6445,18.4576],[101.6264,18.4212],[101.6152,18.4055],[101.593,18.3909],[101.5777,18.3851],[101.5742,18.3758],[101.5734,18.3644],[101.5711,18.3549],[101.5615,18.3413],[101.547,18.3254],[101.5299,18.3121],[101.5125,18.3065],[101.4905,18.303],[101.4812,18.2938],[101.4762,18.2807],[101.4674,18.2656],[101.4208,18.2147],[101.4033,18.1822],[101.3991,18.1414],[101.4043,18.1278],[101.4229,18.0964],[101.427,18.084],[101.4332,18.0123],[101.4309,17.9826],[101.4246,17.9547],[101.4236,17.9289],[101.4448,17.8949],[101.4495,17.8848],[101.4564,17.8774],[101.4712,17.8745],[101.4954,17.8791],[101.5042,17.8758],[101.509,17.8609],[101.5157,17.8609],[101.5232,17.8666],[101.5374,17.8736],[101.5512,17.8752],[101.5574,17.8646],[101.5547,17.8571],[101.5368,17.8267],[101.5368,17.8205],[101.5435,17.8155],[101.5502,17.8139],[101.5571,17.8155],[101.5636,17.8205]]}},{"type":"Feature","properties":{"scalerank":2,"name":"Yarlung"},"geometry":{"type":"LineString","coordinates":[[87.6602,29.1516],[87.6763,29.1542],[87.6875,29.1663],[87.6682,29.2002],[87.6681,29.2178],[87.6838,29.2377],[87.6931,29.2441],[87.7104,29.2523],[87.7179,29.2582],[87.7267,29.2696],[87.7421,29.3023],[87.7763,29.3338],[87.818,29.3476],[87.9067,29.3643],[87.9643,29.395],[87.985,29.399],[88.0414,29.3875],[88.09,29.3837],[88.1052,29.3782],[88.1292,29.3541],[88.149,29.3404],[88.1689,29.3371],[88.1867,29.3414],[88.2014,29.3507],[88.2053,29.3571],[88.2083,29.3654],[88.2126,29.3731],[88.2213,29.378],[88.2343,29.378],[88.2416,29.3731],[88.2485,29.3672],[88.2598,29.3643],[88.2709,29.3654],[88.2905,29.3701],[88.3007,29.3712],[88.3067,29.3679],[88.3183,29.3516],[88.325,29.3444],[88.3427,29.3355],[88.3626,29.3313],[88.4031,29.3301],[88.4253,29.3358],[88.4699,29.3596],[88.4956,29.3643],[88.5579,29.3526],[88.6309,29.3507],[88.832,29.3444],[88.8434,29.3395],[88.8517,29.3343],[88.8606,29.3341],[88.873,29.3444],[88.9121,29.3289],[88.9461,29.3518],[88.9794,29.3812],[89.0164,29.3854],[89.0229,29.3802],[89.0474,29.3541],[89.0556,29.3494],[89.0665,29.3465],[89.1228,29.3429],[89.1331,29.3444],[89.1425,29.3495],[89.1573,29.3643],[89.1672,29.3712],[89.1871,29.3609],[89.2047,29.3571],[89.2463,29.3575],[89.2558,29.3607],[89.2745,29.3748],[89.2805,29.378],[89.3644,29.3641],[89.3966,29.3544],[89.4309,29.348],[89.4757,29.3507],[89.5444,29.3687],[89.5679,29.3712],[89.6612,29.3712],[89.6946,29.3638],[89.7644,29.3257],[89.8115,29.3227],[89.928,29.3401],[89.9902,29.3643],[90.0139,29.3675],[90.075,29.3575],[90.1382,29.3599],[90.2861,29.3362],[90.3253,29.3227],[90.3806,29.2938],[90.3975,29.2892],[90.4019,29.2855],[90.4181,29.2664],[90.4216,29.2582],[90.4273,29.2531],[90.4404,29.255],[90.4626,29.2619],[90.546,29.2737],[90.5824,29.2848],[90.7005,29.3489],[90.7403,29.3546],[90.7573,29.3196],[90.7647,29.2957],[90.7809,29.2972],[90.8084,29.3165],[90.819,29.3209],[90.8393,29.3401],[90.8496,29.3444],[90.8906,29.3444],[90.9063,29.3401],[90.9376,29.3209],[90.9597,29.3165],[90.9695,29.3201],[90.9799,29.3269],[90.9903,29.3309],[91.0004,29.3265],[91.0081,29.3211],[91.0175,29.3184],[91.038,29.3165],[91.0864,29.3308],[91.1148,29.3354],[91.1274,29.3253],[91.1386,29.3184],[91.2879,29.2915],[91.3027,29.2847],[91.3217,29.2852],[91.3574,29.2938],[91.3769,29.2962],[91.436,29.2906],[91.4518,29.2919],[91.5113,29.304],[91.5701,29.3052],[91.6499,29.2885],[91.6633,29.2874],[91.6707,29.2882],[91.6917,29.2936],[91.7086,29.2946],[91.7691,29.2886],[91.7831,29.2906],[91.8369,29.3054],[91.8657,29.3078],[91.8945,29.3066],[91.9229,29.3016],[91.9497,29.2931],[91.9512,29.2891],[91.9539,29.2872],[91.9566,29.286],[91.9594,29.2835],[91.9605,29.281],[91.9617,29.2757],[91.9629,29.2731],[91.9752,29.2646],[91.9929,29.2611],[92.0112,29.2621],[92.0254,29.2676],[92.0289,29.2719],[92.0348,29.2843],[92.0386,29.2892],[92.0483,29.2957],[92.0591,29.2996],[92.0707,29.3016],[92.1289,29.3048],[92.1456,29.3034],[92.1934,29.2789],[92.2711,29.2521],[92.3451,29.2374],[92.3569,29.2368],[92.3704,29.2422],[92.3909,29.2657],[92.3982,29.271],[92.4221,29.2694],[92.4503,29.264],[92.4737,29.2544],[92.4837,29.2399],[92.4877,29.2242],[92.5239,29.1641],[92.5251,29.1589],[92.5297,29.1568],[92.5457,29.1549],[92.5564,29.1555],[92.5806,29.1607],[92.5934,29.1612],[92.5841,29.1415],[92.5811,29.1312],[92.5835,29.1232],[92.5943,29.1173],[92.602,29.1212],[92.6082,29.1289],[92.6145,29.1338],[92.6377,29.1381],[92.6637,29.1402],[92.6884,29.1361],[92.7073,29.1223],[92.7159,29.1087],[92.7211,29.1031],[92.7294,29.0982],[92.7364,29.096],[92.8704,29.097],[92.8889,29.0926],[92.898,29.0828],[92.9063,29.0786],[92.9199,29.0684],[92.9283,29.0636],[92.9387,29.0596],[92.9596,29.0552],[92.9951,29.0536],[93.0196,29.0566],[93.0426,29.0646],[93.062,29.0788],[93.0737,29.0932],[93.0889,29.118],[93.0968,29.126],[93.1062,29.1295],[93.1163,29.1251],[93.1216,29.116],[93.1218,29.1053],[93.1204,29.0943],[93.121,29.0838],[93.1238,29.0765],[93.1279,29.0699],[93.1409,29.0526],[93.1459,29.0423],[93.149,29.0377],[93.1592,29.0312],[93.1715,29.0306],[93.1846,29.0319],[93.1968,29.0314],[93.2075,29.0263],[93.2249,29.0125],[93.2345,29.0096],[93.2833,29.0042],[93.2989,29.0049],[93.3167,29.0101],[93.3329,29.0187],[93.3477,29.0299],[93.3935,29.0838],[93.4044,29.105],[93.4111,29.1147],[93.4192,29.122],[93.4363,29.1341],[93.4431,29.1422],[93.4614,29.1751],[93.4745,29.1859],[93.4907,29.1896],[93.5081,29.1892],[93.5571,29.1822],[93.5903,29.1837],[93.6062,29.1818],[93.6165,29.1829],[93.6213,29.1822],[93.6264,29.1774],[93.6282,29.1639],[93.6318,29.1612],[93.6546,29.1632],[93.6873,29.1697],[93.7039,29.1679],[93.7138,29.1636],[93.7222,29.1588],[93.731,29.1556],[93.7424,29.1567],[93.7667,29.1666],[93.7784,29.1695],[93.7922,29.1679],[93.823,29.1561],[93.8342,29.1546],[93.8489,29.1557],[93.8648,29.1592],[93.8794,29.1655],[93.8909,29.1746],[93.9003,29.1866],[93.9053,29.1918],[93.9119,29.1958],[93.9308,29.2009],[93.9692,29.2048],[93.988,29.2103],[94.016,29.2237],[94.0263,29.2259],[94.061,29.2283],[94.0789,29.2276],[94.0953,29.2249],[94.1183,29.2167],[94.1262,29.215],[94.1611,29.2145],[94.1796,29.2171],[94.1948,29.2219],[94.356,29.3095]]}},{"type":"Feature","properties":{"scalerank":2,"name":"Mekong"},"geometry":{"type":"LineString","coordinates":[[103.0903,18.137],[103.0886,18.135],[103.1099,18.142],[103.1265,18.152],[103.1382,18.1669],[103.1448,18.1882],[103.1506,18.2217],[103.157,18.2372],[103.1679,18.2499],[103.1763,18.2551],[103.1848,18.2579],[103.2148,18.2625],[103.2363,18.2702],[103.273,18.2762],[103.2861,18.2805],[103.295,18.288],[103.296,18.2971],[103.29,18.3054],[103.2482,18.3328],[103.2398,18.3362],[103.2377,18.3417],[103.235,18.3455],[103.2332,18.3495],[103.2335,18.356],[103.2437,18.3803],[103.2605,18.4004],[103.2822,18.4157],[103.3066,18.4258],[103.3862,18.4417],[103.3963,18.4416],[103.4511,18.4255],[103.4697,18.4222],[103.4743,18.4223],[103.4888,18.4246],[103.4973,18.4239],[103.5229,18.4179],[103.5484,18.4156],[103.6066,18.4006],[103.621,18.3909],[103.6296,18.3834],[103.6382,18.3782],[103.6952,18.3534],[103.7088,18.3499],[103.7667,18.3469],[103.7843,18.3441],[103.801,18.3384],[103.8169,18.3306],[103.8317,18.3209],[103.8418,18.3093],[103.8484,18.2966],[103.8574,18.2866],[103.8735,18.2835],[103.8809,18.2846],[103.8855,18.2872],[103.8893,18.2913],[103.8933,18.2974],[103.9098,18.3155],[103.9291,18.3277],[103.9509,18.3332],[103.975,18.3309],[103.9998,18.3187],[104.0183,18.2993],[104.0681,18.2156],[104.1106,18.1148],[104.122,18.0955],[104.1353,18.0799],[104.1978,18.0257],[104.2105,18.0089],[104.2548,17.9151],[104.2639,17.8848],[104.2699,17.8742],[104.2778,17.8649],[104.2872,17.8569],[104.3523,17.8195],[104.3674,17.8007],[104.3899,17.7574],[104.4046,17.7401],[104.4086,17.7339],[104.4114,17.7276],[104.4175,17.7078],[104.4219,17.7],[104.4517,17.6661],[104.4809,17.6406],[104.6362,17.5627],[104.6546,17.5562],[104.7022,17.5275],[104.7143,17.5154],[104.7339,17.4871],[104.7493,17.4583],[104.7564,17.4501],[104.7644,17.4446],[104.7813,17.4354],[104.7886,17.4292],[104.7922,17.4237],[104.816,17.373],[104.8189,17.3613],[104.8198,17.3491],[104.816,17.3003],[104.818,17.2404],[104.814,17.1942],[104.8095,17.1718],[104.7449,17.025],[104.74,17.0028],[104.7493,16.911],[104.7529,16.9],[104.7625,16.8792],[104.766,16.8684],[104.7668,16.8563],[104.7651,16.8448],[104.7579,16.8221],[104.756,16.81],[104.7566,16.7987],[104.7781,16.716],[104.7786,16.7051],[104.7773,16.6942],[104.7632,16.6569],[104.7529,16.615],[104.7481,16.5721],[104.749,16.5495],[104.7542,16.5291],[104.7647,16.5115],[104.7823,16.4973],[104.8386,16.4679],[104.8551,16.4543],[104.8686,16.4387],[104.8792,16.4221],[104.8873,16.4041],[104.8967,16.3729],[104.9014,16.3626],[104.9077,16.3536],[104.9168,16.3458],[104.9438,16.331],[104.9518,16.3246],[104.9713,16.3045],[104.979,16.2989],[105.0071,16.2838],[105.0151,16.2769],[105.026,16.2578],[105.0293,16.2362],[105.0286,16.1917],[105.0323,16.1655],[105.0422,16.1417],[105.0579,16.1214],[105.0789,16.1057],[105.2371,16.051],[105.2471,16.0493],[105.2883,16.0476],[105.4046,16.019],[105.4142,16.0154],[105.4216,16.0101],[105.4234,16.0024],[105.4177,15.9949],[105.407,15.9891],[105.3862,15.981],[105.3622,15.955],[105.3604,15.9195],[105.3721,15.8824],[105.4117,15.8],[105.4225,15.784],[105.4353,15.7718],[105.4478,15.7651],[105.462,15.763],[105.5032,15.7664],[105.525,15.7637],[105.5681,15.7496],[105.6126,15.7217],[105.6407,15.6822],[105.6505,15.6348],[105.6404,15.5835],[105.6159,15.5214],[105.6118,15.4996],[105.61,15.4573],[105.604,15.4394],[105.588,15.424],[105.5524,15.4022],[105.5059,15.3878],[105.4859,15.3751],[105.4771,15.3531],[105.4829,15.3347],[105.4988,15.3248],[105.5191,15.3212],[105.5382,15.3217],[105.5934,15.3319],[105.6139,15.3294],[105.6325,15.3201],[105.6482,15.3059],[105.6597,15.2885],[105.6625,15.2796],[105.6651,15.2524],[105.6692,15.2405],[105.6755,15.2298],[105.7667,15.1329]]}},{"type":"Feature","properties":{"scalerank":2,"name":"Mekong"},"geometry":{"type":"LineString","coordinates":[[101.5636,17.8205],[101.5702,17.8291],[101.5748,17.84],[101.5772,17.8531],[101.5772,17.8683],[101.6,17.8546],[101.6109,17.8657],[101.6194,17.8848],[101.6358,17.895],[101.7288,17.9124],[101.7324,17.9322],[101.7566,17.998],[101.7654,18.0405],[101.7735,18.0588],[101.7901,18.0738],[101.7964,18.0738],[101.8057,18.0626],[101.8449,18.0523],[101.8836,18.0311],[101.9038,18.0373],[102.0709,18.2087],[102.0781,18.2141],[102.1533,18.2103],[102.1716,18.2005],[102.1782,18.1862],[102.1817,18.1695],[102.1912,18.1523],[102.2214,18.1318],[102.2252,18.1284],[102.2328,18.1244],[102.2564,18.0943],[102.3064,18.0516],[102.3362,18.0372],[102.3662,18.039],[102.3849,18.0162],[102.412,17.9944],[102.4451,17.9779],[102.4816,17.9713],[102.5673,17.971],[102.5993,17.9554],[102.6119,17.9155],[102.5952,17.8503],[102.5949,17.841],[102.6089,17.8372],[102.6602,17.8131],[102.6825,17.8103],[102.6825,17.8176],[102.6731,17.8319],[102.6671,17.8503],[102.6728,17.8655],[102.6865,17.8736],[102.7218,17.8819],[102.7371,17.8907],[102.7735,17.9229],[102.8316,17.9534],[102.8376,17.9639],[102.8523,17.9722],[102.9384,18.0091],[102.9546,18.0123],[102.9726,18.0079],[103.0034,17.9887],[103.02,17.9844],[103.0376,17.9909],[103.0491,18.0052],[103.0579,18.0195],[103.0679,18.0259],[103.0728,18.0358],[103.0645,18.0943],[103.0659,18.1125],[103.0711,18.1258],[103.0797,18.135],[103.0923,18.1414]]}},{"type":"Feature","properties":{"scalerank":2,"name":"Mekong"},"geometry":{"type":"LineString","coordinates":[[105.7817,15.1206],[105.7815,15.1214],[105.7812,15.1221],[105.7808,15.1227],[105.7802,15.1233],[105.7988,15.1118],[105.8178,15.1031],[105.8339,15.0919],[105.8442,15.0725],[105.8501,15.0508],[105.8551,15.0412],[105.8629,15.0328],[105.8901,15.013],[105.897,15.0036],[105.9031,14.9812],[105.8963,14.9119],[105.9043,14.8672],[105.9019,14.8348],[105.9031,14.824],[105.9075,14.8138],[105.9284,14.7886],[105.9337,14.7778],[105.9355,14.7665],[105.9346,14.7549],[105.9319,14.7432],[105.9282,14.7322],[105.9231,14.722],[105.9169,14.7125],[105.8832,14.6809],[105.8767,14.6711],[105.8731,14.6595],[105.8725,14.6475],[105.874,14.6234],[105.8731,14.6107],[105.8702,14.5989],[105.8526,14.5521],[105.8492,14.5278],[105.8513,14.4778],[105.8799,14.3552],[105.8801,14.3222],[105.8699,14.2911],[105.8418,14.2307],[105.8375,14.2133],[105.8359,14.1955],[105.84,14.1729],[105.8403,14.1654],[105.8378,14.1577],[105.8245,14.1374],[105.8208,14.1293],[105.8181,14.1207],[105.8164,14.1117],[105.8159,14.1029],[105.8193,14.0869],[105.8271,14.071],[105.8376,14.057],[105.8576,14.0415],[105.8632,14.0355],[105.8728,14.021],[105.8794,14.0139],[105.8871,14.01],[105.9201,14.0045],[105.9335,14.0002],[105.9461,13.9937],[105.9683,13.9765],[105.9731,13.9717],[105.9763,13.9661],[105.978,13.958],[105.9766,13.9506],[105.9714,13.9358],[105.9723,13.9197],[105.9805,13.908],[105.9915,13.8978],[106.0007,13.8859],[106.0033,13.8765],[106.0015,13.8684],[105.9859,13.8444],[105.9824,13.8353],[105.975,13.7974],[105.9752,13.7786],[105.9813,13.7619],[105.9946,13.7496],[105.9956,13.7456],[106.0071,13.7386],[106.0171,13.7273],[106.0317,13.7021],[106.0367,13.6863],[106.0368,13.6713],[106.0326,13.6566],[106.021,13.6339],[106.0195,13.6259],[106.0178,13.609],[106.0164,13.6026],[106.0138,13.597],[106.0068,13.5865],[105.9443,13.5139],[105.936,13.4962],[105.9291,13.4667],[105.9257,13.4572],[105.9077,13.4236],[105.9049,13.4064],[105.9124,13.3882],[105.9493,13.3501],[105.9564,13.3326],[105.961,13.2693],[105.9678,13.2486],[105.9814,13.2293],[106.0322,13.1832],[106.0379,13.1746],[106.0427,13.1649],[106.0459,13.1547],[106.0471,13.1445],[106.046,13.1351],[106.0381,13.1078],[106.0372,13.0855],[106.0442,13.0444],[106.0431,13.035],[106.0392,13.0256],[106.0206,12.9974],[106.0166,12.9864],[106.0151,12.9451],[106.0113,12.9318],[106.0068,12.9247],[105.9893,12.9078],[105.9834,12.8997],[105.9746,12.8804],[105.9647,12.8512],[105.9601,12.8306],[105.9589,12.8097],[105.9609,12.7889],[105.9658,12.7751],[105.9741,12.7636],[105.9937,12.7425],[106.0026,12.7285],[106.0073,12.7136],[106.0168,12.5982],[106.0149,12.5828],[106,12.5374],[105.9981,12.5233],[106,12.5095],[106.0069,12.4953],[106.0251,12.4686],[106.0325,12.4546],[106.0375,12.4387],[106.0497,12.3455],[106.0481,12.3311],[106.044,12.3166],[106.0371,12.3012],[106.0276,12.2866],[106.0156,12.2742],[106.0011,12.2657],[105.9833,12.2617],[105.9278,12.2652],[105.8272,12.2542],[105.8088,12.2549],[105.6041,12.3003],[105.5878,12.2999],[105.572,12.2941],[105.5584,12.2827],[105.5484,12.2679],[105.5414,12.2512],[105.5372,12.234],[105.5349,12.2075],[105.5364,12.1943],[105.5401,12.1816],[105.5527,12.1627],[105.5571,12.1526],[105.5567,12.1417],[105.553,12.1354],[105.5419,12.125],[105.5376,12.119],[105.5315,12.0974],[105.5292,12.0758],[105.5237,12.0557],[105.5084,12.0388],[105.4889,12.0268],[105.4805,12.0195],[105.4745,12.0095],[105.4721,11.9984],[105.4702,11.9637],[105.4674,11.9534],[105.4633,11.9438],[105.4575,11.9351],[105.4503,11.9272],[105.4309,11.9146],[105.4105,11.9108],[105.3897,11.9147],[105.3466,11.9349],[105.3255,11.9367],[105.2794,11.9287],[105.2548,11.9291],[105.208,11.9415],[105.1835,11.9403],[105.1738,11.9371],[105.1642,11.9326],[105.1555,11.9267],[105.1485,11.9193],[105.144,11.9101],[105.1413,11.9]]}},{"type":"Feature","properties":{"scalerank":2,"name":"Dihang"},"geometry":{"type":"LineString","coordinates":[[94.356,29.3095],[94.4165,29.3538],[94.4248,29.3623],[94.4454,29.3927],[94.4629,29.4119],[94.4826,29.4285],[94.5025,29.4387],[94.5407,29.4483],[94.5524,29.4545],[94.5734,29.4763],[94.5823,29.4818],[94.5963,29.486],[94.6279,29.4895],[94.6546,29.489],[94.6637,29.4864],[94.672,29.4817],[94.6808,29.4748],[94.7066,29.4641],[94.7306,29.4696],[94.7544,29.4803],[94.78,29.4851],[94.7949,29.4846],[94.8069,29.4862],[94.8173,29.4918],[94.8359,29.5113],[94.8434,29.5173],[94.8617,29.5283],[94.8753,29.5406],[94.9241,29.6096],[94.9263,29.6219],[94.9132,29.6273],[94.8859,29.6331],[94.8901,29.6463],[94.9166,29.6688],[94.9114,29.6842],[94.8987,29.6901],[94.8917,29.6972],[94.9036,29.716],[94.9548,29.7569],[94.9687,29.7581],[94.9962,29.7636],[95.0663,29.7656],[95.085,29.7637],[95.1059,29.7587],[95.1162,29.7586],[95.1245,29.7642],[95.1272,29.7735],[95.1241,29.7823],[95.1177,29.7896],[95.0997,29.8011],[95.0938,29.8065],[95.0925,29.8137],[95.1076,29.8581],[95.113,29.8679],[95.1288,29.8802],[95.151,29.889],[95.1749,29.8936],[95.1951,29.8929],[95.2066,29.8741],[95.2241,29.8665],[95.245,29.866],[95.2758,29.8685],[95.2864,29.8669],[95.2965,29.8631],[95.304,29.8568],[95.3069,29.8503],[95.3075,29.8435],[95.3059,29.8369],[95.3023,29.8309],[95.2983,29.8281],[95.287,29.8218],[95.2842,29.8185],[95.2883,29.8112],[95.2994,29.8051],[95.3692,29.7845],[95.384,29.7711],[95.3862,29.7444],[95.38,29.7237],[95.3799,29.7171],[95.3823,29.7112],[95.3907,29.7012],[95.3942,29.6957],[95.3965,29.6878],[95.3964,29.6803],[95.3928,29.6573],[95.3939,29.6351],[95.3887,29.6072],[95.3882,29.5949],[95.3932,29.5798],[95.4022,29.5628],[95.4062,29.5577],[95.4221,29.5436],[95.426,29.5372],[95.428,29.5294],[95.4287,29.5056],[95.4309,29.4986],[95.4373,29.4856],[95.4391,29.4788],[95.4373,29.4638],[95.4287,29.451],[95.316,29.3373],[95.3125,29.3302],[95.2546,29.2884],[95.2422,29.2846],[95.2149,29.2825],[95.2018,29.2788],[95.1547,29.2523],[95.1123,29.2186],[95.1013,29.2119],[95.0647,29.1963],[95.054,29.1883],[95.0478,29.18],[95.0444,29.1765],[95.0392,29.1739],[95.0323,29.173],[95.0176,29.1744],[95.0105,29.1739],[95.0009,29.1682],[95.0003,29.1597],[95.0029,29.1495],[95.0029,29.1389],[94.9976,29.1304],[94.9698,29.1107],[94.9347,29.0721],[94.9166,29.0589],[94.9087,29.0511],[94.9048,29.0412],[94.9053,29.0362],[94.9067,29.0316],[94.9072,29.0267],[94.9048,29.0209],[94.9006,29.0168],[94.8696,28.9976],[94.8632,28.992],[94.8572,28.9846],[94.8433,28.9613],[94.8376,28.9556],[94.8311,28.9505],[94.8169,28.9426],[94.8057,28.9398],[94.7962,28.9385],[94.7885,28.9346],[94.7832,28.924],[94.7797,28.9],[94.7788,28.8754],[94.7734,28.8544],[94.7747,28.8456],[94.7847,28.8418],[94.7855,28.8325],[94.7881,28.8269],[94.7935,28.8241],[94.9,28.8246],[94.9155,28.821],[94.9241,28.8116],[94.9243,28.8064],[94.9221,28.8037],[94.9187,28.8017],[94.9156,28.7988],[94.9136,28.7956],[94.9125,28.793],[94.912,28.7899],[94.9141,28.774],[94.9169,28.763],[94.9213,28.7525],[94.9269,28.743],[94.9378,28.7333],[94.9653,28.721],[94.9756,28.7122],[94.978,28.7054],[94.9767,28.69],[94.9773,28.6827],[94.9825,28.6754],[94.9902,28.6754],[94.9968,28.6788],[94.9991,28.682],[95.0215,28.6314],[95.032,28.616],[95.079,28.5672],[95.098,28.5394],[95.1035,28.5074],[95.0992,28.4885],[95.0937,28.4722],[95.0904,28.4558],[95.0962,28.418],[95.0925,28.4058],[95.0134,28.3268],[94.9998,28.3094],[94.9929,28.2864],[94.9887,28.2594],[94.9895,28.2506],[94.9929,28.2431],[94.9981,28.2372],[95.0103,28.2264],[95.0191,28.2145],[95.0249,28.2017],[95.032,28.1737],[95.0372,28.1717],[95.0518,28.1612],[95.066,28.1559],[95.0989,28.1494],[95.1299,28.1481],[95.1453,28.1503],[95.1601,28.1553],[95.1734,28.1636],[95.1825,28.1708],[95.1908,28.1757],[95.2001,28.1783],[95.2122,28.1785],[95.227,28.1766],[95.2415,28.1732],[95.2551,28.168],[95.2682,28.161],[95.276,28.1553],[95.2813,28.1494],[95.2849,28.1422],[95.2895,28.1232],[95.2935,28.1145],[95.3058,28.0977],[95.3162,28.0887],[95.329,28.0817],[95.3555,28.0712],[95.3767,28.0657],[95.384,28.0626],[95.3931,28.0544],[95.3975,28.0449],[95.3982,28.0321],[95.3965,28.003]]}},{"type":"Feature","properties":{"scalerank":2,"name":"Brahmaputra"},"geometry":{"type":"LineString","coordinates":[[95.3965,28.003],[95.4015,27.972],[95.419,27.9417],[95.4413,27.9156],[95.4615,27.8968],[95.4717,27.8714],[95.4595,27.8439],[95.4373,27.8248],[95.417,27.8248],[95.4033,27.8094],[95.3832,27.7938],[95.3603,27.7818],[95.3384,27.777],[95.3303,27.7724],[95.2935,27.7428],[95.2544,27.7303],[95.2177,27.7253],[95.1494,27.7012],[95.1082,27.6966],[95.0982,27.6914],[95.0908,27.6793],[95.0855,27.6534],[95.0811,27.6404],[95.0934,27.6509],[95.1041,27.6668],[95.117,27.6812],[95.1358,27.6876],[95.1441,27.6805],[95.1484,27.6638],[95.1471,27.6444],[95.1394,27.6296],[95.1025,27.6099],[95.0249,27.6068],[94.9924,27.5994],[94.9548,27.5747],[94.9439,27.5694],[94.9331,27.5696],[94.9234,27.5716],[94.9166,27.5716],[94.9063,27.5619],[94.8809,27.5286],[94.8757,27.52],[94.8682,27.503],[94.8507,27.501],[94.8314,27.5035],[94.8176,27.4995],[94.7618,27.4583],[94.7522,27.4486],[94.7695,27.435],[94.7578,27.4193],[94.7214,27.3968],[94.7031,27.3824],[94.6668,27.3638],[94.6498,27.3518],[94.6548,27.3491],[94.6648,27.3415],[94.6701,27.3387],[94.667,27.3348],[94.6655,27.3314],[94.6645,27.328],[94.6629,27.3245],[94.6465,27.3282],[94.6318,27.3161],[94.6206,27.2962],[94.615,27.2767],[94.6228,27.2875],[94.6345,27.2992],[94.6484,27.3084],[94.6629,27.3115],[94.6814,27.3057],[94.6843,27.2949],[94.6767,27.282],[94.6629,27.2699],[94.6584,27.2696],[94.6543,27.2724],[94.6484,27.2731],[94.6318,27.2606],[94.6196,27.2536],[94.615,27.2494],[94.6085,27.2373],[94.6013,27.1942],[94.5929,27.1998],[94.5879,27.2076],[94.5864,27.2174],[94.5876,27.2289],[94.5711,27.2181],[94.5654,27.197],[94.5665,27.1501],[94.5657,27.1398],[94.5603,27.1156],[94.5548,27.1014],[94.542,27.0999],[94.5189,27.106],[94.5009,27.0969],[94.4714,27.0695],[94.4546,27.0638],[94.4484,27.0594],[94.4454,27.049],[94.4443,27.0269],[94.4407,27.0167],[94.4322,27.0078],[94.417,26.9962],[94.4063,26.9851],[94.3998,26.9805],[94.3892,26.9757],[94.3594,26.9699],[94.3515,26.9652],[94.3253,26.9388],[94.3081,26.9276],[94.2866,26.9204],[94.2646,26.919],[94.2075,26.9273],[94.1969,26.9242],[94.1843,26.9166],[94.1738,26.9066],[94.1694,26.8966],[94.1646,26.8967],[94.1553,26.8832],[94.1477,26.8687],[94.1489,26.8658],[94.1436,26.8624],[94.1216,26.8522],[94.1212,26.8554],[94.1216,26.8658],[94.1148,26.8583],[94.1133,26.8695],[94.1194,26.8832],[94.1352,26.9068],[94.1135,26.9124],[94.0934,26.9019],[94.0764,26.887],[94.0635,26.8795],[94.0444,26.8758],[94.0088,26.8585],[93.9912,26.8522],[93.9456,26.8416],[93.927,26.8317],[93.9065,26.814],[93.8775,26.7787],[93.8634,26.7659],[93.8411,26.7559],[93.7638,26.7395],[93.7516,26.732],[93.6567,26.715],[93.6359,26.7181],[93.6167,26.7248],[93.5991,26.7342],[93.5836,26.746],[93.568,26.752],[93.5053,26.7559],[93.4626,26.767],[93.44,26.7681],[93.4157,26.7622],[93.4108,26.7596],[93.4067,26.756],[93.3775,26.7235],[93.3683,26.7185],[93.3576,26.7185],[93.3462,26.723],[93.3258,26.7349],[93.3132,26.7398],[93.3002,26.7418],[93.2871,26.7409],[93.2743,26.7371],[93.2481,26.7244],[93.1831,26.674],[93.1416,26.6546],[93.1192,26.6475],[93.1043,26.6498],[93.0867,26.6562],[93.0625,26.6546],[93.0186,26.6461],[92.8984,26.6535],[92.8842,26.651],[92.8806,26.6445],[92.88,26.6354],[92.8745,26.6256],[92.8538,26.612],[92.8338,26.6083],[92.7326,26.6136],[92.7107,26.6114],[92.6763,26.6002],[92.6572,26.5908],[92.6487,26.5812],[92.6445,26.5692],[92.6231,26.5332],[92.6145,26.5232],[92.5947,26.5175],[92.5081,26.5157],[92.4789,26.5195],[92.4297,26.5347],[92.4015,26.5362],[92.3912,26.5332],[92.3533,26.5157],[92.3251,26.5082],[92.3139,26.5027],[92.302,26.4921],[92.2927,26.4876],[92.2551,26.4748],[92.2495,26.4739],[92.2446,26.4715],[92.2407,26.468],[92.2371,26.4636],[92.2344,26.4583],[92.2324,26.4527],[92.231,26.4469],[92.2302,26.4412],[92.2246,26.4412],[92.2026,26.4546],[92.1728,26.4429],[92.1244,26.4034],[92.1104,26.3948],[92.0758,26.3802],[92.0658,26.3724],[92.0634,26.3588],[92.0693,26.3261],[92.0658,26.3096],[92.0569,26.3033],[92.0407,26.2971],[92.0225,26.2923],[92.0078,26.2904],[91.9971,26.2871],[91.9708,26.2721],[91.9529,26.2687],[91.9335,26.2696],[91.9247,26.268],[91.9157,26.2629],[91.9119,26.259],[91.9026,26.2462],[91.8976,26.242],[91.8912,26.2388],[91.8844,26.2366],[91.878,26.2354],[91.8699,26.2359],[91.8541,26.2397],[91.8461,26.2393],[91.6924,26.1719],[91.6653,26.1664],[91.6194,26.1713],[91.6069,26.1706],[91.5951,26.1671],[91.5421,26.1448],[91.5291,26.1411],[91.4981,26.1398],[91.3909,26.1704],[91.3756,26.1721],[91.3604,26.1716],[91.3298,26.164],[91.3164,26.1622],[91.3028,26.1627],[91.2882,26.1656],[91.2751,26.1705],[91.2504,26.1832],[91.1983,26.2028],[91.1355,26.2136],[91.1197,26.2119],[91.0621,26.1868],[91.0296,26.18],[90.9638,26.1741],[90.9329,26.1625],[90.9028,26.1426],[90.8875,26.135],[90.8692,26.1309],[90.8496,26.1304],[90.8397,26.1317],[90.8311,26.1347],[90.8251,26.139],[90.814,26.1492],[90.8074,26.1535],[90.7942,26.158],[90.7525,26.1602],[90.7395,26.1628],[90.7283,26.1675],[90.7064,26.1801],[90.6821,26.19],[90.583,26.2051],[90.5068,26.2287],[90.49,26.2289],[90.4739,26.2246],[90.46,26.2149],[90.4343,26.1782],[90.4215,26.1684],[90.4029,26.1614],[90.3645,26.1546],[90.3461,26.1483],[90.3084,26.1251],[90.294,26.1197],[90.2424,26.1128],[90.2263,26.1065],[90.1963,26.0845],[90.1768,26.0772],[90.1358,26.0677],[90.0454,26.034],[89.9752,26.019],[89.9542,26.0107],[89.9366,25.9943],[89.9041,25.942],[89.8897,25.9265],[89.8594,25.9022],[89.8464,25.8887],[89.8364,25.8714],[89.813,25.8157],[89.7449,25.7095],[89.7368,25.6918],[89.7226,25.6309],[89.7046,25.593],[89.6978,25.5729],[89.697,25.5507],[89.707,25.5062],[89.7076,25.4833],[89.6984,25.4388],[89.6992,25.4173],[89.6973,25.3993],[89.6914,25.382],[89.6754,25.3489],[89.6709,25.3243],[89.6783,25.3052],[89.6909,25.2872],[89.7008,25.2657],[89.7026,25.2418],[89.6967,25.2199],[89.6851,25.2001],[89.6625,25.1734],[89.658,25.1638],[89.65,25.1307],[89.6262,25.0748],[89.6127,24.9598],[89.6127,24.9484],[89.6143,24.9371],[89.6181,24.9262],[89.6243,24.9158],[89.6475,24.8898],[89.6581,24.8699],[89.6653,24.8483],[89.6707,24.8029],[89.6736,24.7915],[89.6793,24.7807],[89.7046,24.7506],[89.7158,24.7264],[89.7315,24.6517],[89.7599,24.587],[89.768,24.5496],[89.769,24.5309],[89.7673,24.5112],[89.7593,24.4798],[89.7583,24.4426],[89.749,24.3706],[89.749,24.3608],[89.7553,24.3225],[89.7546,24.2833],[89.7515,24.2683],[89.749,24.2608],[89.7348,24.2327],[89.7332,24.2237],[89.7349,24.2165],[89.7412,24.2012],[89.7432,24.1932],[89.7433,24.1838],[89.7397,24.1567],[89.7403,24.1313],[89.7397,24.123],[89.7348,24.106],[89.7017,24.0355],[89.6968,24.0161],[89.6958,23.997],[89.7003,23.9581],[89.7261,23.8845],[89.7444,23.8587],[89.7857,23.7967],[89.8037,23.7798],[89.8433,23.756],[89.8551,23.7466],[89.9086,23.6741],[89.9201,23.6652],[89.934,23.6598],[89.969,23.6522],[89.985,23.6444],[90.1426,23.5445],[90.1703,23.5205],[90.1934,23.5069],[90.2129,23.4955],[90.2254,23.483],[90.2353,23.4744],[90.2501,23.462]]}},{"type":"Feature","properties":{"scalerank":2,"name":"Brahmaputra"},"geometry":{"type":"LineString","coordinates":[[89.7555,24.2744],[89.7564,24.2729],[89.7582,24.2715],[89.7639,24.268],[89.7657,24.2643],[89.7926,24.2376],[89.8037,24.2296],[89.8067,24.2266],[89.8076,24.2212],[89.8081,24.1993],[89.8261,24.1951],[89.8298,24.186],[89.8279,24.1768],[89.8289,24.1726],[89.8323,24.1661],[89.8283,24.1518],[89.8264,24.1376],[89.8357,24.131],[89.8838,24.131],[89.9072,24.0895],[89.9133,24.0875],[89.9228,24.0868],[89.9312,24.0851],[89.9351,24.0799],[89.9365,24.0718],[89.94,24.0657],[89.9614,24.0396],[89.9703,24.0349],[89.9963,24.0355],[90.0263,24.0307],[90.0385,24.0309],[90.051,24.0355],[90.0449,24.0218],[90.0664,24.0151],[90.0835,24.013],[90.0947,24.006],[90.1033,23.9677],[90.1147,23.9559],[90.1467,23.9393],[90.1489,23.9367],[90.1513,23.9326],[90.1547,23.9284],[90.1602,23.9256],[90.1661,23.9259],[90.169,23.9326],[90.1746,23.9331],[90.1946,23.926],[90.205,23.9208],[90.2122,23.9156],[90.227,23.898],[90.2383,23.8804],[90.246,23.8605],[90.2504,23.8362],[90.2409,23.7974],[90.223,23.7572],[90.2202,23.7294],[90.2566,23.7276],[90.2765,23.7374],[90.2907,23.7497],[90.3027,23.7567],[90.3151,23.7506],[90.3472,23.7158],[90.3596,23.7065],[90.378,23.6978],[90.4053,23.6938],[90.4216,23.6861],[90.4669,23.6439],[90.4763,23.6314],[90.457,23.6255],[90.458,23.6085],[90.4763,23.583]]}},{"type":"Feature","properties":{"scalerank":3,"name":"Ganges"},"geometry":{"type":"LineString","coordinates":[[79.8408,30.8885],[79.8203,30.8568],[79.8137,30.8402],[79.8135,30.8196],[79.8185,30.8029],[79.8349,30.7689],[79.8408,30.7507],[79.8403,30.7447],[79.8379,30.74],[79.8369,30.734],[79.8408,30.724],[79.8492,30.7146],[79.8689,30.7008],[79.8749,30.6892],[79.8565,30.6849],[79.8471,30.6756],[79.8339,30.6483],[79.8248,30.6372],[79.8074,30.6267],[79.7964,30.6175],[79.7793,30.5955],[79.7538,30.5466],[79.7383,30.5241],[79.7153,30.5082],[79.685,30.5001],[79.6547,30.5017],[79.6316,30.5145],[79.5933,30.5506],[79.5688,30.5668],[79.5459,30.5732],[79.5226,30.564],[79.436,30.4824],[79.4094,30.4391],[79.3889,30.4224],[79.3408,30.4099],[79.3213,30.3981],[79.3131,30.3721],[79.3131,30.3712],[79.3067,30.346],[79.2907,30.3232],[79.2689,30.3045],[79.2188,30.2803],[79.2051,30.2772],[79.1895,30.2777],[79.178,30.2822],[79.1707,30.2889],[79.1657,30.2954],[79.1624,30.2989],[79.137,30.3043],[79.0203,30.3077],[79.0007,30.306],[78.9038,30.2678],[78.8783,30.2647],[78.8587,30.2591],[78.8032,30.2359],[78.7891,30.2333],[78.7797,30.2381],[78.7708,30.2364],[78.7625,30.2322],[78.7548,30.2299],[78.742,30.2325],[78.7099,30.2428],[78.6962,30.2442],[78.6871,30.24],[78.6426,30.2045],[78.5942,30.1452],[78.5826,30.1221],[78.5789,30.0976],[78.5864,30.0729],[78.5372,30.0773],[78.5286,30.0764],[78.5173,30.0732],[78.4634,30.0729],[78.4531,30.0757],[78.4419,30.0815],[78.433,30.0906],[78.4221,30.1221],[78.405,30.1324],[78.3845,30.1339],[78.3672,30.1269],[78.3579,30.1335],[78.3455,30.1391],[78.3321,30.142],[78.3201,30.1406],[78.2858,30.0965],[78.28,30.0716],[78.2657,30.0541],[78.2307,30.0245],[78.1641,29.9499],[78.1549,29.9255],[78.1563,29.9],[78.1607,29.8772],[78.1904,29.7927],[78.1978,29.7482],[78.1891,29.7067],[78.1549,29.6751],[78.1072,29.6546],[78.0947,29.6465],[78.09,29.6424],[78.0845,29.6411],[78.0693,29.6409],[78.0421,29.6349],[78.0189,29.6192],[78.001,29.597],[77.9905,29.572],[77.9918,29.5311],[78.0112,29.4977],[78.0357,29.4672],[78.0524,29.4348],[78.0537,29.4199],[78.0503,29.3893],[78.0524,29.374],[78.0621,29.3638],[78.0752,29.3557],[78.082,29.3447],[78.0724,29.3256],[78.1035,29.2785],[78.1172,29.2514],[78.1177,29.2331],[78.1135,29.2227],[78.115,29.2119],[78.1187,29.2015],[78.1209,29.1922],[78.1152,29.1798],[78.0885,29.1531],[78.0798,29.1407],[78.0761,29.0581],[78.0795,29.0469],[78.072,28.9913],[78.0724,28.9693],[78.0949,28.936],[78.106,28.9136],[78.1038,28.8973],[78.0962,28.887],[78.0958,28.8776],[78.0986,28.8679],[78.1004,28.8563],[78.0991,28.8514],[78.094,28.842],[78.0928,28.8359],[78.0959,28.8285],[78.103,28.8242],[78.1104,28.8213],[78.1147,28.8185],[78.1187,28.8143],[78.1231,28.8134],[78.1267,28.8116],[78.1283,28.8048],[78.127,28.7999],[78.1216,28.788],[78.1209,28.7844],[78.1238,28.7781],[78.1314,28.77],[78.1345,28.7639],[78.1402,28.7479],[78.1465,28.7383],[78.1657,28.7192],[78.1827,28.6929],[78.1836,28.6718],[78.178,28.6498],[78.176,28.6205],[78.1953,28.5703],[78.2647,28.4888],[78.2791,28.4417],[78.2724,28.4348],[78.2675,28.4282],[78.2647,28.4213],[78.2671,28.42],[78.272,28.415],[78.2769,28.408],[78.2791,28.4007],[78.2754,28.3904],[78.2683,28.381],[78.2639,28.372],[78.2686,28.3629],[78.2755,28.355],[78.2809,28.3448],[78.2846,28.3334],[78.2858,28.3223],[78.2901,28.307],[78.3008,28.2962],[78.3268,28.2772],[78.3452,28.2518],[78.3535,28.2431],[78.3738,28.2298],[78.3827,28.222],[78.4063,28.1861],[78.4414,28.1507],[78.4561,28.1264],[78.4634,28.1059],[78.4771,28.0929],[78.544,28.0452],[78.5567,28.0397],[78.5696,28.0377],[78.5847,28.0328],[78.5953,28.0212],[78.6041,28.0075],[78.6143,27.996],[78.6256,27.9899],[78.6695,27.9756],[78.7117,27.9689],[78.7207,27.965],[78.7388,27.952],[78.7599,27.9456],[78.8061,27.9415],[78.877,27.9222],[78.8951,27.9132],[78.9395,27.8828],[78.9459,27.8726],[78.9507,27.8489],[78.9567,27.8384],[78.9812,27.827],[79.0328,27.8316],[79.0559,27.8214],[79.0763,27.8156],[79.1301,27.8275],[79.1555,27.8179],[79.1614,27.8104],[79.164,27.8028],[79.1657,27.7943],[79.1692,27.7838],[79.193,27.7357],[79.1956,27.724],[79.1956,27.711],[79.197,27.6993],[79.2036,27.6914],[79.2654,27.6671],[79.2983,27.6497],[79.332,27.6368],[79.3686,27.6341],[79.4099,27.6466],[79.4433,27.607],[79.4647,27.5865],[79.4807,27.5777],[79.4932,27.5734],[79.5157,27.5547],[79.5286,27.5504],[79.5465,27.5482],[79.5548,27.5415],[79.5579,27.5308],[79.5617,27.4869],[79.5664,27.4754],[79.5762,27.4631],[79.5986,27.4486],[79.6111,27.4378],[79.6225,27.4175],[79.6262,27.3948],[79.6284,27.3518],[79.6316,27.3409],[79.6362,27.3305],[79.6489,27.3115],[79.6843,27.2765],[79.69,27.2664],[79.6978,27.2415],[79.7167,27.225],[79.7656,27.2016],[79.819,27.1569],[79.838,27.1452],[79.8508,27.1411],[79.8576,27.1399],[79.8648,27.1395],[79.9116,27.1484],[79.9302,27.1437],[79.9506,27.119],[79.9902,27.0496],[80.0083,27.0269],[80.0125,27.0171],[80.0108,27.0064],[80.0073,26.9957],[80.0051,26.9856],[80.0094,26.9707],[80.0199,26.9572],[80.0899,26.8969],[80.1078,26.8737],[80.115,26.8485],[80.1177,26.8039],[80.1217,26.7814],[80.1282,26.7622],[80.1416,26.7424],[80.1626,26.7226],[80.1861,26.7074],[80.2312,26.696],[80.2451,26.682],[80.2532,26.6621],[80.2621,26.6299],[80.2905,26.5701],[80.2969,26.5487],[80.3058,26.5413],[80.3179,26.5374],[80.3307,26.5362],[80.3364,26.5301],[80.3433,26.5001],[80.3477,26.4884],[80.4033,26.4416],[80.4148,26.4362],[80.4263,26.4323],[80.5099,26.381],[80.526,26.3649],[80.5327,26.3489],[80.5533,26.263],[80.5538,26.252],[80.5588,26.2382],[80.5706,26.2326],[80.5844,26.2291],[80.5949,26.2215],[80.5996,26.2105],[80.5991,26.2022],[80.5964,26.1941],[80.5949,26.1837],[80.5977,26.1746],[80.6046,26.1691],[80.6222,26.1601],[80.6731,26.1148],[80.6904,26.1048],[80.7007,26.1038],[80.7188,26.1099],[80.7283,26.1116],[80.7429,26.1102],[80.75,26.106],[80.7556,26.0996],[80.7656,26.0912],[80.7886,26.0806],[80.7969,26.0734],[80.8003,26.0604],[80.7979,26.0491],[80.7951,26.0404],[80.7984,26.034],[80.814,26.0297],[80.8324,26.0479],[80.8534,26.0582],[80.8779,26.0628],[80.9063,26.0639],[80.9258,26.0666],[80.9619,26.077],[80.9853,26.0769],[81.0108,26.0714],[81.0328,26.061],[81.0484,26.0441],[81.0542,26.0189],[81.0652,26.0003],[81.0904,25.9841],[81.1179,25.9723],[81.1355,25.9671],[81.1632,25.963],[81.1873,25.9553],[81.2041,25.9393],[81.2139,25.8828],[81.2245,25.8685],[81.2437,25.8604],[81.2944,25.8452],[81.302,25.8408],[81.3587,25.7862],[81.3668,25.7808],[81.384,25.7772],[81.3928,25.7722],[81.4028,25.7589],[81.4005,25.7495],[81.392,25.7404],[81.3825,25.7281],[81.3767,25.7043],[81.3828,25.6821],[81.4,25.6656],[81.441,25.6549],[81.4641,25.6361],[81.4788,25.6319],[81.513,25.6312],[81.5151,25.6287],[81.5156,25.6245],[81.5261,25.6093],[81.5309,25.5997],[81.539,25.5911],[81.5538,25.5847],[81.5662,25.584],[81.5989,25.5909],[81.6301,25.5865],[81.6393,25.5742],[81.6428,25.5548],[81.6575,25.5295],[81.6637,25.5245],[81.6768,25.5198],[81.6841,25.5158],[81.7047,25.4947],[81.7169,25.4936],[81.7451,25.4958],[81.7559,25.4913],[81.7783,25.478],[81.7988,25.4807],[81.8418,25.5021],[81.8858,25.5129],[81.908,25.5117],[81.9175,25.4984],[81.9131,25.4771],[81.9046,25.4584],[81.8989,25.4383],[81.9033,25.4128],[81.919,25.3763],[81.9375,25.3445],[81.9505,25.3338],[81.9699,25.3245],[81.9913,25.3209],[82.0094,25.3271],[82.0255,25.3353],[82.043,25.3356],[82.0601,25.329],[82.0752,25.3166],[82.0823,25.3008],[82.0825,25.2877],[82.0884,25.2789],[82.1124,25.2756],[82.1292,25.282],[82.1593,25.3102],[82.1814,25.3166],[82.1917,25.3147],[82.2042,25.3096],[82.2148,25.3021],[82.2192,25.2927],[82.2175,25.2804],[82.2139,25.2723],[82.209,25.2649],[82.205,25.2552],[82.1962,25.2188],[82.1962,25.2028],[82.2018,25.19],[82.2164,25.1837],[82.2365,25.1857],[82.2732,25.1937],[82.2644,25.2036],[82.239,25.2132],[82.2254,25.2203],[82.2437,25.2399],[82.2539,25.2577],[82.2661,25.2706],[82.2906,25.2756],[82.3124,25.2631],[82.3276,25.2151],[82.3489,25.2142],[82.3604,25.2249],[82.3723,25.2532],[82.3831,25.262],[82.3972,25.2608],[82.4141,25.2526],[82.4302,25.2415],[82.4414,25.2312],[82.477,25.1861],[82.4968,25.1699],[82.5272,25.1595],[82.551,25.1578],[82.5782,25.1612],[82.5928,25.1732],[82.5676,25.2178],[82.5859,25.225],[82.6152,25.2242],[82.637,25.2203],[82.6848,25.1937],[82.7301,25.156],[82.7786,25.1249],[82.8355,25.1186],[82.871,25.1372],[82.9204,25.1946],[82.9619,25.2067],[82.9959,25.2049],[83.0083,25.2107],[83.0199,25.2278],[83.0251,25.2462],[83.0234,25.2624],[83.0165,25.2767],[83.0063,25.2893],[83.0415,25.3231],[83.1349,25.3264],[83.1714,25.3513],[83.1798,25.3789],[83.1778,25.4103],[83.1631,25.4361],[83.1338,25.4469],[83.1231,25.4522],[83.1305,25.4641],[83.1539,25.4844],[83.1616,25.4949],[83.1743,25.5195],[83.1856,25.5295],[83.2126,25.5352],[83.2335,25.5247],[83.2533,25.5098],[83.2909,25.4979],[83.3117,25.4791],[83.3259,25.4749],[83.3421,25.4779],[83.3683,25.4913],[83.3831,25.4947],[83.4094,25.487],[83.4367,25.4672],[83.4829,25.423],[83.5073,25.4069],[83.53,25.4019],[83.5439,25.4116],[83.5413,25.4395],[83.5032,25.489],[83.4909,25.5171],[83.5103,25.5295],[83.5364,25.5346],[83.5588,25.5478],[83.5996,25.5841],[83.6171,25.5977],[83.634,25.604],[83.6642,25.6114],[83.693,25.6147],[83.7057,25.6083],[83.7112,25.6013],[83.7232,25.5948],[83.735,25.5865],[83.7405,25.5738],[83.7451,25.551],[83.7494,25.5378],[83.7535,25.5295],[83.772,25.5173],[83.7935,25.5159],[83.8397,25.522],[83.8809,25.522],[83.8977,25.524],[83.9043,25.5296],[83.9084,25.5382],[83.918,25.5493],[83.9819,25.5894],[84.0034,25.6083],[84.0581,25.6738],[84.1435,25.7363],[84.1798,25.746],[84.2129,25.7281],[84.2174,25.7136],[84.2205,25.6951],[84.23,25.6811],[84.2538,25.6797],[84.2725,25.6929],[84.3081,25.7386],[84.3262,25.7486],[84.3398,25.7527],[84.356,25.7606],[84.3727,25.7652],[84.3876,25.7595],[84.419,25.7308],[84.438,25.7188],[84.464,25.712],[84.4797,25.7035],[84.4865,25.7008],[84.4988,25.6991],[84.5603,25.702],[84.5772,25.7],[84.5958,25.6933],[84.6173,25.7023],[84.6682,25.7059],[84.689,25.7172],[84.7094,25.7376],[84.7285,25.7497],[84.7493,25.7534],[84.7751,25.7486],[84.8531,25.7124],[84.8814,25.7076],[84.9048,25.7115],[84.9492,25.7295],[84.9739,25.7349],[84.9963,25.7349],[85.0588,25.7281],[85.0859,25.7211],[85.1021,25.7037],[85.124,25.6592],[85.1428,25.6419],[85.1626,25.6383],[85.1827,25.6376],[85.2099,25.6262],[85.2337,25.6196],[85.2371,25.6182],[85.2447,25.6136],[85.252,25.6031],[85.2612,25.5847],[85.2725,25.5674],[85.2844,25.5543],[85.2993,25.546],[85.3196,25.5431],[85.3333,25.5377],[85.3694,25.5138],[85.3881,25.5084],[85.4214,25.517],[85.4561,25.5378],[85.5151,25.5847],[85.5597,25.5235],[85.5766,25.5084],[85.6213,25.482],[85.6343,25.4711],[85.6519,25.4634],[85.6709,25.4693],[85.7217,25.5042],[85.7376,25.5107],[85.756,25.5146],[85.7788,25.5158],[85.8307,25.505],[85.8721,25.4782],[85.9464,25.4128],[85.997,25.3803],[86.0191,25.3592],[86.0283,25.3339],[86.0392,25.3304],[86.0894,25.332],[86.1041,25.3302],[86.1159,25.3315],[86.1622,25.3262],[86.176,25.3203],[86.1858,25.3193],[86.2226,25.3294],[86.2412,25.3302],[86.2579,25.3254],[86.2744,25.3176],[86.2903,25.3067],[86.3062,25.2927],[86.3181,25.2925],[86.3779,25.3104],[86.415,25.3309],[86.4461,25.3619],[86.4702,25.3978],[86.4877,25.4332],[86.5068,25.4627],[86.5344,25.4829],[86.5644,25.4852],[86.5908,25.4612],[86.5789,25.4188],[86.5796,25.3751],[86.5911,25.335],[86.6113,25.3035],[86.6497,25.2731],[86.6939,25.2564],[86.7397,25.2564],[86.7825,25.2756],[86.8347,25.326],[86.8585,25.3406],[86.8679,25.3479],[86.8899,25.35],[86.9204,25.3333],[86.9742,25.2893],[86.9962,25.2784],[87.0469,25.2689],[87.0772,25.2542],[87.0878,25.2559],[87.0982,25.2598],[87.1084,25.262],[87.1238,25.2573],[87.1471,25.2352],[87.1599,25.2278],[87.1901,25.2303],[87.2177,25.2484],[87.2385,25.275],[87.2486,25.3035],[87.2822,25.3561],[87.3037,25.3771],[87.3316,25.3873],[87.3425,25.3958],[87.3511,25.3985],[87.3566,25.3978],[87.3723,25.3933],[87.3821,25.3923],[87.4014,25.3944],[87.4439,25.406],[87.4783,25.4038],[87.4907,25.3997],[87.5019,25.3923],[87.512,25.3819],[87.5181,25.3714],[87.5298,25.3445],[87.5357,25.3201],[87.5398,25.3166],[87.5497,25.3153],[87.5581,25.312],[87.5702,25.3035],[87.5815,25.29],[87.5886,25.2769],[87.5986,25.2667],[87.6596,25.2552],[87.6812,25.2455],[87.7261,25.2517],[87.7495,25.2483],[87.7598,25.2435],[87.7701,25.237],[87.7788,25.2276],[87.7837,25.2142],[87.7834,25.2003],[87.7791,25.192],[87.7732,25.1846],[87.7695,25.1732],[87.7686,25.1593],[87.7704,25.148],[87.7763,25.1248],[87.7765,25.118],[87.7751,25.1033],[87.7763,25.0969],[87.7809,25.0899],[87.7869,25.0876],[87.7926,25.0866],[87.7974,25.0838],[87.8355,25.0472],[87.8606,25.0308],[87.8855,25.0223],[87.8941,25.0208],[87.9131,25.0037],[87.9163,25.0019],[87.9353,25.0043],[87.9439,25.0006],[87.9543,24.9876],[87.9612,24.9662],[87.9581,24.9442],[87.949,24.9241],[87.937,24.9088],[87.9148,24.889],[87.9087,24.8784],[87.9067,24.8609],[87.9111,24.8444],[87.9221,24.8265],[87.9475,24.7958],[87.9449,24.7553],[87.9595,24.7172],[88.0059,24.6555],[88.0215,24.6458],[88.0405,24.6407],[88.0567,24.6343],[88.0669,24.6139],[88.0815,24.6001],[88.0847,24.5941],[88.0847,24.5419],[88.0855,24.5369],[88.0897,24.5332],[88.0984,24.5227],[88.1113,24.5021],[88.1189,24.4942],[88.1334,24.4825],[88.1514,24.4717],[88.1712,24.4637],[88.1908,24.4606],[88.2251,24.4606],[88.2363,24.4628],[88.2509,24.4722],[88.2598,24.4743],[88.2722,24.475],[88.2834,24.4771],[88.2929,24.4806],[88.2997,24.4855],[88.3079,24.4862],[88.3164,24.4685],[88.3217,24.4628],[88.3281,24.4606],[88.3795,24.4023],[88.3872,24.3888],[88.4053,24.3717],[88.4267,24.357],[88.4444,24.3508],[88.4833,24.353],[88.5061,24.358],[88.5161,24.3675],[88.6814,24.3341],[88.7143,24.3156],[88.7371,24.2873],[88.7427,24.2477],[88.7446,24.2437],[88.7471,24.2272],[88.7493,24.2235],[88.7461,24.2142],[88.7344,24.1986],[88.7312,24.19],[88.7322,24.1824],[88.7359,24.1746],[88.7515,24.1527],[88.7581,24.1474],[88.7825,24.1358],[88.797,24.126],[88.8048,24.1221],[88.8245,24.1191],[88.8428,24.1232],[88.9073,24.151],[88.9209,24.1595],[88.9307,24.1716],[88.9412,24.1719],[88.9507,24.1704],[88.9597,24.1671],[88.969,24.162],[88.9767,24.156],[88.9999,24.1278],[89.0226,24.1072],[89.0327,24.1],[89.0366,24.0953],[89.0405,24.086],[89.0425,24.0781],[89.0454,24.0706],[89.0519,24.0623],[89.0593,24.055],[89.0657,24.0471],[89.0698,24.038],[89.0698,24.0275],[89.0665,24.0148],[89.065,24.0053],[89.0681,23.9964],[89.0776,23.9859],[89.0887,23.9772]]}},{"type":"Feature","properties":{"scalerank":3,"name":"Ganges"},"geometry":{"type":"LineString","coordinates":[[87.9381,24.8057],[87.92,24.782],[87.9204,24.7266],[87.9332,24.6351],[87.9409,24.6195],[88.0281,24.5479],[88.0574,24.5159],[88.0518,24.5103],[88.0504,24.505],[88.0527,24.4996],[88.0654,24.4831],[88.0706,24.4674],[88.0711,24.4641],[88.0779,24.4562],[88.1093,24.451],[88.1189,24.447],[88.1204,24.4332],[88.1148,24.4208],[88.1128,24.4094],[88.1257,24.3985],[88.1422,24.4082],[88.1501,24.4058],[88.1528,24.3972],[88.1529,24.3883],[88.1563,24.3717],[88.1648,24.3656],[88.1769,24.3623],[88.2053,24.3465],[88.2123,24.3414],[88.215,24.3334],[88.2171,24.3243],[88.2222,24.3242],[88.2288,24.3262],[88.2356,24.3235],[88.2388,24.3227],[88.2473,24.3177],[88.2525,24.3119],[88.2459,24.3092],[88.239,24.3075],[88.2344,24.3029],[88.2312,24.2965],[88.2288,24.2887],[88.253,24.2714],[88.2603,24.2281],[88.2566,24.1413],[88.2322,24.0703],[88.2207,24.0607],[88.2097,24.0157],[88.1946,24.0013],[88.2201,23.9903],[88.2288,23.9877],[88.2288,23.9803],[88.2032,23.9811],[88.1987,23.9731],[88.2083,23.9498],[88.2095,23.9282],[88.2213,23.871],[88.2236,23.8402],[88.2275,23.8268],[88.239,23.8126],[88.2405,23.7991],[88.2378,23.7748],[88.2281,23.7565],[88.2083,23.7611],[88.2001,23.7422],[88.1736,23.717],[88.1598,23.6997],[88.1531,23.6832],[88.1469,23.6577],[88.1482,23.6343],[88.1632,23.624],[88.219,23.6065],[88.2288,23.6069],[88.223,23.6271],[88.2241,23.6353],[88.2356,23.6376],[88.2393,23.6332],[88.2566,23.6035],[88.2481,23.5898],[88.2526,23.5809],[88.2642,23.5766],[88.2765,23.5768],[88.2882,23.5821],[88.325,23.6103],[88.33,23.5921],[88.3214,23.5743],[88.3045,23.559],[88.2833,23.5489],[88.2947,23.5364],[88.313,23.5357],[88.3338,23.5382],[88.3523,23.5352],[88.365,23.5241],[88.3679,23.5118],[88.3569,23.4693],[88.3565,23.4625],[88.355,23.4568],[88.3413,23.4412],[88.3408,23.4376],[88.3449,23.4339],[88.3523,23.426],[88.3591,23.4216],[88.3683,23.4192],[88.3761,23.4141],[88.3795,23.4017],[88.379,23.3909],[88.3775,23.3836],[88.3721,23.3707],[88.3704,23.3605],[88.3704,23.3518],[88.3672,23.3456],[88.3427,23.3406],[88.3408,23.3338],[88.3437,23.325],[88.3455,23.3161],[88.3455,23.2782],[88.3477,23.2698],[88.3535,23.2667],[88.3603,23.2652],[88.3659,23.2609],[88.3823,23.2253],[88.3922,23.2158],[88.4131,23.2124],[88.4443,23.2174],[88.4574,23.2124],[88.4683,23.1926],[88.4473,23.1544],[88.4473,23.1424],[88.4609,23.1305],[88.4723,23.1263],[88.4837,23.1239],[88.4922,23.119],[88.4956,23.1072],[88.4918,23.097],[88.4736,23.0745],[88.4683,23.0629],[88.4816,23.0618],[88.492,23.0567],[88.4951,23.0493],[88.4888,23.0411],[88.475,23.0375],[88.4622,23.0395],[88.4507,23.0391],[88.4404,23.0281],[88.4484,23.0213],[88.4311,23.0035],[88.4177,22.9865],[88.4093,22.9671],[88.4069,22.9455]]}},{"type":"Feature","properties":{"scalerank":3,"name":"Ganges"},"geometry":{"type":"LineString","coordinates":[[88.4291,24.3558],[88.4216,24.3333],[88.4301,24.3236],[88.4423,24.3146],[88.4533,24.2834],[88.4662,24.2701],[88.4825,24.2645],[88.499,24.2717],[88.5181,24.2635],[88.5371,24.2299],[88.5396,24.1992],[88.5093,24.1993],[88.5126,24.1886],[88.5189,24.1845],[88.5256,24.1831],[88.5297,24.18],[88.5317,24.172],[88.5309,24.1682],[88.5294,24.1649],[88.5297,24.1584],[88.5287,24.152],[88.5249,24.148],[88.5234,24.1441],[88.5297,24.1379],[88.5383,24.1366],[88.5557,24.1458],[88.5645,24.1447],[88.5674,24.1392],[88.5686,24.1224],[88.5708,24.1174],[88.5781,24.1147],[88.5847,24.1157],[88.5912,24.1176],[88.5986,24.1174],[88.6197,24.1085],[88.6259,24.0985],[88.627,24.0862],[88.6328,24.0703],[88.6363,24.0743],[88.643,24.079],[88.6464,24.0833],[88.6485,24.0666],[88.6467,24.0364],[88.6411,24.0057],[88.6328,23.9877],[88.6536,23.9835],[88.6792,23.9837],[88.7006,23.9805],[88.7085,23.9666],[88.7465,23.9667],[88.7554,23.9648],[88.763,23.9605],[88.7699,23.9536],[88.7872,23.9617],[88.804,23.9534],[88.8218,23.94],[88.8419,23.9331],[88.853,23.9254],[88.8627,23.908],[88.8629,23.8895],[88.8457,23.8784],[88.8588,23.8721],[88.8687,23.869],[88.873,23.871],[88.8711,23.8624],[88.8661,23.8576],[88.8609,23.8544],[88.8587,23.8505],[88.8587,23.8021],[88.8696,23.7138],[88.8696,23.6997],[88.8604,23.6845],[88.8587,23.6826],[88.856,23.678],[88.85,23.6798],[88.8442,23.6838],[88.8419,23.6861],[88.8269,23.6812],[88.825,23.6694],[88.832,23.6413],[88.8258,23.6367],[88.8116,23.6307],[88.7966,23.6265],[88.7871,23.6277],[88.7741,23.6337],[88.7644,23.6271],[88.7617,23.6129],[88.7699,23.5966],[88.7504,23.5906],[88.7402,23.5855],[88.7359,23.5799],[88.74,23.5643],[88.7495,23.5559],[88.7588,23.5493],[88.7675,23.5245],[88.7861,23.5057],[88.7905,23.497],[88.7937,23.4852],[88.8023,23.4829],[88.8283,23.4868],[88.8311,23.4737],[88.8281,23.4481],[88.8347,23.43],[88.8661,23.439],[88.8744,23.4479],[88.8845,23.4615],[88.8958,23.4724],[88.9072,23.4731],[88.9091,23.4654],[88.9063,23.4361],[88.9072,23.426],[88.8999,23.4241],[88.8928,23.4195],[88.8894,23.4129],[88.8936,23.4049],[88.9,23.4033],[88.9307,23.4049],[88.9391,23.3965],[88.9382,23.3802],[88.9295,23.3695],[88.914,23.3775],[88.905,23.3623],[88.933,23.3563],[88.9705,23.3585],[88.989,23.3673],[88.9949,23.3817],[88.9946,23.3884],[88.9854,23.3912],[88.9763,23.3968],[88.9706,23.4014],[88.9679,23.4049],[88.9744,23.4174],[88.99,23.411],[89.0068,23.3965],[89.0164,23.385],[89.0168,23.3802],[89.0142,23.3765],[89.0108,23.3735],[89.0095,23.3707],[89.0121,23.3673],[89.0211,23.3605],[89.0232,23.357],[89.0221,23.3487],[89.0175,23.3402],[89.0151,23.2834],[89.0198,23.2714],[89.0208,23.2619],[89.0127,23.2517],[89.002,23.242],[88.9959,23.2342],[88.9968,23.2228],[89.003,23.2128],[89.0127,23.21],[89.0232,23.2198],[89.0272,23.2166],[89.0298,23.2149],[89.0369,23.2124],[89.0406,23.2052],[89.0496,23.1939],[89.0547,23.1835],[89.0474,23.1789],[89.0413,23.1735],[89.0512,23.1613],[89.0747,23.1414],[89.1062,23.0882],[89.1194,23.0759],[89.098,23.0474],[89.0908,23.033],[89.0852,23.0144],[89.0781,22.999],[89.0764,22.9874],[89.0816,22.9769],[89.0933,22.973],[89.1035,22.977],[89.1123,22.9783],[89.1194,22.9666],[89.0952,22.9533],[89.0914,22.9493],[89.0933,22.9343],[89.0982,22.9305],[89.1047,22.9317],[89.1121,22.9319],[89.1238,22.9343],[89.1303,22.9302],[89.1368,22.8936],[89.1334,22.8901],[89.1194,22.8978],[89.117,22.8944],[89.1167,22.8933],[89.1157,22.8926],[89.1121,22.8902],[89.1218,22.8778],[89.1259,22.8706],[89.1266,22.864],[89.1262,22.8531],[89.1285,22.8378],[89.1348,22.826],[89.1436,22.8221],[89.1536,22.8301],[89.1605,22.8226],[89.1533,22.818],[89.15,22.8116],[89.1503,22.8038],[89.1536,22.7947],[89.1638,22.8004],[89.1742,22.8084],[89.1836,22.8138],[89.1914,22.8121],[89.1933,22.8028],[89.1777,22.7799],[89.1741,22.7674],[89.1808,22.7674],[89.1895,22.7745],[89.1938,22.7683],[89.1968,22.7565],[89.2013,22.7469],[89.2256,22.7364],[89.2422,22.7322],[89.2498,22.7364],[89.2561,22.7368],[89.2703,22.7281],[89.2844,22.7169],[89.2906,22.7093],[89.2959,22.7047],[89.3061,22.7003],[89.3117,22.6928],[89.3043,22.6787],[89.2634,22.7059],[89.2686,22.6816],[89.2791,22.6678],[89.2919,22.6561],[89.3043,22.6377],[89.2957,22.6331],[89.2925,22.6254],[89.2935,22.6151],[89.2931,22.6001]]}},{"type":"Feature","properties":{"scalerank":3,"name":"Ganges"},"geometry":{"type":"LineString","coordinates":[[89.0883,23.9783],[89.0887,23.9772]]}},{"type":"Feature","properties":{"scalerank":3,"name":"Ganges"},"geometry":{"type":"LineString","coordinates":[[89.0887,23.9772],[89.1161,23.9558],[89.1375,23.9431],[89.1592,23.9335],[89.1865,23.9289],[89.2695,23.9368],[89.2965,23.935],[89.3214,23.9299],[89.3451,23.9205],[89.3779,23.9],[89.4673,23.8649],[89.49,23.8527],[89.53,23.8194],[89.5557,23.8148],[89.5732,23.8199],[89.6033,23.8378],[89.6196,23.8437],[89.6749,23.8485],[89.7089,23.8568],[89.7234,23.8557],[89.7537,23.8455],[89.7493,23.848]]}},{"type":"Feature","properties":{"scalerank":3,"name":"Ganges"},"geometry":{"type":"LineString","coordinates":[[89.0887,23.9772],[89.0962,23.956],[89.0972,23.9525],[89.0973,23.9486],[89.0982,23.9442],[89.1045,23.9343],[89.1138,23.9261],[89.1567,23.8985],[89.1774,23.8815],[89.1826,23.8731],[89.1842,23.8651],[89.1876,23.8591],[89.2105,23.8537],[89.2199,23.8465],[89.2495,23.8164],[89.2555,23.8067],[89.256,23.7717],[89.262,23.7518],[89.2765,23.7395],[89.3111,23.7202],[89.3525,23.6717],[89.3811,23.6734],[89.3977,23.6781],[89.4107,23.6792],[89.421,23.6744],[89.4805,23.593],[89.4931,23.5799],[89.4994,23.57],[89.5038,23.5574],[89.5098,23.5467],[89.52,23.5421],[89.5258,23.5374],[89.5165,23.5274],[89.5033,23.5178],[89.4968,23.5141],[89.4956,23.5067],[89.4965,23.4994],[89.499,23.4926],[89.5029,23.4868],[89.519,23.5084],[89.5481,23.5057],[89.5787,23.4901],[89.5986,23.4731],[89.6076,23.4531],[89.6265,23.3707],[89.6135,23.376],[89.6095,23.3794],[89.606,23.385],[89.5986,23.385],[89.5976,23.3531],[89.6123,23.3152],[89.6376,23.2882],[89.6675,23.2888],[89.6563,23.2733],[89.6362,23.2553],[89.6276,23.2403],[89.6809,23.227],[89.6832,23.2099],[89.6801,23.1892],[89.6948,23.1715],[89.7073,23.17],[89.7162,23.1756],[89.7246,23.1825],[89.7363,23.1851],[89.7503,23.1798],[89.756,23.1705],[89.7529,23.1617],[89.7402,23.1578],[89.7338,23.1534],[89.7184,23.1334],[89.7109,23.1191],[89.7008,23.1226],[89.6812,23.138],[89.6803,23.1267],[89.6817,23.1175],[89.6848,23.11],[89.6891,23.1038],[89.6978,23.097],[89.7148,23.0938],[89.7227,23.0895],[89.7325,23.0763],[89.7568,23.0281],[89.773,23.0103],[89.8049,22.9831],[89.8184,22.9666],[89.8225,22.9573],[89.8281,22.9391],[89.8325,22.9319],[89.8381,22.928],[89.8533,22.9218],[89.8593,22.9182],[89.8796,22.8965],[89.8872,22.8902],[89.9282,22.8704],[89.9429,22.8573],[89.9988,22.7689],[90.0068,22.7503],[90.0108,22.7264],[90.0099,22.6861],[90.0133,22.6673],[90.0244,22.6513],[90.0159,22.6278],[90.0144,22.5961],[90.0178,22.5664],[90.0244,22.5483],[90.0195,22.5384],[90.012,22.5111],[90.0102,22.4903]]}},{"type":"Feature","properties":{"scalerank":3,"name":"Ganges"},"geometry":{"type":"LineString","coordinates":[[90.0875,23.5786],[90.0835,23.5577],[90.069,23.5277],[90.068,23.5198],[90.0689,23.5118],[90.0713,23.5039],[90.079,23.4886],[90.1124,23.439],[90.0934,23.4276],[90.0821,23.3887],[90.0647,23.3912],[90.0741,23.378],[90.0953,23.3751],[90.1165,23.3692],[90.1262,23.3468],[90.1274,23.3353],[90.1323,23.3117],[90.1337,23.2984],[90.1299,23.2906],[90.1211,23.2901],[90.1115,23.2946],[90.1056,23.3018],[90.0989,23.3018],[90.0989,23.2609],[90.1056,23.2609],[90.108,23.2748],[90.1165,23.2803],[90.1282,23.2779],[90.1406,23.2676],[90.1454,23.2539],[90.1432,23.2433],[90.1454,23.2366],[90.1641,23.2342],[90.1802,23.2339],[90.1974,23.2316],[90.2126,23.2252],[90.2223,23.2124],[90.2198,23.2045],[90.2126,23.1913]]}},{"type":"Feature","properties":{"scalerank":3,"name":"Ganges"},"geometry":{"type":"LineString","coordinates":[[90.2126,23.1913],[90.2122,23.1906],[90.2018,23.1774],[90.1917,23.1715],[90.176,23.1736],[90.1716,23.1792],[90.1746,23.196],[90.1774,23.199],[90.1843,23.2],[90.1984,23.1994],[90.2085,23.1974],[90.2122,23.1928],[90.2126,23.1913]]}},{"type":"Feature","properties":{"scalerank":3,"name":"Ganges"},"geometry":{"type":"LineString","coordinates":[[90.2126,23.1913],[90.2134,23.188],[90.2154,23.1851],[90.2356,23.1826],[90.2459,23.1801],[90.2504,23.1752],[90.2548,23.1497],[90.2532,23.1392],[90.2429,23.1305],[90.2429,23.1243],[90.2666,23.1224],[90.2942,23.1167],[90.3186,23.106],[90.3321,23.0895],[90.3253,23.0895],[90.3314,23.0753],[90.3247,23.0692],[90.3123,23.0657],[90.3012,23.0591],[90.2921,23.0428],[90.3019,23.0413],[90.3173,23.0435],[90.3253,23.038],[90.3262,23.0207],[90.3253,23.0213],[90.3237,23.0158],[90.3194,23.0106],[90.3173,23.0046],[90.322,22.997],[90.3347,22.9886],[90.3469,22.9825],[90.356,22.9753],[90.3596,22.9629],[90.3645,22.955],[90.375,22.9456],[90.3848,22.9338],[90.3875,22.9182],[90.3847,22.9148],[90.3731,22.9063],[90.3701,22.9046],[90.3665,22.9012],[90.3653,22.8457],[90.3696,22.8168],[90.3793,22.7927],[90.3942,22.7748]]}},{"type":"Feature","properties":{"scalerank":3,"name":"Ganges"},"geometry":{"type":"LineString","coordinates":[[88.4069,22.9455],[88.4444,22.9455],[88.456,22.9434],[88.4756,22.934],[88.4854,22.9319],[88.4955,22.9343],[88.5039,22.9401],[88.5283,22.9685],[88.5366,22.9803],[88.5464,22.9841],[88.5559,22.9853],[88.5651,22.9832],[88.5745,22.9769],[88.5859,22.9712],[88.5986,22.9704],[88.6094,22.9711],[88.6157,22.97],[88.6202,22.9611],[88.6206,22.9523],[88.6228,22.9445],[88.6328,22.9387],[88.6393,22.9387],[88.6448,22.9413],[88.6497,22.9444],[88.6538,22.9455],[88.6554,22.9458],[88.6682,22.9459],[88.667,22.9455],[88.7041,22.9464],[88.7242,22.9433],[88.7393,22.9353],[88.7465,22.9208],[88.7507,22.8843],[88.7563,22.8704],[88.773,22.855],[88.7887,22.8492],[88.8283,22.8493],[88.8297,22.8452],[88.8389,22.8369],[88.8486,22.8299],[88.8525,22.8301],[88.8541,22.8184],[88.8517,22.8107],[88.8383,22.7947],[88.8496,22.7888],[88.851,22.7835],[88.848,22.7779],[88.8457,22.7711],[88.8406,22.7457],[88.8383,22.7394],[88.8305,22.7366],[88.8215,22.7392],[88.814,22.7395],[88.811,22.7298],[88.813,22.7211],[88.8184,22.7158],[88.8252,22.7115],[88.832,22.7059],[88.8682,22.6636],[88.8798,22.6575],[88.9005,22.6581],[88.9165,22.6621],[88.9296,22.6588],[88.9419,22.6377],[88.9517,22.6121],[88.9561,22.5852],[88.9498,22.5622],[88.9277,22.5483],[88.9586,22.537],[88.9706,22.5281],[88.9796,22.4911],[88.998,22.4515],[89.0022,22.4282],[89.0003,22.4203],[88.9918,22.4072],[88.989,22.3968],[88.9893,22.387],[89.001,22.3338],[89.0064,22.3216],[89.0232,22.295],[89.0087,22.2858],[89.0183,22.2648],[89.0619,22.2117],[89.0703,22.195],[89.0758,22.1752],[89.0777,22.1511],[89.0603,22.1306]]}},{"type":"Feature","properties":{"scalerank":3,"name":"Ganges"},"geometry":{"type":"LineString","coordinates":[[88.4069,22.9455],[88.4039,22.9171],[88.398,22.8968],[88.3795,22.8568],[88.3659,22.8158],[88.3482,22.7882],[88.3455,22.7783],[88.3486,22.758],[88.3628,22.7212],[88.3659,22.6985],[88.364,22.6561],[88.3569,22.6126],[88.3423,22.5763],[88.3174,22.5551],[88.2969,22.554],[88.272,22.5562],[88.2512,22.5537],[88.2424,22.538],[88.2412,22.5267],[88.2376,22.5218],[88.2301,22.5208],[88.2183,22.521],[88.2067,22.5167],[88.1998,22.5068],[88.1943,22.4954],[88.1871,22.4868],[88.1709,22.4808],[88.1505,22.4759],[88.1331,22.4687],[88.1257,22.4558],[88.1372,22.4181],[88.1397,22.3989],[88.1292,22.3907],[88.1069,22.3838],[88.1011,22.3672],[88.1052,22.3292],[88.103,22.3142],[88.0991,22.2994],[88.0967,22.2938],[88.0821,22.2719],[88.0806,22.2688],[88.0796,22.2652],[88.0779,22.2488],[88.0757,22.2413],[88.0709,22.2349]]}},{"type":"Feature","properties":{"scalerank":3,"name":"Ganges"},"geometry":{"type":"LineString","coordinates":[[88.4063,22.9455],[88.4069,22.9455]]}},{"type":"Feature","properties":{"scalerank":3,"name":"Ganges"},"geometry":{"type":"LineString","coordinates":[[89.2931,22.6001],[89.2906,22.6066],[89.2883,22.6165],[89.282,22.6274],[89.2734,22.6356],[89.2634,22.6377],[89.2573,22.6335],[89.2551,22.6261],[89.256,22.6066],[89.2593,22.5983],[89.2656,22.5894],[89.27,22.5808],[89.2668,22.5725],[89.2556,22.5613],[89.251,22.5534],[89.2499,22.5455],[89.2498,22.5346],[89.2524,22.5123],[89.2612,22.4952],[89.2906,22.4658],[89.271,22.4588],[89.2584,22.4437],[89.2551,22.4243],[89.2634,22.4043],[89.252,22.3933],[89.2529,22.3812],[89.2625,22.3685],[89.2772,22.3559],[89.2657,22.3373],[89.2753,22.3127],[89.2959,22.2911],[89.318,22.2814],[89.3071,22.2601],[89.3058,22.242],[89.3423,22.1306],[89.3515,22.1277],[89.359,22.1208],[89.364,22.1127],[89.3658,22.106],[89.3681,22.1036],[89.3836,22.0924],[89.3873,22.0867],[89.3858,22.0839],[89.3821,22.0821],[89.3801,22.079],[89.3764,22.0638],[89.3672,22.0489],[89.3453,22.0207],[89.3507,22.0123],[89.3525,22.0003],[89.3521,21.9723]]}},{"type":"Feature","properties":{"scalerank":3,"name":"Ganges"},"geometry":{"type":"LineString","coordinates":[[89.2931,22.6001],[89.2931,22.598]]}},{"type":"Feature","properties":{"scalerank":3,"name":"Ganges"},"geometry":{"type":"LineString","coordinates":[[89.4757,22.295],[89.4541,22.317],[89.4443,22.3341],[89.4415,22.3522],[89.4401,22.399],[89.4312,22.4647],[89.4207,22.4921],[89.4221,22.5035],[89.4274,22.5163],[89.4255,22.5338],[89.4084,22.5623],[89.3939,22.5756],[89.354,22.5949],[89.3453,22.6029],[89.3307,22.5935],[89.3126,22.587],[89.2973,22.5894],[89.2931,22.6001]]}},{"type":"Feature","properties":{"scalerank":3,"name":"Indus"},"geometry":{"type":"LineString","coordinates":[[72.7817,34.6225],[72.7832,34.6128],[72.8023,34.5768],[72.8015,34.5583],[72.7892,34.5232],[72.7887,34.5142],[72.8015,34.5039],[72.8263,34.4984],[72.8367,34.481],[72.8324,34.4595],[72.8295,34.4406],[72.8267,34.4149],[72.8279,34.3932],[72.8386,34.3758],[72.8453,34.3546],[72.8502,34.3212],[72.8525,34.2878],[72.8425,34.2551],[72.8367,34.221],[72.8388,34.1947],[72.8331,34.1683],[72.8137,34.1448],[72.7892,34.128],[72.7607,34.1158],[72.74,34.1051],[72.7214,34.0934],[72.707,34.0856]]}},{"type":"Feature","properties":{"scalerank":3,"name":"Indus"},"geometry":{"type":"LineString","coordinates":[[72.707,34.0855],[72.6675,34.0592],[72.6519,34.0435],[72.6458,34.0233],[72.6332,34.0138],[72.605,34.0134],[72.5095,34.0227],[72.4675,34.0205],[72.4307,34.0113],[72.3987,33.9932],[72.3667,33.9693],[72.3484,33.961],[72.255,33.9444],[72.2403,33.9379],[72.2258,33.9012],[72.2413,33.8048],[72.2341,33.766],[72.2232,33.7742],[72.2109,33.7765],[72.1983,33.7735],[72.1865,33.766],[72.1719,33.7731],[72.1526,33.7773],[72.1148,33.7796],[72.0874,33.7899],[72.0829,33.7882],[72.0629,33.766],[72.0528,33.7609],[72.0317,33.754],[72.0219,33.7462],[72.0102,33.716],[72.0049,33.7114],[71.999,33.7034],[71.9793,33.6645],[71.9741,33.65],[71.9718,33.5982],[71.9531,33.5705],[71.9531,33.5599],[71.9556,33.5471],[71.9531,33.5264],[71.9448,33.5157],[71.9018,33.4886],[71.8971,33.4816],[71.8925,33.468],[71.8882,33.4612],[71.8794,33.4519],[71.8735,33.4435],[71.8726,33.4345],[71.8779,33.4234],[71.8678,33.4208],[71.8634,33.4153],[71.8594,33.4088],[71.8506,33.4035],[71.8418,33.4022],[71.8128,33.4035],[71.7968,33.4],[71.7407,33.3756],[71.7232,33.3553],[71.7223,33.3361],[71.725,33.3187],[71.7169,33.3036],[71.7047,33.2896],[71.699,33.2725],[71.7032,33.2565],[71.7209,33.2459],[71.7129,33.2459],[71.7266,33.2311],[71.7407,33.2194],[71.7511,33.2054],[71.7544,33.1838],[71.7495,33.1634],[71.7402,33.15],[71.7296,33.1397],[71.7209,33.1292],[71.7129,33.1109],[71.7109,33.0943],[71.7129,33.0541],[71.7188,33.0372],[71.7184,33.0294],[71.6995,33.0228],[71.694,33.0151],[71.6907,33.006],[71.6855,32.9988],[71.6493,32.9786],[71.6111,32.9641],[71.5995,32.9619],[71.5728,32.9606],[71.5494,32.9542],[71.5517,32.9556],[71.5419,32.9529],[71.5338,32.9491],[71.5269,32.9434],[71.5127,32.9202],[71.5068,32.9148],[71.4981,32.9107],[71.4619,32.898],[71.448,32.8873],[71.4375,32.869],[71.4303,32.8426],[71.426,32.8345],[71.4091,32.8164],[71.405,32.8089],[71.4031,32.7901],[71.4129,32.7531],[71.4141,32.7344],[71.4117,32.7257],[71.4077,32.7188],[71.4024,32.7133],[71.3961,32.709],[71.3642,32.695],[71.3545,32.6889],[71.3406,32.6737],[71.3315,32.6561],[71.3259,32.6368],[71.3228,32.6165],[71.3234,32.5936],[71.3297,32.5743],[71.3481,32.5353],[71.3508,32.525],[71.3466,32.4323],[71.3406,32.4151],[71.3315,32.3993],[71.2939,32.3561],[71.2834,32.3399],[71.2787,32.3223],[71.2783,32.302],[71.2765,32.2926],[71.2719,32.2828],[71.252,32.2545],[71.2472,32.2435],[71.2365,32.2019],[71.2288,32.1817],[71.2156,32.1655],[71.2067,32.1597],[71.1777,32.1472],[71.1679,32.1408],[71.1321,32.1058],[71.1235,32.0941],[71.1172,32.0811],[71.1147,32.0665],[71.1144,32.0475],[71.1123,32.039],[71.1069,32.0305],[71.0702,31.9991],[71.0547,31.9822],[71.0369,31.9402],[71.023,31.9258],[71.0073,31.9129],[70.9928,31.8979],[70.9834,31.8793],[70.9739,31.8387],[70.9668,31.8189],[70.9236,31.7445],[70.9058,31.7215],[70.8993,31.7096],[70.8993,31.6951],[70.9042,31.6788],[70.9047,31.6729],[70.9033,31.6637],[70.8268,31.4894],[70.801,31.4537],[70.7954,31.4409],[70.7914,31.4263],[70.7882,31.3797],[70.7675,31.264],[70.7681,31.2498],[70.7715,31.2359],[70.7817,31.2093],[70.7844,31.1951],[70.7888,31.1383],[70.7934,31.1254],[70.8141,31.0916],[70.8186,31.0782],[70.8359,30.9776],[70.8352,30.9483],[70.829,30.9199],[70.8193,30.8839],[70.8147,30.8727],[70.7969,30.8467],[70.7656,30.8131],[70.7573,30.8017],[70.7517,30.789],[70.75,30.7744],[70.7512,30.7664],[70.7599,30.7443],[70.7621,30.7368],[70.7657,30.6951],[70.7714,30.6773],[70.7808,30.6613],[70.8145,30.6254],[70.8303,30.5994],[70.8417,30.571],[70.8481,30.542],[70.8497,30.5223],[70.8491,30.503],[70.8455,30.4841],[70.8355,30.457],[70.8298,30.4166],[70.8152,30.364],[70.811,30.3561],[70.8052,30.3497],[70.7851,30.3375],[70.7796,30.3314],[70.774,30.3159],[70.7751,30.2984],[70.7805,30.2814],[70.8019,30.2377],[70.8123,30.2257],[70.8159,30.2195],[70.8173,30.2105],[70.8164,30.2025],[70.8054,30.171],[70.8037,30.1623],[70.8019,30.1094],[70.8062,30.0935],[70.8351,30.0534],[70.8389,30.0184],[70.8342,29.9469],[70.8355,29.9387],[70.8433,29.9166],[70.8447,29.908],[70.8442,29.9],[70.83,29.8548],[70.8237,29.8414],[70.813,29.8294],[70.8054,29.825],[70.7885,29.8191],[70.7808,29.8145],[70.7751,29.8089],[70.7708,29.8024],[70.7677,29.7953],[70.7632,29.7717],[70.7605,29.765],[70.7551,29.7581],[70.7283,29.7321],[70.7012,29.6966],[70.6891,29.6861],[70.669,29.6734],[70.6631,29.6683],[70.6587,29.6612],[70.6545,29.6421]]}},{"type":"Feature","properties":{"scalerank":3,"name":"Indus"},"geometry":{"type":"LineString","coordinates":[[70.6869,29.5249],[70.6929,29.5212],[70.7003,29.506],[70.7022,29.4862],[70.7015,29.4725]]}},{"type":"Feature","properties":{"scalerank":3,"name":"Indus"},"geometry":{"type":"LineString","coordinates":[[79.4373,32.7381],[79.4224,32.7527],[79.3993,32.7928],[79.3569,32.8507],[79.3364,32.8604],[79.3274,32.8685],[79.3179,32.9083],[79.3086,32.9282],[79.2892,32.9368],[79.2843,32.9401],[79.2737,32.9546],[79.2689,32.9578],[79.2244,32.9709],[79.1819,32.9893],[79.1524,33.0154],[79.1008,33.0808],[78.9553,33.2012],[78.9358,33.2111],[78.9241,33.2128],[78.915,33.2104],[78.907,33.2067],[78.8985,33.2049],[78.7978,33.1531],[78.7866,33.15],[78.7719,33.1497],[78.7608,33.1523],[78.7344,33.1633],[78.7109,33.1654],[78.5924,33.2079],[78.5767,33.2111],[78.5706,33.2165],[78.5591,33.2404],[78.5488,33.2459],[78.5383,33.2476],[78.5112,33.2595],[78.4335,33.2824],[78.4063,33.2994],[78.3663,33.3441],[78.353,33.3547],[78.3359,33.3603],[78.3095,33.3619],[78.291,33.3655],[78.2765,33.3743],[78.2517,33.3967],[78.1958,33.4329],[78.1626,33.4619],[78.1523,33.4689],[78.1491,33.4798],[78.1584,33.5253],[78.1578,33.548],[78.1498,33.5665],[78.1314,33.5742],[78.1008,33.5778],[78.0925,33.5884],[78.0908,33.6055],[78.0798,33.6289],[78.067,33.6381],[78.0225,33.6595],[78.0078,33.6636],[77.9965,33.6739],[77.9588,33.7228],[77.9426,33.7387],[77.8842,33.7692],[77.8704,33.7735],[77.8584,33.7804],[77.7339,33.922],[77.6604,34.0293],[77.5933,34.0882],[77.5562,34.1135],[77.5342,34.1245],[77.5053,34.1312],[77.4976,34.1351],[77.4889,34.1369],[77.4666,34.1304],[77.4336,34.1285],[77.4213,34.1291],[77.3394,34.1602],[77.3338,34.1824],[77.3196,34.1962],[77.2996,34.203],[77.2774,34.2042],[77.2727,34.202],[77.2691,34.1934],[77.2637,34.1912],[77.2571,34.1918],[77.2522,34.1939],[77.2481,34.1962],[77.2335,34.2013],[77.2171,34.2099],[77.1968,34.213],[77.1841,34.2165],[77.1729,34.222],[77.168,34.229],[77.1641,34.2374],[77.1547,34.2373],[77.1435,34.2339],[77.1339,34.2321],[77.1127,34.2376],[77.0707,34.2556],[77.0434,34.262],[77.0361,34.2689],[77.0325,34.2788],[77.0315,34.2908],[76.99,34.3079],[76.9043,34.3079],[76.8877,34.3111],[76.8428,34.3303],[76.7886,34.3717],[76.7727,34.3895],[76.7703,34.4034],[76.7377,34.4243],[76.694,34.4412],[76.6845,34.4478],[76.6251,34.5188],[76.6118,34.5427],[76.6001,34.5543],[76.5844,34.5633],[76.5381,34.5748],[76.5234,34.5826],[76.4902,34.6089],[76.4495,34.6314],[76.4351,34.6368],[76.3875,34.6441],[76.373,34.6498],[76.373,34.6436],[76.3342,34.658],[76.3168,34.6678],[76.3009,34.6809],[76.2427,34.746],[76.2344,34.7523],[76.2209,34.7603],[76.2153,34.7665],[76.2104,34.7774],[76.2032,34.8026],[76.1899,34.8299],[76.1904,34.8531],[76.1954,34.8752],[76.2017,34.8907],[76.2064,34.8971],[76.218,34.9085],[76.2227,34.9173],[76.2249,34.9314],[76.2219,34.941],[76.2175,34.9482],[76.2153,34.9549],[76.2102,34.9589],[76.1858,34.9651],[76.1777,34.9689],[76.1503,34.9893],[76.1232,35.0164],[76.0756,35.0511],[76.0613,35.0665],[76.0527,35.0726],[76.0411,35.075],[76.0383,35.077],[76.0366,35.0876],[76.0343,35.0924],[76.0274,35.0961],[76.0112,35.0946],[76.0037,35.0961],[75.9574,35.1483],[75.9453,35.157],[75.9216,35.1656],[75.915,35.1856],[75.9156,35.2086],[75.9142,35.2259],[75.908,35.2344],[75.9009,35.2385],[75.8936,35.2413],[75.887,35.2464],[75.8825,35.2543],[75.8746,35.2759],[75.8594,35.303],[75.8538,35.324],[75.8433,35.3414],[75.818,35.3494],[75.7971,35.3434],[75.7681,35.3145],[75.7463,35.3078],[75.7265,35.3081],[75.7213,35.3111],[75.7122,35.3184],[75.7,35.3229],[75.6891,35.3192],[75.6786,35.3123],[75.6672,35.3078],[75.6359,35.3142],[75.4861,35.4156],[75.4693,35.4311],[75.4624,35.4481],[75.4518,35.4602],[75.4272,35.4711],[75.3995,35.4767],[75.3798,35.4723],[75.3628,35.4859],[75.3525,35.5053],[75.3471,35.5279],[75.3457,35.5511],[75.3394,35.5753],[75.3233,35.5856],[75.1055,35.6026],[75.0859,35.6018],[75.08,35.6036],[75.0707,35.6094],[75.0615,35.6188],[75.0558,35.6279],[75.0483,35.6346],[75.0332,35.6373],[74.9893,35.6401],[74.9673,35.6443],[74.9483,35.651],[74.9386,35.6572],[74.9205,35.6783],[74.8897,35.7019],[74.8725,35.7117],[74.8501,35.7169],[74.7727,35.718],[74.763,35.7193],[74.7452,35.7241],[74.7398,35.7283],[74.7424,35.7497],[74.7475,35.7687],[74.7471,35.7772],[74.7246,35.786],[74.7229,35.7983],[74.7286,35.8223],[74.7266,35.8364],[74.7246,35.8416],[74.6567,35.8428],[74.6389,35.8364],[74.6305,35.8209],[74.6292,35.8024],[74.6325,35.7869],[74.6392,35.7774],[74.645,35.7756],[74.6482,35.7729],[74.6469,35.7603],[74.6412,35.7595],[74.6295,35.7495],[74.6217,35.7379],[74.6292,35.7324],[74.6352,35.7287],[74.6441,35.7201],[74.6505,35.71],[74.6499,35.7019],[74.6113,35.6715],[74.6095,35.6605],[74.6113,35.6495],[74.6243,35.6201],[74.6287,35.6137],[74.6316,35.6062],[74.6325,35.5275],[74.6072,35.4958],[74.5647,35.4837],[74.5167,35.4781],[74.4749,35.4661],[74.4596,35.4536],[74.4436,35.4374],[74.4257,35.4235],[74.4036,35.4177],[74.3179,35.4177],[74.27,35.4276],[74.2467,35.4267],[74.207,35.4049],[74.1834,35.4027],[74.1592,35.4053],[74.1397,35.4108],[74.1293,35.4172],[74.1091,35.4335],[74.0982,35.4382],[74.0876,35.4379],[74.0469,35.4313],[74.0298,35.4343],[73.9678,35.4586],[73.9231,35.4897],[73.9108,35.4941],[73.8623,35.4927],[73.8369,35.4973],[73.7561,35.5275],[73.6272,35.5435],[73.5636,35.5423],[73.5024,35.5344],[73.4631,35.5581],[73.44,35.5622],[73.3959,35.5435],[73.344,35.5489],[73.3234,35.548],[73.3124,35.5416],[73.3077,35.5335],[73.3037,35.5133],[73.3041,35.5121],[73.2984,35.4863],[73.2969,35.4829],[73.2947,35.4739],[73.2854,35.4534],[73.2832,35.4412],[73.2803,35.4348],[73.2667,35.4142],[73.2627,35.404],[73.2627,35.3431],[73.2602,35.3374],[73.2511,35.325],[73.249,35.3184],[73.2586,35.3066],[73.2761,35.2982],[73.2854,35.2852],[73.2695,35.26],[73.2507,35.2487],[73.2019,35.2333],[73.1187,35.1849],[73.0532,35.1265],[73.0388,35.1165],[73.004,35.0991],[72.9883,35.0887],[72.9509,35.0507],[72.928,35.0349],[72.9092,35.0378],[72.8995,35.0425],[72.892,35.037],[72.8871,35.0267],[72.8853,35.0167],[72.8881,35.009],[72.8939,35.002],[72.8989,34.9928],[72.8989,34.9788],[72.8914,34.9619],[72.8694,34.929],[72.8648,34.9068],[72.8723,34.892],[72.8906,34.8847],[72.9336,34.8764],[72.9692,34.8566],[72.9863,34.8401],[72.9846,34.8249],[72.9756,34.8219],[72.9629,34.8204],[72.9517,34.8177],[72.9468,34.8115],[72.9438,34.8066],[72.9272,34.7875],[72.9194,34.7808],[72.8881,34.7715],[72.8547,34.7693],[72.8245,34.7608],[72.8027,34.7324],[72.8007,34.7172],[72.8096,34.6741],[72.8049,34.6572],[72.7854,34.6375],[72.7817,34.6225]]}},{"type":"Feature","properties":{"scalerank":3,"name":"Indus"},"geometry":{"type":"LineString","coordinates":[[79.7346,32.4439],[79.7197,32.4525],[79.6763,32.5116],[79.4615,32.7074],[79.4298,32.745]]}},{"type":"Feature","properties":{"scalerank":3,"name":"Shiquan"},"geometry":{"type":"LineString","coordinates":[[81.6397,31.4496],[81.6381,31.4452],[81.6194,31.4191],[81.5925,31.4039],[81.5559,31.3933],[81.5185,31.3894],[81.4892,31.3943],[81.4771,31.4019],[81.4461,31.4318],[81.4361,31.4422],[81.4203,31.4658],[81.4096,31.4755],[81.3975,31.481],[81.3857,31.4829],[81.3609,31.4839],[81.3338,31.4915],[81.3145,31.5059],[81.2802,31.5458],[81.2703,31.5535],[81.2505,31.5633],[81.242,31.5697],[81.2267,31.5864],[81.2178,31.6007],[81.1959,31.6605],[81.1746,31.6999],[81.1657,31.741],[81.1661,31.7506],[81.1734,31.7622],[81.1807,31.7709],[81.1845,31.7779],[81.2052,31.8408],[81.2261,31.8711],[81.2515,31.8948],[81.2802,31.9163],[81.3613,31.9556],[81.3941,31.9863],[81.3757,32.0187],[81.3667,32.0208],[81.3438,32.0184],[81.3341,32.0187],[81.3074,32.0367],[81.2969,32.0399],[81.2813,32.0489],[81.2739,32.0694],[81.2717,32.0924],[81.2727,32.1082],[81.2817,32.1509],[81.2833,32.1734],[81.2764,32.1832],[81.2544,32.1881],[81.2444,32.2014],[81.2289,32.2865],[81.212,32.3211],[81.1879,32.35],[81.1559,32.375],[81.138,32.3843],[81.1177,32.3907],[81.0971,32.3944],[81.0781,32.3955],[81.054,32.4018],[81.038,32.4166],[81.0241,32.4339],[81.0064,32.4479],[80.9908,32.453],[80.905,32.4641],[80.8653,32.4754],[80.7359,32.5385],[80.6904,32.5509],[80.6476,32.5534],[80.5621,32.5479],[80.4767,32.5559],[80.2554,32.5447],[80.2319,32.5471],[80.2131,32.5509],[80.1957,32.5517],[80.1759,32.5447],[80.1357,32.523],[80.0947,32.5192],[80.0698,32.5035],[80.0247,32.486],[80.0051,32.482],[79.9131,32.482],[79.8889,32.4794],[79.8049,32.4511],[79.7589,32.4447],[79.7346,32.4439]]}},{"type":"Feature","properties":{"scalerank":3,"name":"Huang"},"geometry":{"type":"LineString","coordinates":[[97.7628,35.0881],[97.7461,35.0794],[97.7332,35.0552],[97.7207,34.9969],[97.7136,34.9532],[97.6973,34.9199],[97.6177,34.8851],[97.5763,34.8758],[97.5459,34.876]]}},{"type":"Feature","properties":{"scalerank":3,"name":"Huang"},"geometry":{"type":"LineString","coordinates":[[97.2882,34.8355],[97.2852,34.8432],[97.259,34.8789],[97.2343,34.9073],[97.1499,34.9363],[97.1238,34.9434],[97.1082,34.9417],[97.0963,34.9373],[97.0851,34.9352],[97.072,34.9306]]}},{"type":"Feature","properties":{"scalerank":3,"name":"Huang"},"geometry":{"type":"LineString","coordinates":[[96.1642,35.1297],[96.2288,35.1118],[96.2493,35.1092],[96.4832,35.1057],[96.5342,35.0961],[96.6549,35.0501],[96.7055,35.0477],[96.7477,35.0532],[96.8113,35.0613],[96.8293,35.0539],[96.8679,35.0185],[96.8899,35.0068],[96.9467,34.9997],[96.9746,34.9916],[96.9867,34.9757],[96.9949,34.9484],[97.0154,34.9374],[97.0421,34.9328],[97.072,34.9306]]}},{"type":"Feature","properties":{"scalerank":3,"name":"Huang"},"geometry":{"type":"LineString","coordinates":[[97.7628,35.0881],[97.7959,35.1111],[97.8489,35.1123],[97.9518,35.0961],[97.9916,35.0806],[98.0185,35.0494],[98.043,35.0123],[98.0759,34.9788],[98.1085,34.9539],[98.1244,34.937],[98.1313,34.9208],[98.1311,34.91],[98.1324,34.9003],[98.1373,34.8934],[98.1476,34.8907],[98.1618,34.8892],[98.1921,34.8764],[98.2637,34.8608],[98.2751,34.8522],[98.2847,34.8421],[98.3067,34.8355],[98.3496,34.828],[98.3779,34.8153],[98.3918,34.7968],[98.3963,34.7736],[98.3958,34.7467],[98.3951,34.7198],[98.4022,34.6668],[98.4015,34.6493],[98.3948,34.6349],[98.381,34.6192],[98.3619,34.6104],[98.3408,34.6068],[98.3267,34.5982],[98.3298,34.5748],[98.3451,34.5633],[98.3948,34.5474],[98.4055,34.5372],[98.4135,34.5266],[98.4522,34.5033],[98.4663,34.4922],[98.4673,34.4881],[98.4658,34.4769],[98.4663,34.4724],[98.4692,34.4686],[98.4784,34.4597],[98.48,34.4587],[98.4902,34.4244],[98.4971,34.414],[98.5147,34.4012],[98.6274,34.3574],[98.6411,34.355],[98.7097,34.355],[98.7243,34.3686],[98.7243,34.3995],[98.7207,34.4332],[98.7236,34.4549],[98.734,34.4579],[98.783,34.4512],[98.7979,34.4557],[98.8369,34.4792],[98.8679,34.4787],[98.9282,34.4531],[98.9529,34.4587],[98.9709,34.4468],[98.9793,34.4394],[98.9865,34.4308],[99.002,34.4369],[99.0162,34.4326],[99.0418,34.4103],[99.0447,34.4097],[99.0532,34.411],[99.0561,34.4103],[99.0572,34.4064],[99.0569,34.3972],[99.0623,34.3872],[99.0696,34.3625],[99.0459,34.3212],[99.0379,34.3006],[99.0349,34.27],[99.0367,34.2536],[99.0416,34.2435],[99.0561,34.2259],[99.0636,34.2139],[99.0676,34.205],[99.0693,34.1944],[99.0696,34.1775],[99.0706,34.1711],[99.075,34.16],[99.0758,34.1533],[99.0737,34.1462],[99.0644,34.1326],[99.0623,34.1257],[99.0601,34.1129],[99.0508,34.0834],[99.0486,34.0714],[99.0484,34.046],[99.0504,34.0348],[99.0561,34.0198],[99.0674,33.9988],[99.0688,33.9869],[99.0623,33.9715],[99.0815,33.9668],[99.0968,33.9501],[99.1069,33.9296],[99.1106,33.9134],[99.1192,33.9067],[99.1721,33.8758],[99.2481,33.7844],[99.282,33.7591],[99.3062,33.7466],[99.3228,33.7432],[99.3611,33.7462],[99.3692,33.7479],[99.3769,33.7528],[99.3823,33.7602],[99.3843,33.7697],[99.3865,33.7754],[99.3901,33.7796],[99.392,33.784],[99.3849,33.7943],[99.3811,33.8015],[99.3784,33.809],[99.3782,33.8144],[99.3953,33.8272],[99.4221,33.8281],[99.4805,33.8185],[99.5012,33.8091],[99.5255,33.8028],[99.5317,33.7931],[99.5355,33.7819],[99.542,33.7735],[99.5693,33.766],[99.5864,33.7679],[99.6458,33.7657],[99.6587,33.7697],[99.6925,33.7955],[99.6943,33.8001],[99.6973,33.8048],[99.7033,33.807],[99.7275,33.807],[99.7715,33.8],[99.7922,33.7927],[99.815,33.7784],[99.837,33.7757],[99.8473,33.7697],[99.8578,33.7613],[99.8757,33.7528],[99.8859,33.7462],[99.8923,33.739],[99.9015,33.7234],[99.9058,33.7182],[99.9155,33.7132],[99.9239,33.7121],[99.933,33.7097],[99.9592,33.6906],[99.9991,33.6756],[100.0156,33.6636],[100.0138,33.6638],[100.0156,33.6573],[100.0191,33.649],[100.0225,33.6431],[100.0483,33.6184],[100.0532,33.6152],[100.0641,33.6109],[100.0706,33.6015],[100.075,33.5921],[100.0801,33.5879],[100.1249,33.5817],[100.1487,33.5736],[100.1589,33.5742],[100.1668,33.5787],[100.1714,33.5856],[100.1741,33.5919],[100.176,33.5947],[100.1873,33.5995],[100.2262,33.6234],[100.2378,33.6325],[100.2807,33.6773],[100.2887,33.6915],[100.2861,33.7065],[100.2759,33.7198],[100.2634,33.7326],[100.2546,33.7462],[100.2409,33.7387],[100.2456,33.7603],[100.2672,33.7619],[100.3167,33.7462],[100.3233,33.7576],[100.3578,33.7564],[100.375,33.7626],[100.4048,33.7869],[100.4216,33.7967],[100.4367,33.8007],[100.4491,33.8061],[100.48,33.8295],[100.4985,33.8349],[100.5168,33.8377],[100.565,33.8548],[100.5807,33.8653],[100.6045,33.8892],[100.6321,33.9105],[100.664,33.9256],[100.7002,33.9305],[100.766,33.9282],[100.7822,33.9243],[100.791,33.9127],[100.8015,33.8938],[100.8145,33.8798],[100.8306,33.8833],[100.8365,33.8615],[100.8504,33.8336],[100.8699,33.808],[100.8921,33.7933],[100.897,33.7998],[100.8982,33.8028],[100.8995,33.807],[100.9039,33.7896],[100.912,33.7856],[100.9204,33.7871],[100.9262,33.7864],[100.9302,33.7779],[100.9287,33.7709],[100.9224,33.7649],[100.9125,33.7591],[100.959,33.7381],[100.9799,33.7375],[100.9957,33.7517],[100.9946,33.7427],[100.9961,33.7335],[101.0007,33.7266],[101.0094,33.725],[101.0165,33.7296],[101.0195,33.7378],[101.0215,33.7473],[101.0344,33.7718],[101.0344,33.7911],[101.0283,33.8098],[101.0191,33.8243],[101.0156,33.8314],[101.0147,33.8404],[101.0156,33.8585],[101.0183,33.8719],[101.0255,33.8769],[101.0346,33.877],[101.0435,33.8758],[101.064,33.8638],[101.0742,33.8616],[101.1025,33.8626],[101.1118,33.8616],[101.1391,33.8444],[101.1829,33.7861],[101.2363,33.7596],[101.2608,33.7321],[101.2882,33.7114],[101.3233,33.7182],[101.3355,33.7082],[101.3566,33.7037],[101.3766,33.6971],[101.3855,33.6807],[101.3897,33.6766],[101.3991,33.6778],[101.4084,33.6822],[101.4177,33.6945],[101.4292,33.6922],[101.443,33.6866],[101.4543,33.6841],[101.4628,33.6873],[101.4839,33.7004],[101.4954,33.7045],[101.5087,33.7048],[101.54,33.6978],[101.5455,33.6945],[101.5634,33.6804],[101.5742,33.6773],[101.586,33.6758],[101.6066,33.6702],[101.6189,33.6698],[101.687,33.6823],[101.7373,33.6835],[101.7537,33.6802],[101.7668,33.6721],[101.8203,33.6251],[101.8376,33.606],[101.8447,33.5848],[101.8517,33.5729],[101.8838,33.5462],[101.8926,33.5264],[101.8911,33.5175],[101.8876,33.5075],[101.8858,33.4974],[101.8892,33.4886],[101.9745,33.4035],[102.0093,33.3763],[102.0523,33.3544],[102.0967,33.3399],[102.1655,33.3332],[102.1743,33.3346],[102.1832,33.3405],[102.2021,33.3582],[102.2115,33.3619],[102.2211,33.3697],[102.2564,33.4132],[102.2665,33.419],[102.289,33.4161],[102.3214,33.4066],[102.3335,33.4135],[102.3432,33.4116],[102.3493,33.4064],[102.352,33.4035],[102.3613,33.4043],[102.3755,33.4083],[102.3859,33.4097],[102.4394,33.4485],[102.4618,33.4575],[102.459,33.4615],[102.4542,33.4718],[102.4673,33.4699],[102.4712,33.4687],[102.4761,33.465],[102.4816,33.465],[102.4653,33.4863],[102.4585,33.4987],[102.4542,33.5128],[102.4527,33.5233],[102.4533,33.5355],[102.4599,33.5416],[102.4761,33.5333],[102.4816,33.5401],[102.4234,33.5762],[102.4133,33.5779],[102.4026,33.594],[102.3557,33.6093],[102.3451,33.6258],[102.3419,33.632],[102.3277,33.6461],[102.3245,33.6533],[102.3264,33.6761],[102.3314,33.6978],[102.3365,33.7092],[102.3419,33.7173],[102.3429,33.7251],[102.3347,33.7356],[102.3274,33.7345],[102.3174,33.7264],[102.3049,33.7202],[102.2905,33.725],[102.2981,33.7344],[102.3059,33.7399],[102.3145,33.7447],[102.3245,33.7517],[102.3141,33.7674],[102.2993,33.7807],[102.2808,33.7899],[102.2598,33.7933],[102.2471,33.7976],[102.2437,33.807],[102.2485,33.8164],[102.2598,33.8206],[102.2639,33.826],[102.2573,33.838],[102.1943,33.9193],[102.1665,33.9458],[102.1328,33.9652],[102.11,33.9537],[102.0696,33.9685],[102.0503,33.9578],[102.0272,33.9791],[101.9864,34.0003],[101.9435,34.0106],[101.9131,33.9994],[101.8584,34.0397],[101.8298,34.0521],[101.8164,34.0602],[101.8032,34.0751],[101.7851,34.0662],[101.7595,34.0727],[101.7373,34.0888],[101.7288,34.1086],[101.7184,34.1033],[101.7148,34.1058],[101.7126,34.1115],[101.7076,34.116],[101.6809,34.1223],[101.647,34.1359],[101.6358,34.1452],[101.6393,34.1571],[101.6308,34.166],[101.6218,34.1715],[101.6148,34.1782],[101.6113,34.1912],[101.5696,34.2081],[101.5294,34.2185],[101.517,34.2193],[101.4961,34.218],[101.4885,34.2185],[101.4805,34.2216],[101.4727,34.2263],[101.4634,34.2303],[101.4254,34.2342],[101.365,34.2526],[101.3342,34.2565],[101.3233,34.2595],[101.315,34.265],[101.3079,34.272],[101.2992,34.2779],[101.2861,34.2805],[101.2797,34.2836],[101.2657,34.2973],[101.2558,34.3004],[101.2427,34.3],[101.234,34.3007],[101.2293,34.3056],[101.2266,34.3278],[101.2223,34.3353],[101.215,34.3398],[101.2042,34.3414],[101.1973,34.3452],[101.1956,34.3544],[101.1958,34.3658],[101.1943,34.3762],[101.1961,34.3838],[101.1964,34.39],[101.1943,34.396],[101.1904,34.3969],[101.1777,34.3951],[101.1738,34.396],[101.1657,34.4064],[101.1641,34.411],[101.1653,34.4158],[101.1664,34.4274],[101.164,34.4432],[101.149,34.4816],[101.1397,34.4996],[101.0606,34.5059],[101.0522,34.5093],[101.0425,34.5242],[101.033,34.5276],[101.0205,34.5301],[101.0141,34.5359],[101.009,34.5423],[101.002,34.5468],[100.9507,34.5469],[100.929,34.5518],[100.9199,34.5716],[100.9168,34.5958],[100.9087,34.6139],[100.8858,34.6498],[100.8706,34.7088],[100.8613,34.7181],[100.8359,34.7149],[100.8176,34.7067],[100.7822,34.6846],[100.7634,34.6778],[100.7429,34.6737],[100.6968,34.671],[100.6748,34.6757],[100.6357,34.6929],[100.6183,34.6915],[100.574,34.7398],[100.5591,34.7453],[100.5396,34.7581],[100.5226,34.7728],[100.5152,34.784],[100.4946,34.8055],[100.4472,34.819],[100.3545,34.828],[100.3364,34.8338],[100.3277,34.8483],[100.3167,34.8832],[100.3093,34.8922],[100.2942,34.9069],[100.2887,34.9173],[100.2858,34.9294],[100.2887,34.9583],[100.2858,34.9846],[100.2783,34.9994],[100.2546,35.0272],[100.249,35.0462],[100.249,35.0892],[100.2409,35.1092],[100.2477,35.1329],[100.2472,35.1736],[100.2385,35.2149],[100.2205,35.2407],[100.2302,35.2539],[100.242,35.262],[100.2533,35.2679],[100.262,35.2748],[100.2722,35.2895],[100.2713,35.2954],[100.2485,35.3021],[100.2199,35.3164],[100.2053,35.3306],[100.2037,35.3498],[100.2143,35.3784],[100.1931,35.371],[100.1912,35.4023],[100.1684,35.4287],[100.1423,35.4502],[100.1311,35.4666],[100.1359,35.4721],[100.1548,35.4794],[100.1589,35.484],[100.158,35.5078],[100.1589,35.515],[100.1664,35.5328],[100.1748,35.5423],[100.2,35.5628],[100.2076,35.574],[100.2407,35.6617],[100.2825,35.7239],[100.2958,35.7513],[100.2962,35.7717],[100.3372,35.7717],[100.3484,35.7748],[100.3604,35.791],[100.3712,35.7984],[100.3906,35.8006],[100.4112,35.7957],[100.447,35.7791],[100.4426,35.8008],[100.4443,35.8182],[100.4551,35.8297],[100.4778,35.8338],[100.4971,35.8416],[100.5292,35.8779],[100.5431,35.889],[100.5547,35.8904],[100.5793,35.888],[100.5909,35.889],[100.6011,35.8939],[100.6179,35.9064],[100.6288,35.9089],[100.6378,35.9131],[100.6389,35.9225],[100.6383,35.9319],[100.6421,35.9361],[100.7041,35.9759],[100.7205,35.9891],[100.7275,36.0013],[100.7276,36.0314],[100.7309,36.0528],[100.7417,36.0709],[100.8159,36.1323],[100.8424,36.1401],[100.901,36.1328],[100.9384,36.1398],[100.9581,36.1402],[100.9927,36.1326],[101.0049,36.1324],[101.0127,36.1346],[101.0298,36.1423],[101.038,36.1448],[101.0641,36.1464],[101.0796,36.1397],[101.0876,36.1245],[101.0918,36.1009],[101.1055,36.1009],[101.1352,36.1156],[101.1506,36.1196],[101.1663,36.1185],[101.1799,36.1136],[101.1891,36.1038],[101.1912,36.0876],[101.2055,36.0861],[101.2344,36.0925],[101.2496,36.0932],[101.2621,36.0912],[101.2737,36.088],[101.3271,36.0616],[101.3588,36.0535],[101.392,36.0511],[101.4273,36.0529],[101.4565,36.0577],[101.4785,36.0659],[101.6313,36.154],[101.6538,36.1738],[101.6664,36.1816],[101.6811,36.1857],[101.6972,36.1844],[101.7827,36.1461],[101.7892,36.145],[101.8119,36.1463],[101.8266,36.1444],[101.8399,36.1407],[101.8523,36.1343],[101.9058,36.0884],[101.9131,36.087],[101.9129,36.0684],[101.9584,36.0532],[101.9478,36.0386],[101.9856,36.0208],[102.0161,35.9916],[102.0366,35.9561],[102.044,35.9194],[102.0481,35.9123],[102.0665,35.8947],[102.0707,35.8853],[102.0718,35.8641],[102.074,35.8553],[102.0781,35.8474],[102.0989,35.8301],[102.1215,35.8271],[102.1636,35.8338],[102.1824,35.8402],[102.2256,35.8683],[102.2461,35.8747],[102.3451,35.8747],[102.4174,35.8877],[102.4415,35.8878],[102.4584,35.8829],[102.4892,35.8669],[102.5063,35.8617],[102.5549,35.857],[102.6046,35.8421],[102.6365,35.8387],[102.7048,35.8395],[102.7168,35.8373],[102.7256,35.8332],[102.735,35.8303],[102.7498,35.832],[102.7595,35.8375],[102.7872,35.8599],[102.8373,35.8607],[102.8589,35.857],[102.8726,35.8463],[102.8995,35.8499],[103.0092,35.8258],[103.1165,35.7782],[103.1333,35.7811],[103.1382,35.7916],[103.1498,35.798],[103.1642,35.8037],[103.1863,35.8171],[103.1968,35.8203],[103.219,35.8223],[103.2293,35.8255],[103.2446,35.8397],[103.2532,35.8428],[103.2677,35.846],[103.2871,35.8538],[103.3042,35.8639],[103.3115,35.8738],[103.3173,35.8852],[103.3593,35.9117],[103.2705,35.9384],[103.2637,35.9417],[103.2503,35.952],[103.2429,35.9557],[103.2359,35.9569],[103.2219,35.9566],[103.2153,35.9575],[103.2036,35.9615],[103.194,35.9674],[103.1887,35.9765],[103.1891,35.9898],[103.194,35.9993],[103.2024,36.0071],[103.2207,36.0206],[103.2504,36.0555],[103.2613,36.0656],[103.3923,36.131],[103.4229,36.1561],[103.4247,36.1616],[103.4307,36.1658],[103.4468,36.1846],[103.4548,36.1889],[103.4928,36.1849],[103.5026,36.1821],[103.5151,36.1698],[103.541,36.1342],[103.5545,36.1268],[103.5746,36.1303],[103.6104,36.1452],[103.6343,36.1479],[103.6463,36.1465],[103.6546,36.1433],[103.6677,36.1337],[103.6956,36.1039],[103.6984,36.0989],[103.749,36.0947],[103.8765,36.0646],[103.9218,36.061],[104.0128,36.072],[104.0347,36.0785],[104.044,36.0889],[104.0454,36.1101],[104.0447,36.1219],[104.0407,36.1237],[104.0479,36.1365],[104.0414,36.1429],[104.0234,36.1479],[104.0186,36.1822],[104.0479,36.205],[104.0909,36.2231],[104.127,36.2435],[104.1323,36.251],[104.1401,36.277],[104.1572,36.3],[104.1915,36.3353],[104.2326,36.3684],[104.2595,36.3787],[104.3173,36.3826],[104.3451,36.3903],[104.3643,36.4044],[104.399,36.4394],[104.42,36.4505],[104.4453,36.4541],[104.4698,36.455],[104.4939,36.4597],[104.5176,36.4747],[104.5462,36.5034],[104.5591,36.5108],[104.5928,36.5214],[104.6079,36.529],[104.62,36.5425],[104.6314,36.5642],[104.6389,36.5716],[104.6528,36.5792],[104.6848,36.5887],[104.6949,36.593],[104.7104,36.606],[104.7138,36.6208],[104.7092,36.6646],[104.7114,36.6697],[104.7161,36.6748],[104.7207,36.6817],[104.723,36.6922],[104.7192,36.6973],[104.6919,36.7185],[104.6841,36.7216],[104.6812,36.7233],[104.6772,36.7285],[104.6725,36.739],[104.6682,36.7438],[104.6128,36.7726],[104.6047,36.7922],[104.6,36.8151],[104.5925,36.8331],[104.5791,36.8392],[104.5608,36.8416],[104.5444,36.8472],[104.5374,36.8633],[104.5278,36.8719],[104.482,36.8843],[104.4662,36.8909],[104.4475,36.8949],[104.4087,36.882],[104.4014,36.8909],[104.3931,36.9058],[104.374,36.9077],[104.3359,36.9008],[104.33,36.9099],[104.3287,36.9305],[104.3375,37.0068],[104.3321,37.0198],[104.3052,37.0559],[104.2984,37.0672],[104.2986,37.0797],[104.3052,37.1],[104.3171,37.1226],[104.3283,37.1278],[104.3417,37.1278],[104.3598,37.1348],[104.3513,37.1414],[104.3388,37.1479],[104.3256,37.1527],[104.3059,37.157],[104.3062,37.1623],[104.311,37.1682],[104.3154,37.1724],[104.324,37.1765],[104.3323,37.1744],[104.3398,37.1705],[104.3461,37.169],[104.4067,37.1947],[104.439,37.2034],[104.4697,37.1957],[104.4927,37.2086],[104.5782,37.3241],[104.6031,37.3397],[104.6272,37.3437],[104.679,37.3441],[104.6962,37.3494],[104.7283,37.366],[104.7456,37.3711],[104.801,37.3717],[104.819,37.3779],[104.8325,37.3882],[104.8434,37.3991],[104.8569,37.4078],[104.8775,37.4114],[104.9194,37.4078],[104.9387,37.4085],[104.957,37.4154],[104.9926,37.4425],[104.9972,37.4527],[104.9955,37.4633],[104.9937,37.4695],[104.9973,37.4733],[105.0115,37.4768],[105.0201,37.4737],[105.0415,37.4569],[105.0524,37.4536],[105.0632,37.4571],[105.0855,37.47],[105.0962,37.4727],[105.1021,37.475],[105.1111,37.4848],[105.1167,37.487],[105.123,37.4859],[105.1323,37.4813],[105.1372,37.4802],[105.151,37.4813],[105.1749,37.4859],[105.1885,37.487],[105.1982,37.4859],[105.2184,37.4808],[105.23,37.4802],[105.2433,37.4831],[105.2618,37.4925],[105.2747,37.4945],[105.5479,37.4976],[105.5733,37.5007],[105.6279,37.5245],[105.6939,37.5356],[105.7842,37.5689],[105.8579,37.5787],[105.8761,37.586],[105.8891,37.5988],[105.918,37.6423],[105.9404,37.688],[105.9433,37.6959],[105.9461,37.7124],[105.959,37.753],[105.9631,37.7744],[105.9618,37.806],[105.9631,37.816],[105.9756,37.8425],[105.9773,37.8542],[105.9927,37.885],[106.0291,37.9222],[106.0711,37.9536],[106.104,37.9669],[106.1215,37.9715],[106.1396,37.9825],[106.1692,38.0078],[106.1821,38.0228],[106.2027,38.0583],[106.2206,38.0823],[106.2236,38.0918],[106.2237,38.114],[106.2263,38.1275],[106.2324,38.1369],[106.2392,38.1444],[106.2442,38.1518],[106.247,38.1606],[106.2485,38.176],[106.2504,38.1859],[106.2709,38.2238],[106.2781,38.2333],[106.408,38.3623],[106.4988,38.4117],[106.517,38.4269],[106.5392,38.4746],[106.5647,38.5043],[106.5728,38.5266],[106.5357,38.5353],[106.521,38.5644],[106.5186,38.5733],[106.5208,38.5844],[106.5405,38.6214],[106.5942,38.6663],[106.582,38.6809],[106.5757,38.6903],[106.5734,38.6987],[106.5732,38.7104],[106.5772,38.713],[106.5969,38.7196],[106.6041,38.721],[106.6075,38.7248],[106.6085,38.7338],[106.6079,38.7517],[106.6489,38.8035],[106.6655,38.8203],[106.7178,38.8582],[106.8403,38.9876],[106.8594,39.0136],[106.8662,39.0432],[106.8538,39.0772],[106.8816,39.1046],[106.8482,39.1639],[106.8367,39.1728],[106.8196,39.1805],[106.808,39.1989],[106.8013,39.2216],[106.7991,39.2417],[106.8091,39.3093],[106.8024,39.3271],[106.7978,39.3349],[106.7935,39.3529],[106.7888,39.3609],[106.7804,39.3684],[106.7651,39.3784],[106.7588,39.3851],[106.7499,39.4188],[106.7525,39.4655],[106.7753,39.5593],[106.7786,39.5843],[106.7783,39.5955],[106.7735,39.6166],[106.7725,39.6287],[106.7765,39.6525],[106.7836,39.6643],[106.7851,39.6746],[106.7725,39.6935],[106.7673,39.696],[106.7605,39.6969],[106.7545,39.6988],[106.752,39.7042],[106.7529,39.7137],[106.7575,39.7297],[106.7588,39.7386],[106.7599,39.7421],[106.7627,39.7472],[106.7651,39.7539],[106.7656,39.7625],[106.7632,39.7723],[106.7549,39.7884],[106.752,39.7967],[106.7446,39.8549],[106.7398,39.8627],[106.7174,39.8862],[106.7104,39.899],[106.7383,39.9195],[106.7385,39.9298],[106.7337,39.9389],[106.7302,39.9478],[106.7346,39.9573],[106.738,39.9715],[106.733,39.9903],[106.7245,40.0074],[106.7178,40.0163],[106.7091,40.0381],[106.7271,40.0626],[106.8587,40.1798],[106.8701,40.1836],[106.8743,40.1666],[106.9773,40.2416],[106.999,40.2511],[107.0071,40.2571],[107.0147,40.2693],[107.0259,40.3027],[107.0318,40.3105],[107.0579,40.3328],[107.066,40.3378],[107.081,40.3417],[107.1139,40.3456],[107.128,40.3515],[107.1515,40.376],[107.1587,40.402],[107.1541,40.4283],[107.1417,40.4539],[107.1472,40.4622],[107.1633,40.4772],[107.1697,40.4819],[107.1799,40.4864],[107.2057,40.4944],[107.2144,40.4992],[107.2202,40.5124],[107.2052,40.5402],[107.2039,40.5638],[107.2118,40.5827],[107.2249,40.5952],[107.2553,40.6156],[107.263,40.6254],[107.2661,40.6329],[107.2708,40.6378],[107.2826,40.6395],[107.3098,40.6401],[107.3222,40.6423],[107.3486,40.6525],[107.3801,40.6567],[107.395,40.6606],[107.4404,40.7016],[107.4666,40.7099],[107.4902,40.7266],[107.5139,40.7392],[107.5391,40.7351],[107.5615,40.7373],[107.574,40.7469],[107.5835,40.7574],[107.644,40.7748],[107.6631,40.7761],[107.6946,40.7689],[107.7066,40.7714],[107.7114,40.7869],[107.7067,40.8016],[107.6996,40.8166],[107.6998,40.8298],[107.7177,40.8387],[107.7324,40.8513],[107.7584,40.8595],[107.8621,40.8699],[107.8852,40.8675],[107.9055,40.8552],[107.9163,40.8502],[107.9283,40.8518],[107.9505,40.8586],[108.012,40.8586],[108.0867,40.8477],[108.115,40.8518],[108.1421,40.8706],[108.1567,40.8771],[108.1733,40.8797],[108.1788,40.8746],[108.1975,40.8387],[108.2088,40.8279],[108.2242,40.8179],[108.2408,40.8139],[108.2689,40.8267],[108.2837,40.8229],[108.3067,40.8108],[108.3378,40.8102],[108.4048,40.8206],[108.4378,40.817],[108.4518,40.8085],[108.4673,40.7933],[108.4797,40.7755],[108.4849,40.759],[108.4926,40.7525],[108.5283,40.7398],[108.5509,40.718],[108.5763,40.6827],[108.5811,40.6702],[108.5908,40.6616],[108.6129,40.6541],[108.6704,40.6426],[108.6803,40.6326],[108.6876,40.621],[108.6972,40.6122],[108.714,40.6099],[108.7481,40.618],[108.7661,40.6122],[108.7571,40.5881],[108.7636,40.5732],[108.7798,40.564],[108.8113,40.5519],[108.8203,40.5467],[108.83,40.5433],[108.8424,40.5433],[108.8484,40.5469],[108.8565,40.5539],[108.8667,40.5607],[108.8794,40.5638],[108.8832,40.5584],[108.8866,40.5467],[108.8916,40.535],[108.9004,40.5296],[108.9131,40.5317],[108.9214,40.5347],[108.9295,40.5344],[108.941,40.5262],[108.9507,40.5222],[108.9638,40.5213],[108.9893,40.5228],[109.0003,40.5263],[109.0044,40.535],[109.0056,40.557],[109.0154,40.5474],[109.0259,40.5452],[109.0366,40.5489],[109.0466,40.557],[109.0464,40.5406],[109.0499,40.5287],[109.0579,40.525],[109.0873,40.5467],[109.0982,40.5472],[109.1223,40.5296],[109.1501,40.5237],[109.1851,40.5207],[109.2073,40.5119],[109.1975,40.4887],[109.2223,40.4921],[109.2867,40.5228],[109.2796,40.4904],[109.2871,40.4882],[109.3351,40.4873],[109.3555,40.4834],[109.3966,40.4682],[109.4131,40.4774],[109.4595,40.4898],[109.4723,40.5023],[109.4607,40.5023],[109.45,40.5045],[109.44,40.5089],[109.4309,40.5153],[109.447,40.5208],[109.4825,40.5246],[109.499,40.5296],[109.5059,40.5167],[109.5192,40.5227],[109.5366,40.5355],[109.5545,40.5433],[109.5728,40.5423],[109.582,40.5391],[109.5908,40.54],[109.6083,40.5507],[109.6651,40.4968],[109.6904,40.4847],[109.7009,40.4776],[109.7134,40.4753],[109.7376,40.4925],[109.749,40.4978],[109.7623,40.5012],[109.7896,40.504],[109.8281,40.5153],[109.8833,40.5153],[109.8925,40.52],[109.9014,40.5227],[109.9107,40.5228],[109.916,40.5203],[109.9242,40.5124],[109.9312,40.5091],[109.9415,40.5059],[109.9529,40.504],[109.9636,40.5081],[109.9721,40.5228],[109.9883,40.5116],[109.9996,40.5128],[110.0102,40.5191],[110.0239,40.5228],[110.0396,40.5206],[110.0548,40.5167],[110.069,40.516],[110.0825,40.5228],[110.0952,40.5107],[110.1023,40.5054],[110.1099,40.5023],[110.1228,40.5029],[110.1426,40.5129],[110.1533,40.5153],[110.1543,40.5189],[110.1676,40.5402],[110.1751,40.5416],[110.2026,40.5396],[110.2117,40.5371],[110.2232,40.5228],[110.2378,40.4827],[110.2461,40.4744],[110.2864,40.4839],[110.3036,40.4814],[110.2935,40.4614],[110.3067,40.4532],[110.3471,40.4532],[110.3557,40.4508],[110.3621,40.4442],[110.4034,40.4204],[110.4192,40.3984],[110.4303,40.3885],[110.4414,40.3894],[110.4564,40.3971],[110.4674,40.3946],[110.475,40.3851],[110.4791,40.372],[110.4865,40.372],[110.5068,40.3814],[110.543,40.3605],[110.5807,40.3319],[110.606,40.3174],[110.6382,40.3221],[110.6581,40.3218],[110.6885,40.3057],[110.7273,40.2967],[110.7461,40.2901],[110.7659,40.2803],[110.7798,40.2761],[110.815,40.2764],[110.8344,40.2737],[110.8648,40.2588],[110.8799,40.2553],[110.9413,40.2533],[110.9649,40.2626],[110.9874,40.2617],[110.9966,40.2659],[111.0149,40.2834],[111.0347,40.2969],[111.061,40.2672],[111.1848,40.2081],[111.2096,40.1804],[111.2197,40.1727],[111.2313,40.169],[111.255,40.1668],[111.2772,40.1608],[111.2907,40.159],[111.3027,40.1561],[111.3283,40.1187],[111.3384,40.1107],[111.3613,40.098],[111.3699,40.0908],[111.3799,40.0624],[111.3808,40.0573],[111.3974,40.0479],[111.4054,40.0258],[111.4114,39.9816],[111.4365,39.9173],[111.4353,39.9064],[111.4234,39.8959],[111.3972,39.8308],[111.3652,39.7775],[111.3595,39.7504],[111.3699,39.7215],[111.4176,39.6837],[111.4201,39.6724],[111.4268,39.6589],[111.4356,39.6466],[111.4456,39.639],[111.4631,39.6202],[111.4536,39.6173],[111.4251,39.6253],[111.4242,39.6172],[111.4251,39.536],[111.4209,39.522],[111.3725,39.4891],[111.3424,39.4444],[111.317,39.4294],[111.2841,39.4249],[111.1991,39.4271],[111.164,39.4232],[111.1343,39.4105],[111.1099,39.3851],[111.1182,39.376],[111.1412,39.3673],[111.1508,39.3571],[111.1668,39.3647],[111.1746,39.3568],[111.1792,39.3424],[111.1848,39.3304],[111.2002,39.3209],[111.2148,39.3164],[111.2246,39.3105],[111.2266,39.2969],[111.2216,39.2834],[111.1582,39.1728],[111.1342,39.0994],[111.1177,39.0673],[111.0886,39.0425],[111.0219,39.0186],[110.9946,39.0038],[110.9726,38.9742],[110.9942,38.9372],[111.0035,38.9161],[111.0034,38.9025],[110.9942,38.8853],[110.98,38.8165],[110.969,38.7989],[110.9575,38.7853],[110.9483,38.7711],[110.9428,38.7394],[110.9375,38.7316],[110.9214,38.7172],[110.9151,38.7084],[110.9043,38.6794],[110.8715,38.6213],[110.8732,38.6117],[110.8753,38.6075],[110.9006,38.5804],[110.9013,38.5737],[110.899,38.5454],[110.897,38.5353],[110.8907,38.5251],[110.8765,38.51],[110.8701,38.5018],[110.8653,38.4903],[110.8595,38.468],[110.8526,38.4571],[110.8338,38.4458],[110.7921,38.4396],[110.774,38.4261],[110.7556,38.3904],[110.7461,38.3777],[110.7112,38.3568],[110.7051,38.3544],[110.7007,38.3467],[110.671,38.3169],[110.6597,38.31],[110.6475,38.3056],[110.6343,38.3033],[110.6043,38.3014],[110.5899,38.2967],[110.5793,38.2872],[110.5686,38.2322],[110.5686,38.2269],[110.5593,38.2169],[110.5471,38.2109],[110.5328,38.2079],[110.517,38.2071],[110.5109,38.2021],[110.4996,38.166],[110.5093,38.145],[110.509,38.128],[110.4996,38.0904],[110.5071,38.0115],[110.5078,38.0087],[110.5116,38.0051],[110.5133,38.001],[110.5136,37.9825],[110.5133,37.9805],[110.5142,37.9702],[110.513,37.9612],[110.5149,37.9549],[110.5241,37.9525],[110.5451,37.9497],[110.5625,37.942],[110.5769,37.9313],[110.589,37.919],[110.6531,37.8131],[110.6744,37.7962],[110.7289,37.7735],[110.7427,37.7648],[110.7529,37.7457],[110.7437,37.7324],[110.7051,37.7136],[110.7271,37.7003],[110.7789,37.6783],[110.7944,37.6583],[110.7877,37.6524],[110.7704,37.6412],[110.7666,37.6379],[110.766,37.624],[110.771,37.6133],[110.7772,37.6039],[110.7867,37.5735],[110.7886,37.5613],[110.7837,37.5559],[110.7758,37.5519],[110.7695,37.5423],[110.7461,37.4802],[110.7385,37.4694],[110.7153,37.4498],[110.6962,37.4394],[110.6533,37.4339],[110.6367,37.4182],[110.6301,37.3966],[110.6333,37.3792],[110.6463,37.3677],[110.6679,37.3636],[110.6871,37.3571],[110.6875,37.3421],[110.671,37.3095],[110.6694,37.3011],[110.67,37.2957],[110.6697,37.2904],[110.6648,37.2822],[110.6608,37.2803],[110.6476,37.2766],[110.6436,37.2747],[110.6409,37.2696],[110.6367,37.2564],[110.6337,37.2508],[110.5686,37.1785],[110.5368,37.1554],[110.5276,37.1444],[110.5164,37.115],[110.5087,37.1016],[110.4962,37.096],[110.4893,37.0918],[110.4789,37.0817],[110.4695,37.0694],[110.4656,37.0588],[110.4599,37.0511],[110.4464,37.0443],[110.4177,37.0352],[110.4177,37.0277],[110.4254,37.027],[110.4451,37.0215],[110.4273,37.0102],[110.408,37.0148],[110.3892,37.0218],[110.3731,37.0178],[110.3728,37.0073],[110.3838,36.995],[110.3979,36.9848],[110.4072,36.9805],[110.418,36.9672],[110.4125,36.9375],[110.3948,36.9069],[110.3692,36.8912],[110.3767,36.8785],[110.4008,36.8611],[110.4108,36.8496],[110.4038,36.8373],[110.4072,36.8299],[110.4142,36.824],[110.4177,36.816],[110.415,36.8051],[110.4091,36.7958],[110.3972,36.7813],[110.3931,36.7807],[110.3858,36.781],[110.379,36.7799],[110.3767,36.7751],[110.3799,36.77],[110.3921,36.765],[110.3972,36.7608],[110.3999,36.7605],[110.4177,36.754],[110.4122,36.7537],[110.4131,36.7453],[110.4161,36.7362],[110.4177,36.7335],[110.4391,36.7423],[110.441,36.7264],[110.4321,36.704],[110.4212,36.6926],[110.4106,36.695],[110.4005,36.6988],[110.3928,36.6986],[110.3897,36.6888],[110.3936,36.6823],[110.4829,36.5929],[110.4898,36.5773],[110.4985,36.5245],[110.4996,36.5076],[110.4959,36.484],[110.4822,36.4486],[110.4763,36.4049],[110.4588,36.3493],[110.4591,36.3271],[110.4701,36.2862],[110.473,36.2637],[110.469,36.2432],[110.4506,36.2069],[110.4451,36.1854],[110.4469,36.1418],[110.4975,35.9796],[110.5007,35.9331],[110.506,35.912],[110.5071,35.9008],[110.5108,35.8868],[110.5195,35.8851],[110.5307,35.887],[110.5413,35.8838],[110.5602,35.8491],[110.5755,35.7125],[110.6113,35.6377],[110.6196,35.5972],[110.6026,35.5542],[110.5728,35.5279],[110.5559,35.5085],[110.5584,35.4996],[110.5628,35.4907],[110.5593,35.4708],[110.5527,35.4499],[110.5475,35.4382],[110.5375,35.4278],[110.5234,35.4166],[110.5088,35.4077],[110.4962,35.404],[110.4683,35.356],[110.4588,35.3431],[110.4448,35.335],[110.4371,35.3223],[110.4317,35.3078],[110.4246,35.2941],[110.4172,35.2864],[110.3726,35.2553],[110.3576,35.2382],[110.3351,35.1979],[110.3262,35.1492],[110.3169,35.1257],[110.3105,35.0909],[110.2918,35.0504],[110.2846,35.0096],[110.2686,34.9594],[110.2594,34.9447],[110.271,34.9134],[110.2722,34.8815],[110.2627,34.8512],[110.2424,34.8249],[110.2372,34.8013],[110.2416,34.7189],[110.252,34.6632],[110.2699,34.6373]]}},{"type":"Feature","properties":{"scalerank":3,"name":"Huang"},"geometry":{"type":"LineString","coordinates":[[97.2882,34.8355],[97.3012,34.818],[97.3159,34.8168],[97.3528,34.8218],[97.4063,34.8179],[97.4248,34.8218],[97.4373,34.8284],[97.485,34.8713],[97.5017,34.8762],[97.547,34.876]]}},{"type":"Feature","properties":{"scalerank":3,"name":"Amur"},"geometry":{"type":"LineString","coordinates":[[140.114,51.7636],[140.0898,51.7488],[140.0542,51.722],[139.9722,51.6454],[139.9192,51.6022],[139.8979,51.5891],[139.8722,51.5816],[139.8576,51.5788]]}},{"type":"Feature","properties":{"scalerank":3,"name":"Amur"},"geometry":{"type":"LineString","coordinates":[[137.0698,50.454],[137.0748,50.4359],[137.0854,50.3608],[137.0879,50.3244],[137.0927,50.2943],[137.1011,50.2654],[137.1118,50.2462],[137.0945,50.2196],[137.0586,50.1958],[137.0338,50.1769],[137.0042,50.1595],[136.9634,50.1458],[136.9231,50.1389],[136.8914,50.1245],[136.8704,50.1021],[136.8569,50.0786],[136.8368,50.0513],[136.8144,50.018],[136.7979,49.9591],[136.7858,49.9298],[136.775,49.9066],[136.7568,49.8802],[136.7569,49.8525],[136.7636,49.8201],[136.7651,49.8001],[136.7769,49.7863],[136.7881,49.7729],[136.8106,49.7593]]}},{"type":"Feature","properties":{"scalerank":3,"name":"Amur"},"geometry":{"type":"LineString","coordinates":[[140.7066,53.111],[140.6602,53.0961],[140.5942,53.0841],[140.5838,53.0849],[140.5772,53.0867],[140.5584,53.0947],[140.5016,53.1106],[140.4841,53.1197],[140.4557,53.1389],[140.4412,53.1467],[140.4092,53.1572],[140.3381,53.2007],[140.3042,53.2136],[140.2632,53.2217],[139.9903,53.2149],[139.9662,53.2177],[139.9157,53.213],[139.8904,53.204],[139.8699,53.1884],[139.8591,53.1658],[139.858,53.1425],[139.8559,53.1354],[139.8545,53.1334],[139.8505,53.1296],[139.8487,53.1274],[139.8473,53.1239],[139.8449,53.1127],[139.8317,53.0841],[139.8198,53.0657],[139.8051,53.0496],[139.7986,53.0454],[139.7922,53.043],[139.7779,53.0402],[139.7711,53.0367],[139.7529,53.0176],[139.7252,52.9973],[139.7123,52.9854],[139.7035,52.9716],[139.7022,52.9615],[139.7064,52.9532],[139.7136,52.9466],[139.7529,52.9251],[139.8717,52.8816],[139.9353,52.8659],[140.0004,52.837],[140.0313,52.8121],[140.0527,52.7995],[140.0582,52.7948],[140.0675,52.7842],[140.0734,52.7801],[140.0938,52.7726],[140.0997,52.7679],[140.1065,52.7582],[140.1094,52.7527],[140.1109,52.7474],[140.1066,52.7321],[140.0873,52.7077],[140.088,52.6927],[140.1279,52.627],[140.1353,52.6189],[140.1498,52.6086],[140.1665,52.6016],[140.2018,52.5942],[140.2212,52.5933],[140.2599,52.5958],[140.2791,52.5948],[140.3042,52.583],[140.3225,52.5611],[140.3533,52.5135],[140.3731,52.4941],[140.3848,52.486],[140.3972,52.4811],[140.3994,52.4757],[140.4033,52.4708],[140.4083,52.4669],[140.4138,52.4646],[140.4169,52.4585],[140.428,52.4485],[140.4324,52.4431],[140.438,52.4296],[140.441,52.4153],[140.4401,52.3875],[140.441,52.3784],[140.4448,52.3699],[140.4498,52.3637],[140.4539,52.3572],[140.4541,52.3476],[140.4492,52.3338],[140.4412,52.319],[140.4312,52.3053],[140.4111,52.2864],[140.4049,52.279],[140.4011,52.2701],[140.3989,52.2573],[140.3989,52.2332],[140.3955,52.2236],[140.376,52.1978],[140.3723,52.1883],[140.3705,52.1682],[140.3677,52.1588],[140.3609,52.1512],[140.3511,52.1473],[140.3306,52.1435],[140.3198,52.1399],[140.3105,52.1349],[140.252,52.093],[140.2255,52.0664],[140.1744,52.0268],[140.1638,52.0091],[140.1651,51.9943],[140.2051,51.9409],[140.2115,51.9287],[140.2212,51.9015],[140.2418,51.8598],[140.2429,51.8451],[140.2367,51.8308],[140.2251,51.8196],[140.114,51.7637]]}},{"type":"Feature","properties":{"scalerank":3,"name":"Amur"},"geometry":{"type":"LineString","coordinates":[[139.8576,51.5788],[139.8232,51.5763],[139.782,51.5624],[139.6519,51.5371],[139.5392,51.5368],[139.5173,51.5328],[139.4962,51.5227],[139.4814,51.5074],[139.4732,51.4894],[139.4673,51.47],[139.4588,51.4507],[139.4443,51.4336],[139.4263,51.4213],[139.2349,51.3579],[139.208,51.3532],[139.1784,51.3536],[139.0112,51.389],[138.9324,51.3802],[138.8976,51.3144],[138.8953,51.292],[138.8884,51.2743],[138.8753,51.261],[138.8544,51.2518],[138.6746,51.2071],[138.6553,51.2017],[138.6372,51.1934],[138.6216,51.1815],[138.5995,51.1485],[138.5879,51.1362],[138.5737,51.1269],[138.5549,51.1195],[138.4497,51.1013],[138.4409,51.0978],[138.4329,51.0927],[138.3776,51.0343],[138.3613,51.0217],[138.2764,50.9713],[138.2517,50.9622],[138.2078,50.9527],[138.1943,50.947],[138.1827,50.9374],[138.1589,50.8983],[138.1493,50.8861],[138.1384,50.8764],[138.1255,50.8697],[138.1106,50.8663],[138.0654,50.8635],[138.0508,50.8601],[138.0386,50.8546],[137.9176,50.7622],[137.8659,50.739],[137.6885,50.6891],[137.591,50.6765],[137.4968,50.6823],[137.4088,50.6712],[137.3678,50.6707],[137.2332,50.6402],[137.2107,50.6293],[137.1905,50.6148],[137.1539,50.5775],[137.1121,50.5456],[137.0564,50.5148],[137.0488,50.5064],[137.0463,50.4951],[137.0499,50.4844],[137.064,50.4654],[137.0698,50.454]]}},{"type":"Feature","properties":{"scalerank":3,"name":"Amur"},"geometry":{"type":"LineString","coordinates":[[136.8106,49.7593],[136.8255,49.7531],[136.8412,49.7447],[136.8501,49.7335],[136.8533,49.7191],[136.8461,49.6692],[136.8473,49.6539],[136.8541,49.6199],[136.8525,49.6044],[136.8466,49.5899],[136.8367,49.5757],[136.8159,49.5534],[136.792,49.5326],[136.7656,49.5151],[136.7378,49.5028],[136.7193,49.4984],[136.6441,49.4905],[136.5313,49.4659],[136.4505,49.4288],[136.4352,49.4185],[136.4259,49.4061],[136.4214,49.391],[136.4201,49.3557],[136.416,49.3433],[136.4072,49.3336],[136.3784,49.3129],[136.3689,49.3001],[136.3546,49.2687],[136.3433,49.2546],[136.3276,49.2469],[136.293,49.236],[136.2695,49.2135],[136.2725,49.1851],[136.2998,49.1249],[136.3024,49.1077],[136.3027,49.0902],[136.2991,49.0733],[136.2907,49.0579],[136.2765,49.0436],[136.1497,48.9648],[136.1139,48.9545],[136.0083,48.9403],[135.9941,48.9345],[135.9807,48.926],[135.9714,48.9136],[135.9678,48.8995],[135.9658,48.8846],[135.9607,48.8701],[135.94,48.8478],[135.9124,48.835],[135.8176,48.8172],[135.8027,48.8098],[135.7896,48.798],[135.7815,48.7843],[135.7759,48.7712],[135.7683,48.7602],[135.7544,48.7531],[135.7203,48.7465],[135.6836,48.7437],[135.6472,48.7459],[135.6137,48.755],[135.5807,48.7678],[135.5475,48.7768],[135.5136,48.7791],[135.4788,48.7718],[135.4238,48.7495],[135.3738,48.7357],[135.3574,48.7342],[135.3408,48.7364],[135.3079,48.7453],[135.2909,48.7472],[135.273,48.7456],[135.2555,48.7412],[135.2388,48.7344],[135.1535,48.6785],[135.0464,48.6352],[135.023,48.6149],[135.0044,48.5831],[134.9973,48.5486],[135.0088,48.52],[135.0376,48.4882],[135.043,48.4859],[135.0475,48.4726],[135.0496,48.4593],[135.0464,48.4471],[135.0356,48.4374],[135.0192,48.4332],[134.9659,48.4366],[134.9246,48.4334],[134.8839,48.4244],[134.7691,48.3738],[134.7515,48.3716],[134.7344,48.3734],[134.5981,48.4164],[134.5802,48.4178],[134.5051,48.4137],[134.4962,48.4117],[134.4473,48.3951],[134.367,48.3773],[134.2057,48.3599],[134.1157,48.3355],[134.0567,48.3275],[134.0403,48.3227],[134.0245,48.3154],[133.9822,48.2853],[133.9662,48.2789],[133.9366,48.2735],[133.8772,48.2755],[133.8673,48.2746],[133.8492,48.2696],[133.8147,48.2554],[133.7963,48.2508],[133.7377,48.2513],[133.7209,48.245],[133.7076,48.232],[133.6852,48.2024],[133.67,48.1903],[133.6543,48.1841],[133.6211,48.1776],[133.6052,48.1719],[133.5934,48.1644],[133.5845,48.1556],[133.5776,48.1453],[133.5718,48.133],[133.5597,48.1136],[133.5435,48.1018],[133.524,48.0957],[133.4634,48.0897],[133.4506,48.0916],[133.4129,48.1033],[133.3959,48.1061],[133.3792,48.1066],[133.3233,48.1004],[133.3012,48.1015],[133.2905,48.1046],[133.2725,48.1153],[133.2625,48.1197],[133.2234,48.1262],[133.1848,48.1251],[133.0917,48.107],[133.075,48.1011],[133.0606,48.0921],[133.0508,48.0788],[133.0473,48.0718],[133.0438,48.0665],[133.0391,48.0618],[133.0325,48.0571],[133.0244,48.0527],[132.9405,48.0269],[132.94,48.0228],[132.8645,47.9859],[132.8533,47.9764],[132.8331,47.9519],[132.8203,47.9426],[132.8056,47.9365],[132.7892,47.933],[132.7747,47.9339],[132.7622,47.9396],[132.7378,47.9544],[132.7223,47.9592],[132.7055,47.9606],[132.6889,47.958],[132.6744,47.9509],[132.6679,47.9454],[132.663,47.9389],[132.6602,47.9316],[132.6606,47.9233],[132.6638,47.9161],[132.6679,47.9096],[132.6712,47.9028],[132.672,47.8947],[132.6677,47.8815],[132.6586,47.8701],[132.6072,47.8278],[132.5811,47.801],[132.5762,47.7945],[132.5734,47.7886],[132.5734,47.7825],[132.5806,47.765],[132.582,47.7564],[132.5801,47.7482],[132.5738,47.7398],[132.5566,47.7237],[132.5469,47.7171],[132.5361,47.7113],[132.5243,47.7077],[132.4756,47.7071],[132.4531,47.7108],[132.4003,47.7301],[132.3662,47.7356],[132.332,47.7368],[132.2642,47.7291],[132.2505,47.7256],[132.2019,47.7008],[132.1887,47.6959],[132.1614,47.6903],[132.1167,47.6897],[132.0889,47.695],[132.025,47.6981],[131.966,47.6903],[131.957,47.6872],[131.9326,47.6725],[131.9241,47.6692],[131.9137,47.6679],[131.9033,47.6684],[131.8941,47.6702],[131.8647,47.6818],[131.8543,47.6844],[131.8357,47.6848],[131.7988,47.6796],[131.78,47.6793],[131.7026,47.6964],[131.6832,47.6949],[131.6304,47.6671],[131.6215,47.6641],[131.6123,47.6622],[131.603,47.6617],[131.5937,47.6626],[131.5845,47.6649],[131.5772,47.6688],[131.5376,47.7035],[131.5074,47.7218],[131.4746,47.7347],[131.4405,47.7414],[131.4181,47.7429],[131.21,47.7094],[131.1669,47.6974],[131.1289,47.6815],[131.1036,47.6768],[131.0841,47.6754],[131.0439,47.6775],[131.0232,47.6826],[130.9833,47.7003],[130.9653,47.7042],[130.9417,47.7182],[130.9381,47.7513],[130.9421,47.7901],[130.9414,47.8209],[130.9067,47.8845],[130.857,47.928],[130.6821,48.0506],[130.6746,48.0642],[130.6707,48.0869],[130.6645,48.1023],[130.6631,48.1166],[130.6746,48.1362],[130.707,48.1636],[130.7293,48.1782],[130.7461,48.1846],[130.7525,48.1899],[130.7633,48.2255],[130.7686,48.2369],[130.7735,48.2445],[130.819,48.2822],[130.8237,48.2944],[130.8247,48.3181],[130.8218,48.3341],[130.8141,48.3402],[130.8032,48.343],[130.7901,48.3485],[130.7796,48.3567],[130.7734,48.3645],[130.7633,48.3832],[130.7429,48.4119],[130.738,48.43],[130.7461,48.4481],[130.7593,48.4682],[130.7587,48.4859],[130.7441,48.4976],[130.7154,48.4993],[130.6391,48.4775],[130.626,48.4825],[130.6243,48.4886],[130.6155,48.5084],[130.613,48.5198],[130.6145,48.5304],[130.6206,48.5495],[130.6199,48.5607],[130.6074,48.577],[130.5862,48.5837],[130.562,48.5884],[130.5405,48.5986],[130.5296,48.6165],[130.533,48.6361],[130.6275,48.7963],[130.6664,48.8417],[130.6762,48.8577],[130.6741,48.871],[130.6504,48.8767],[130.6248,48.8746],[130.5647,48.8562],[130.5406,48.8537],[130.5112,48.8558],[130.4863,48.864],[130.4758,48.8797],[130.465,48.8916],[130.4395,48.8968],[130.3865,48.8966],[130.3379,48.8856],[130.2932,48.8704],[130.249,48.8648],[130.2016,48.8829],[130.0371,48.9722],[129.9966,49.0026],[129.9741,49.0154],[129.9262,49.0259],[129.9131,49.0398],[129.9114,49.0595],[129.9204,49.0821],[129.8829,49.1],[129.8622,49.1068],[129.8412,49.1094],[129.8451,49.1543],[129.8412,49.1674],[129.8245,49.1744],[129.7756,49.1778],[129.7554,49.1845],[129.7416,49.196],[129.7373,49.2058],[129.7348,49.2391],[129.7109,49.2744],[129.6689,49.2794],[129.6189,49.2745],[129.5715,49.2801],[129.5515,49.2907],[129.5387,49.304],[129.5318,49.3218],[129.53,49.3696],[129.5276,49.3851],[129.5195,49.3973],[129.502,49.4111],[129.4804,49.4215],[129.4546,49.4276],[129.4031,49.4309],[129.3784,49.4253],[129.3712,49.4108],[129.373,49.3701],[129.3617,49.3501],[129.3408,49.3414],[129.3159,49.3443],[129.272,49.3755],[129.2452,49.3862],[129.2177,49.3911],[129.1936,49.39],[129.1709,49.3806],[129.1358,49.3544],[129.115,49.349],[129.0875,49.3524],[129.0667,49.3619],[129.0503,49.377],[129.0144,49.4313],[128.9978,49.4415],[128.9468,49.4498],[128.9018,49.472],[128.8789,49.48],[128.8533,49.4808],[128.8096,49.4689],[128.7864,49.4657],[128.7598,49.4711],[128.7499,49.4848],[128.7538,49.5028],[128.7691,49.5209],[128.7791,49.5253],[128.7901,49.5274],[128.7993,49.5321],[128.8032,49.5445],[128.803,49.5554],[128.8015,49.5654],[128.7966,49.5727],[128.7864,49.5755],[128.7592,49.5781],[128.734,49.5846],[128.6865,49.6035],[128.6715,49.6117],[128.6657,49.6097],[128.6349,49.5784],[128.6284,49.5755],[128.551,49.5887],[128.3832,49.5796],[128.3717,49.5755],[128.3647,49.57],[128.3526,49.5548],[128.3445,49.5482],[128.3201,49.545],[128.2678,49.559],[128.2451,49.5516],[128.2249,49.5421],[128.1982,49.5393],[128.0923,49.5418],[128.0669,49.5469],[128.0465,49.5585],[128.0122,49.5877],[127.9912,49.599],[127.9678,49.6035],[127.9551,49.6033],[127.9475,49.6014],[127.9404,49.5961],[127.9298,49.5855],[127.9204,49.5814],[127.907,49.5805],[127.8545,49.5851],[127.8306,49.5941],[127.8093,49.6074],[127.7896,49.6234],[127.7698,49.6341],[127.7217,49.6489],[127.7032,49.6609],[127.6897,49.6817],[127.6867,49.6992],[127.686,49.7171],[127.6797,49.7394],[127.6441,49.7674],[127.5383,49.7902],[127.5078,49.8226],[127.5064,49.8446],[127.5113,49.8693],[127.5205,49.892],[127.532,49.9079],[127.5337,49.9227],[127.5213,49.9415],[127.4942,49.9735],[127.4863,50.0259],[127.5063,50.0637],[127.5698,50.1304],[127.5803,50.1494],[127.5865,50.1674],[127.5897,50.1866],[127.5903,50.209]]}},{"type":"Feature","properties":{"scalerank":3,"name":"Hailar"},"geometry":{"type":"LineString","coordinates":[[117.8735,49.5135],[117.8679,49.4888],[117.874,49.468],[117.9014,49.4309],[117.9058,49.4287],[117.9121,49.4271],[117.918,49.4251],[117.9205,49.421],[117.9204,49.4099],[117.9215,49.405],[117.9246,49.4005],[117.9555,49.3801],[117.9641,49.3635],[118.0605,49.3075],[118.1006,49.2924],[118.1436,49.2905],[118.1887,49.3081],[118.196,49.3164],[118.1998,49.3253],[118.2057,49.3325],[118.2195,49.3353],[118.2223,49.3386],[118.2276,49.3456],[118.2356,49.3526],[118.2468,49.3558],[118.2532,49.3607],[118.2644,49.39],[118.273,49.3963],[118.3723,49.4477],[118.3976,49.452],[118.4197,49.445],[118.4452,49.4312],[118.4701,49.4209],[118.4903,49.4248],[118.5049,49.4138],[118.5459,49.3997],[118.5654,49.39],[118.5644,49.376],[118.5976,49.3476],[118.6065,49.3322],[118.6043,49.3233],[118.5945,49.3137],[118.5922,49.305],[118.5962,49.2968],[118.6036,49.2918],[118.6072,49.2872],[118.5996,49.2801],[118.6243,49.2746],[118.6342,49.2701],[118.6406,49.2603],[118.6338,49.2607],[118.62,49.2597],[118.6133,49.2603],[118.6216,49.2499],[118.6311,49.2413],[118.637,49.232],[118.6338,49.2193],[118.8157,49.2193],[118.8206,49.2224],[118.8237,49.2292],[118.8281,49.236],[118.836,49.2391],[118.8455,49.2355],[118.8535,49.2286],[118.8613,49.2245],[118.8706,49.2292],[118.8796,49.2355],[118.8889,49.2368],[118.9081,49.2329],[118.9435,49.2203],[118.9497,49.2159],[118.9513,49.2033],[118.9566,49.1961],[118.9658,49.1927],[119.0584,49.1892],[119.0857,49.192],[119.1554,49.2005],[119.1806,49.2102],[119.1924,49.2125],[119.2037,49.2105],[119.2297,49.2012],[119.2433,49.1982],[119.256,49.1978],[119.2686,49.199],[119.2809,49.2017],[119.2916,49.2056],[119.3516,49.2456],[119.3606,49.2569],[119.3681,49.2601],[119.4153,49.2603],[119.4277,49.2653],[119.4567,49.2875],[119.5061,49.2993],[119.5579,49.2992],[119.7542,49.2739],[119.7788,49.276],[119.8234,49.2854],[119.8466,49.2875],[119.8969,49.284],[120.1165,49.2352],[120.1455,49.2329],[120.1584,49.2281],[120.1642,49.2174],[120.1684,49.2056],[120.1755,49.1982],[120.1878,49.1973],[120.1951,49.2023],[120.2011,49.2088],[120.2097,49.2125],[120.2246,49.212],[120.2328,49.2088],[120.2478,49.1951],[120.2597,49.1906],[120.272,49.1922],[120.2841,49.1961],[120.3218,49.2006],[120.3445,49.2076],[120.4262,49.2518],[120.5598,49.2801],[120.6231,49.3073],[120.6386,49.3186],[120.6592,49.329],[120.686,49.3279],[120.7136,49.3231],[120.7373,49.3223],[120.7751,49.3459],[120.7832,49.3496],[120.7954,49.3528],[120.8662,49.3585],[120.8888,49.3646],[120.9433,49.3978],[120.9841,49.4144],[121.0283,49.4256],[121.073,49.4309],[121.083,49.429],[121.0948,49.4251],[121.107,49.4234],[121.1182,49.4278],[121.1439,49.4488],[121.1523,49.452],[121.1757,49.4551],[121.3129,49.504],[121.3372,49.5067],[121.3574,49.5125],[121.3753,49.5263],[121.3922,49.5423],[121.4088,49.555],[121.4766,49.5852],[121.4951,49.5892],[121.5061,49.5929],[121.5323,49.6165],[121.5422,49.621],[121.6244,49.6422],[121.8115,49.645],[121.8246,49.65],[121.8453,49.6663],[121.8689,49.6762],[121.8784,49.678],[121.978,49.6917],[121.998,49.6999],[122.0327,49.7268],[122.059,49.7354],[122.0947,49.7537],[122.1747,49.7842],[122.2871,49.8493]]}},{"type":"Feature","properties":{"scalerank":3,"name":"Argun’"},"geometry":{"type":"LineString","coordinates":[[121.4054,53.3171],[121.3574,53.3243],[121.3406,53.3239],[121.3281,53.3203],[121.2996,53.3028],[121.2532,53.2872],[121.2031,53.277],[121.1515,53.2747],[121.0547,53.2902],[120.874,53.2805],[120.8455,53.2737],[120.8257,53.2622],[120.8301,53.2451],[120.8237,53.2355],[120.7509,53.2072],[120.7138,53.1854],[120.6518,53.1231],[120.6144,53.0974],[120.5274,53.056],[120.45,53.0086],[120.3916,52.9571],[120.3618,52.9396],[120.3538,52.9335],[120.3462,52.9238],[120.3422,52.9157],[120.337,52.9079],[120.3264,52.8994],[120.302,52.8915],[120.2903,52.8856],[120.2855,52.8751],[120.2799,52.8662],[120.267,52.8584],[120.252,52.853],[120.2193,52.8452],[120.177,52.8182],[120.1557,52.8094],[120.0657,52.7835],[120.0327,52.7609],[120.0458,52.7342],[120.0438,52.7237],[120.0513,52.7049],[120.0527,52.6933],[120.0364,52.6684],[120.0322,52.6591],[120.0299,52.6397],[120.0334,52.6256],[120.0422,52.6137],[120.0561,52.6008],[120.0791,52.5902],[120.1127,52.5848],[120.1755,52.5841],[120.1978,52.5894],[120.2417,52.6075],[120.2608,52.6114],[120.3673,52.6175],[120.3892,52.6225],[120.4296,52.6363],[120.4536,52.6393],[120.4636,52.6363],[120.4915,52.6175],[120.5392,52.6039],[120.6084,52.5743],[120.6542,52.5672],[120.707,52.5506],[120.7236,52.5424],[120.7078,52.5184],[120.7046,52.5095],[120.7037,52.4981],[120.7017,52.489],[120.6923,52.4749],[120.6901,52.4704],[120.6901,52.4394],[120.6812,52.4233],[120.6601,52.399],[120.6559,52.3817],[120.6519,52.3727],[120.6428,52.3666],[120.6333,52.3621],[120.628,52.3581],[120.626,52.3471],[120.6289,52.3411],[120.6333,52.3358],[120.6355,52.3264],[120.6546,52.2994],[120.7388,52.2569],[120.7578,52.2377],[120.7568,52.2281],[120.752,52.212],[120.7509,52.2032],[120.7534,52.1948],[120.7664,52.1798],[120.7715,52.1719],[120.7772,52.1652],[120.783,52.1622],[120.7839,52.1583],[120.7751,52.1486],[120.7709,52.1412],[120.7709,52.1328],[120.7739,52.1245],[120.7789,52.1179],[120.7664,52.1087],[120.7526,52.0866],[120.7446,52.0769],[120.7319,52.0705],[120.7178,52.0668],[120.7055,52.0613],[120.6969,52.049],[120.696,52.0347],[120.7009,52.0231],[120.7073,52.0127],[120.7112,52.0018],[120.7105,51.9886],[120.7056,51.9803],[120.6834,51.9596],[120.6617,51.9253],[120.6474,51.9113],[120.6246,51.9056],[120.5785,51.908],[120.566,51.9056],[120.5558,51.8986],[120.5491,51.8907],[120.5409,51.8833],[120.5263,51.8777],[120.5115,51.8764],[120.5019,51.8775],[120.4929,51.8759],[120.4806,51.8671],[120.4758,51.8594],[120.4712,51.8493],[120.4647,51.8405],[120.4536,51.8367],[120.4273,51.8339],[120.408,51.8264],[120.3741,51.8026],[120.319,51.7762],[120.1812,51.6832],[120.1653,51.6688],[120.1536,51.6643],[120.122,51.6674],[120.1079,51.6654],[120.1002,51.6602],[120.0855,51.6446],[120.0647,51.6152],[120.0564,51.5967],[120.0532,51.5773],[120.0527,51.5524],[120.0419,51.5388],[119.992,51.5035],[119.9771,51.4873],[119.9739,51.4644],[119.9802,51.4531],[119.9824,51.4425],[119.9669,51.4221],[119.9599,51.4125],[119.9566,51.4049],[119.9526,51.398],[119.9428,51.3911],[119.895,51.3842],[119.8998,51.3705],[119.9124,51.3499],[119.9155,51.331],[119.8916,51.3228],[119.8829,51.3183],[119.8604,51.2893],[119.8504,51.2845],[119.8285,51.28],[119.8193,51.275],[119.8159,51.2693],[119.8057,51.2442],[119.8091,51.2329],[119.8145,51.223],[119.8147,51.2161],[119.8023,51.2136],[119.772,51.2188],[119.762,51.2154],[119.7578,51.1993],[119.7852,51.1719],[119.7725,51.163],[119.7668,51.16],[119.7578,51.1583],[119.7651,51.1427],[119.7615,51.1285],[119.7544,51.1146],[119.7505,51.1003],[119.748,51.0837],[119.7407,51.0718],[119.7281,51.0648],[119.71,51.0627],[119.71,51.0389],[119.6829,51.0163],[119.6039,50.9785],[119.5937,50.9698],[119.5728,50.9461],[119.5176,50.9051],[119.5298,50.8873],[119.5278,50.867],[119.5156,50.8484],[119.4971,50.8362],[119.5138,50.8136],[119.5147,50.7923],[119.5045,50.7508],[119.4965,50.7373],[119.457,50.6966],[119.4425,50.6853],[119.4176,50.6766],[119.4037,50.6735],[119.3914,50.6723],[119.3828,50.6669],[119.3735,50.643],[119.364,50.6375],[119.3486,50.635],[119.3408,50.6284],[119.3351,50.6195],[119.3259,50.6102],[119.3136,50.6048],[119.3028,50.603],[119.2932,50.5994],[119.2848,50.5892],[119.2862,50.5779],[119.2644,50.5203],[119.2603,50.5143],[119.254,50.5098],[119.2506,50.5048],[119.2542,50.4973],[119.2589,50.4935],[119.2621,50.4922],[119.2639,50.4898],[119.2644,50.483],[119.2609,50.4795],[119.2433,50.4457],[119.2158,50.4252],[119.2065,50.4154],[119.1983,50.4134],[119.1675,50.4144],[119.1546,50.4116],[119.1464,50.4045],[119.1372,50.3928],[119.1332,50.3818],[119.1409,50.3769],[119.1716,50.3759],[119.1802,50.3701],[119.1749,50.3564],[119.1878,50.355],[119.2134,50.3568],[119.2234,50.3564],[119.2329,50.353],[119.2461,50.3444],[119.2505,50.3427],[119.3141,50.352],[119.3333,50.3502],[119.3526,50.3458],[119.3564,50.341],[119.3635,50.3198],[119.3653,50.3111],[119.3621,50.3044],[119.3501,50.3018],[119.3383,50.2943],[119.3335,50.2764],[119.3314,50.2176],[119.334,50.2114],[119.3433,50.2025],[119.3469,50.1954],[119.3481,50.1849],[119.3437,50.1427],[119.3375,50.1244],[119.3283,50.1082],[119.3159,50.0929],[119.301,50.08],[119.2507,50.0485],[119.223,50.0252],[119.2083,50.0154],[119.1894,50.0075],[119.0913,49.9869],[118.9902,49.9796],[118.9623,49.9823],[118.9475,49.9855],[118.9355,49.9899],[118.9236,49.9919],[118.9126,49.988],[118.9023,49.9824],[118.8911,49.9796],[118.7914,49.9666],[118.7412,49.9534],[118.7125,49.9497],[118.6703,49.9623],[118.6441,49.9549],[118.5996,49.9312],[118.5703,49.921],[118.5543,49.91],[118.5209,49.8942],[118.4977,49.877],[118.4903,49.8697],[118.4861,49.8609],[118.4807,49.8427],[118.4767,49.8362],[118.4556,49.8289],[118.3936,49.8203],[118.3805,49.8117],[118.3727,49.7866],[118.3533,49.7767],[118.3285,49.7733],[118.3048,49.7674],[118.2415,49.7294],[118.2291,49.7294],[118.2231,49.7123],[118.2078,49.6957],[118.1881,49.6815],[118.1682,49.6717],[118.106,49.652],[118.0889,49.6404],[118.0709,49.6254],[118.0546,49.6143],[118.0168,49.596],[117.9304,49.5677],[117.8936,49.5469],[117.8735,49.5135]]}},{"type":"Feature","properties":{"scalerank":3,"name":"Heilong Jiang"},"geometry":{"type":"LineString","coordinates":[[127.5903,50.209],[127.5781,50.2208],[127.4044,50.2762],[127.3543,50.2989],[127.3302,50.3284],[127.3316,50.3404],[127.3373,50.353],[127.3455,50.3647],[127.3545,50.3738],[127.3584,50.3816],[127.3593,50.3931],[127.3582,50.4154],[127.3489,50.4265],[127.3043,50.4517],[127.2887,50.4663],[127.3024,50.4779],[127.31,50.4886],[127.3234,50.514],[127.3334,50.5253],[127.3565,50.5449],[127.3644,50.555],[127.3667,50.5781],[127.3584,50.6053],[127.3434,50.628],[127.3268,50.6375],[127.2945,50.6667],[127.2887,50.6754],[127.2868,50.6822],[127.2834,50.6885],[127.2822,50.6951],[127.2857,50.7027],[127.2896,50.7086],[127.293,50.7156],[127.2953,50.7231],[127.2962,50.7303],[127.2871,50.7513],[127.2659,50.7644],[127.2408,50.775],[127.2203,50.7884],[127.144,50.9038],[127.1104,50.9317],[127.0468,50.9675],[127.032,50.9727],[126.9809,51.0279],[126.946,51.0487],[126.9316,51.064],[126.9255,51.0863],[126.9228,51.1082],[126.9093,51.1463],[126.905,51.1645],[126.9036,51.1936],[126.9048,51.2084],[126.9087,51.222],[126.9159,51.233],[126.9467,51.2584],[126.9677,51.2818],[126.9776,51.2968],[126.9809,51.3091],[126.9718,51.3243],[126.9543,51.3299],[126.9342,51.329],[126.917,51.325],[126.9081,51.3215],[126.899,51.3168],[126.891,51.3107],[126.8849,51.3032],[126.8845,51.2959],[126.8888,51.2896],[126.8926,51.2823],[126.8904,51.2718],[126.8696,51.252],[126.8455,51.2517],[126.8234,51.2659],[126.8087,51.2894],[126.8068,51.3084],[126.8137,51.3252],[126.8268,51.3392],[126.843,51.3496],[126.8604,51.3542],[126.8799,51.3565],[126.8972,51.3623],[126.9087,51.3773],[126.9091,51.3914],[126.9018,51.4012],[126.8897,51.4073],[126.8766,51.4102],[126.8257,51.4123],[126.8001,51.4193],[126.789,51.4361],[126.7924,51.4593],[126.8013,51.4775],[126.8301,51.5084],[126.8071,51.5345],[126.7753,51.546],[126.7002,51.563],[126.6765,51.5769],[126.6748,51.5887],[126.7036,51.6139],[126.7234,51.6362],[126.7241,51.6498],[126.7154,51.6634],[126.7071,51.6859],[126.7105,51.6863],[126.7175,51.6912],[126.7245,51.6978],[126.7276,51.7033],[126.7254,51.7091],[126.7154,51.7178],[126.7134,51.7235],[126.6621,51.7337],[126.6476,51.7415],[126.4458,51.9829],[126.439,51.9981],[126.447,52.0191],[126.4667,52.0319],[126.4913,52.0391],[126.5141,52.0428],[126.5141,52.049],[126.5195,52.0616],[126.551,52.1132],[126.5557,52.1309],[126.5309,52.1529],[126.4937,52.1615],[126.4531,52.1659],[126.3504,52.192],[126.3325,52.1936],[126.3164,52.2],[126.3091,52.2141],[126.3117,52.2282],[126.3918,52.2646],[126.439,52.2756],[126.4207,52.2875],[126.3442,52.3029],[126.3154,52.3165],[126.344,52.3579],[126.3505,52.3772],[126.3433,52.3917],[126.3124,52.4177],[126.2959,52.4355],[126.2888,52.4503],[126.2758,52.4636],[126.2466,52.4661],[126.2164,52.465],[126.2,52.4674],[126.2005,52.4868],[126.2101,52.5117],[126.2119,52.5333],[126.1701,52.5479],[126.0823,52.5936],[126.0685,52.5956],[126.0623,52.5875],[126.0588,52.5758],[126.0504,52.5715],[126.0392,52.5699],[126.0278,52.5667],[126.0089,52.5687],[125.9907,52.5867],[125.9771,52.611],[125.9727,52.6319],[125.9825,52.6534],[126.0024,52.6657],[126.0273,52.6715],[126.0523,52.6728],[126.0685,52.6802],[126.0615,52.697],[126.0349,52.7274],[126.0486,52.7374],[126.0657,52.7445],[126.1038,52.7547],[126.0878,52.7757],[126.0664,52.7835],[126.0175,52.7827],[126.0071,52.7789],[125.985,52.7648],[125.9766,52.7652],[125.8672,52.8496],[125.8608,52.8563],[125.8566,52.8646],[125.8572,52.8747],[125.8614,52.8817],[125.8635,52.8889],[125.8566,52.8994],[125.837,52.9069],[125.7363,52.8961],[125.6913,52.8815],[125.6684,52.8782],[125.6463,52.8851],[125.6469,52.9012],[125.6607,52.9196],[125.6786,52.9335],[125.6882,52.9367],[125.7107,52.9415],[125.7197,52.9466],[125.7241,52.9531],[125.7332,52.9819],[125.6782,53.0059],[125.6499,53.0236],[125.6377,53.0465],[125.621,53.0624],[125.5838,53.0592],[125.521,53.0427],[125.4993,53.0508],[125.4762,53.0838],[125.4561,53.0911],[125.4277,53.095],[125.127,53.2069],[125.0734,53.2125],[125.0191,53.211],[124.919,53.1942],[124.8975,53.1858],[124.88,53.1728],[124.8788,53.1541],[124.8915,53.1345],[124.8959,53.1179],[124.8699,53.1082],[124.8477,53.114],[124.8218,53.1475],[124.801,53.1554],[124.747,53.148],[124.7197,53.1491],[124.698,53.1629],[124.6953,53.17],[124.6965,53.1766],[124.696,53.184],[124.688,53.1939],[124.6784,53.1996],[124.6514,53.2091],[124.6399,53.2106],[124.5278,53.2106],[124.5003,53.2139],[124.4536,53.2285],[124.408,53.2359],[124.3834,53.2464],[124.3596,53.2597],[124.3422,53.2727],[124.3255,53.3062],[124.321,53.31],[124.3045,53.3293],[124.2932,53.3516],[124.2751,53.3649],[124.2526,53.3758],[124.2324,53.3819],[124.2085,53.3829],[124.1821,53.3788],[124.1575,53.3703],[124.1399,53.3581],[124.1216,53.353],[124.1001,53.3636],[124.0685,53.3899],[124.0554,53.3952],[124.0297,53.4003],[124.0171,53.4073],[124.0098,53.415],[123.9894,53.4417],[123.9703,53.4554],[123.8764,53.489],[123.8499,53.4953],[123.7319,53.504],[123.7014,53.5103],[123.6774,53.5203],[123.6392,53.5516],[123.614,53.5637],[123.5916,53.5581],[123.5606,53.5245],[123.5416,53.5144],[123.5191,53.5203],[123.5323,53.5328],[123.5392,53.5374],[123.5471,53.5408],[123.5351,53.555],[123.5142,53.5627],[123.4946,53.5604],[123.4858,53.5442],[123.485,53.5263],[123.4813,53.5183],[123.4712,53.5192],[123.4314,53.5361],[123.4197,53.5388],[123.3799,53.5431],[123.3676,53.5461],[123.3399,53.5617],[123.3093,53.5677],[123.2772,53.5698],[123.2524,53.5681],[123.2344,53.5606],[123.2031,53.5386],[123.1797,53.5307],[123.164,53.5166],[123.1533,53.5135],[123.0022,53.5076],[122.8593,53.4742],[122.4709,53.465],[122.4249,53.4527],[122.4014,53.4512],[122.3794,53.4619],[122.3576,53.4798],[122.3374,53.4916],[122.3167,53.4963],[122.2934,53.493],[122.2255,53.4742],[122.1685,53.4693],[122.1476,53.4614],[122.1078,53.4383],[122.0814,53.4298],[121.8887,53.4309],[121.6407,53.3852],[121.5118,53.3301],[121.4585,53.3207],[121.4054,53.3171]]}},{"type":"Feature","properties":{"scalerank":3,"name":"Huang"},"geometry":{"type":"LineString","coordinates":[[114.8376,35.0198],[114.8473,35.038],[114.8468,35.0815],[114.8648,35.1205],[114.8599,35.1404],[114.8516,35.1595],[114.8513,35.178],[114.864,35.1886],[114.9132,35.2081],[114.9302,35.2116],[114.9414,35.2188],[114.9816,35.2669],[115.002,35.2847],[115.0089,35.2941],[115.0215,35.3248],[115.026,35.3323],[115.0537,35.3668],[115.068,35.38],[115.0916,35.3903],[115.1218,35.3939],[115.1318,35.3978],[115.1397,35.4046],[115.1445,35.411],[115.1505,35.4158],[115.1626,35.4177],[115.2056,35.4146],[115.2263,35.4161],[115.2485,35.4245],[115.266,35.4361],[115.3068,35.4757],[115.3167,35.4794],[115.3292,35.481],[115.34,35.4851],[115.3447,35.4962],[115.3424,35.5055],[115.3323,35.5233],[115.3305,35.5344],[115.3413,35.5554],[115.3833,35.5574],[115.3926,35.5722],[115.3926,35.597],[115.3948,35.6157],[115.4028,35.6305],[115.4204,35.6436],[115.4673,35.6634],[115.4918,35.6781],[115.5025,35.6954],[115.502,35.7165],[115.5039,35.7227],[115.5366,35.7193],[115.5762,35.7222],[115.6177,35.7311],[115.6547,35.7463],[115.6806,35.7678],[115.7297,35.8304],[115.7612,35.8491],[115.8507,35.859],[115.8735,35.8655],[115.8859,35.8776],[115.8837,35.8875],[115.874,35.895],[115.8634,35.9005],[115.858,35.9042],[115.8579,35.9163],[115.8632,35.9249],[115.9199,35.9677],[115.9438,35.9797],[115.9543,35.9766],[115.9654,35.9858],[115.9907,35.9808],[116.0333,35.9657],[116.039,35.9762],[116.0641,36.0408],[116.0783,36.0513],[116.0869,36.0591],[116.0914,36.0681],[116.0899,36.0785],[116.0803,36.0985],[116.0777,36.1097],[116.0875,36.1123],[116.1103,36.1137],[116.1193,36.1165],[116.1285,36.125],[116.1328,36.1345],[116.1355,36.1435],[116.1397,36.1507],[116.1988,36.1726],[116.2696,36.2401],[116.3119,36.2933],[116.3279,36.3015],[116.3472,36.3037],[116.3881,36.3131],[116.4102,36.3152],[116.4168,36.3185],[116.4543,36.3455],[116.4771,36.3559],[116.5309,36.3977],[116.5664,36.4101],[116.575,36.4148],[116.586,36.4276],[116.5976,36.4476],[116.5986,36.4674],[116.5786,36.4796],[116.5913,36.4866],[116.6017,36.495],[116.6056,36.5044],[116.5986,36.5144],[116.6064,36.5244],[116.6333,36.5479],[116.6511,36.5776],[116.6568,36.5827],[116.6731,36.5887],[116.7363,36.6243],[116.7495,36.643],[116.7681,36.6849],[116.7808,36.7027],[116.796,36.7127],[116.8587,36.7403],[116.8811,36.7427],[116.9378,36.7335],[116.9438,36.7305],[116.9526,36.7246],[116.9626,36.7205],[116.9722,36.7233],[116.9767,36.7259],[116.9816,36.7269],[116.9924,36.7267],[116.9996,36.7294],[117.0039,36.7358],[117.0069,36.7427],[117.0099,36.7471],[117.0703,36.7833],[117.0889,36.7888],[117.1057,36.7963],[117.1168,36.8137],[117.1335,36.8496],[117.1636,36.88],[117.1762,36.899],[117.1814,36.9222],[117.1895,36.9342],[117.2263,36.961],[117.2359,36.9805],[117.2344,36.9918],[117.2297,37.0003],[117.2266,37.0091],[117.2297,37.0215],[117.2378,37.031],[117.2571,37.0383],[117.2849,37.0594],[117.3023,37.0629],[117.3458,37.0625],[117.3881,37.0732],[117.5523,37.1492],[117.5708,37.1641],[117.5786,37.182],[117.5842,37.2003],[117.5976,37.2224],[117.6134,37.2423],[117.627,37.2543],[117.6482,37.2601],[117.6685,37.257],[117.6891,37.2508],[117.7123,37.2474],[117.7605,37.2474],[117.7717,37.2499],[117.8052,37.2679],[117.8274,37.2721],[117.8471,37.2694],[117.8671,37.2644],[117.8906,37.2617],[117.9082,37.2679],[117.9622,37.3095],[117.9832,37.3168],[118.0298,37.3273],[118.0654,37.3521],[118.087,37.3561],[118.1335,37.3573],[118.1822,37.3665],[118.207,37.3753],[118.226,37.3877],[118.2294,37.3963],[118.223,37.4287],[118.2255,37.4388],[118.2315,37.4502],[118.2433,37.4666],[118.2566,37.4781],[118.2817,37.4951],[118.2913,37.5081],[118.2954,37.5244],[118.2993,37.5606],[118.3048,37.5764],[118.3289,37.5964],[118.3652,37.6069],[118.5191,37.6157],[118.5542,37.6265],[118.5859,37.6446],[118.6729,37.7187],[118.6816,37.7335],[118.7101,37.7498],[118.7226,37.7545],[118.7587,37.7603],[118.7866,37.7747],[118.8604,37.7962],[118.8971,37.8243],[118.917,37.8306],[118.9389,37.8194],[118.9546,37.8088],[118.978,37.7998],[119.0034,37.7963],[119.0332,37.8026]]}},{"type":"Feature","properties":{"scalerank":3,"name":"Huang"},"geometry":{"type":"LineString","coordinates":[[110.2699,34.6373],[110.2979,34.6212],[110.3351,34.6157],[110.3677,34.6175],[110.3767,34.6157],[110.3872,34.6082],[110.3933,34.5997],[110.3997,34.5925],[110.4108,34.5891],[110.4221,34.5906],[110.4265,34.5959],[110.4299,34.6027],[110.4376,34.6089],[110.4487,34.6129],[110.4591,34.6149],[110.4829,34.6157],[110.4916,34.6131],[110.5007,34.607],[110.517,34.5925],[110.5303,34.5836],[110.5396,34.5843],[110.5488,34.5899],[110.5617,34.5959],[110.5845,34.6009],[110.6474,34.6021],[110.7084,34.6209],[110.7188,34.6263],[110.7258,34.6424],[110.7432,34.6542],[110.7656,34.6612],[110.8835,34.666],[110.9229,34.6857],[110.9106,34.7324],[110.9331,34.7352],[110.9732,34.7168],[110.9898,34.7219],[111.0073,34.7375],[111.0255,34.7474],[111.1093,34.7686],[111.1243,34.7786],[111.1384,34.8192],[111.1576,34.8221],[111.1984,34.8081],[111.2153,34.8001],[111.2227,34.7985],[111.2326,34.8007],[111.2376,34.8065],[111.2407,34.8157],[111.2456,34.8242],[111.2566,34.828],[111.269,34.8245],[111.2765,34.8184],[111.2847,34.8164],[111.3074,34.8316],[111.3189,34.8371],[111.3311,34.8408],[111.3425,34.8423],[111.3528,34.8394],[111.3731,34.8258],[111.3835,34.8218],[111.394,34.8232],[111.4214,34.8355],[111.4446,34.8375],[111.5574,34.8633],[111.569,34.869],[111.5723,34.874],[111.5783,34.8903],[111.5821,34.8969],[111.5867,34.9005],[111.5972,34.905],[111.6033,34.9099],[111.6106,34.9212],[111.622,34.9471],[111.6305,34.9583],[111.6414,34.9644],[111.668,34.9725],[111.6783,34.9788],[111.6703,34.9974],[111.6827,35.0078],[111.704,35.0125],[111.7231,35.0135],[111.7407,35.0189],[111.7633,35.0423],[111.7783,35.0477],[111.7962,35.0517],[111.8076,35.0613],[111.8169,35.0728],[111.8291,35.0825],[111.8458,35.087],[111.8818,35.0893],[111.8975,35.0961],[111.9153,35.0899],[111.9574,35.0941],[111.9762,35.0856],[111.9917,35.0738],[112.0347,35.0477],[112.0581,35.0334],[112.1256,35.024],[112.1514,35.0135],[112.1616,35.0003],[112.179,34.9708],[112.1891,34.9652],[112.2022,34.963],[112.218,34.9577],[112.2324,34.951],[112.2407,34.9447],[112.2561,34.958],[112.2651,34.9634],[112.2748,34.9652],[112.2815,34.9615],[112.2847,34.9545],[112.289,34.9478],[112.2991,34.9447],[112.3245,34.9414],[112.3611,34.9247],[112.384,34.9173],[112.4667,34.9103],[112.4802,34.9068],[112.4909,34.898],[112.7341,34.8081],[112.7792,34.7979],[112.8233,34.8006],[112.9124,34.8218],[113.0474,34.8317],[113.0898,34.8423],[113.1304,34.8602],[113.1511,34.8665],[113.1758,34.869],[113.1975,34.8763],[113.2101,34.8939],[113.227,34.9317],[113.2488,34.9486],[113.2708,34.9514],[113.2925,34.9519],[113.3293,34.9688],[113.3536,34.9724],[113.4976,34.9652],[113.5087,34.9687],[113.5213,34.9753],[113.5341,34.9795],[113.5457,34.9757],[113.59,34.9447],[113.6656,34.9075],[113.7057,34.8953],[113.7482,34.8907],[113.759,34.8917],[113.7799,34.8962],[113.7892,34.8969],[113.8008,34.8944],[113.8269,34.8832],[113.8369,34.8821],[113.8565,34.8775],[113.8678,34.8764],[113.8772,34.8782],[113.895,34.8872],[113.9059,34.8907],[113.9188,34.8916],[113.9309,34.8911],[113.9424,34.892],[113.9539,34.8969],[113.9631,34.9073],[113.9708,34.9305],[113.9776,34.9413],[113.9978,34.9491],[114.0224,34.9453],[114.0624,34.9317],[114.0851,34.9308],[114.1553,34.9379],[114.1795,34.936],[114.3032,34.8985],[114.3237,34.8969],[114.3438,34.9013],[114.3789,34.9185],[114.3994,34.9242],[114.4216,34.9247],[114.4937,34.9061],[114.5014,34.9031],[114.5093,34.9019],[114.5224,34.9037],[114.5318,34.9067],[114.5464,34.9143],[114.5564,34.9173],[114.5774,34.9177],[114.6095,34.9027],[114.6316,34.8969],[114.646,34.8975],[114.6544,34.9017],[114.6598,34.9066],[114.6656,34.9099],[114.6764,34.9107],[114.6988,34.9092],[114.7073,34.9099],[114.73,34.9209],[114.7451,34.9363],[114.7689,34.9726],[114.7817,34.9859],[114.8307,35.0198]]}}]}